id,smarts,sources,hash
EVODEX.2-Dm371,[#6]-[#6](=[#8])-[#7:5](-[#6@@:6])-[#1]>>[#7:5](-[#6@@:6])(-[#1])-[#1],"EVODEX.2-P1713,EVODEX.2-P1865,EVODEX.2-P1866,EVODEX.2-P3431,EVODEX.2-P3544,EVODEX.2-P3563,EVODEX.2-P3997,EVODEX.2-P4000,EVODEX.2-P4001,EVODEX.2-P4002,EVODEX.2-P4008,EVODEX.2-P4010,EVODEX.2-P4011,EVODEX.2-P4012,EVODEX.2-P4018,EVODEX.2-P4021,EVODEX.2-P4022,EVODEX.2-P4027,EVODEX.2-P4031,EVODEX.2-P4033,EVODEX.2-P4034,EVODEX.2-P4039,EVODEX.2-P4043,EVODEX.2-P4044,EVODEX.2-P4045,EVODEX.2-P4048,EVODEX.2-P4049,EVODEX.2-P4050,EVODEX.2-P4051,EVODEX.2-P4052,EVODEX.2-P4053,EVODEX.2-P4054,EVODEX.2-P4056,EVODEX.2-P4057,EVODEX.2-P4061,EVODEX.2-P4062,EVODEX.2-P4064,EVODEX.2-P4065,EVODEX.2-P4066,EVODEX.2-P4084,EVODEX.2-P4089,EVODEX.2-P4090,EVODEX.2-P4093,EVODEX.2-P4094,EVODEX.2-P4097,EVODEX.2-P4100,EVODEX.2-P4101,EVODEX.2-P4102,EVODEX.2-P4103,EVODEX.2-P4104,EVODEX.2-P4105,EVODEX.2-P4120,EVODEX.2-P4123,EVODEX.2-P4124,EVODEX.2-P4126,EVODEX.2-P4130,EVODEX.2-P4139,EVODEX.2-P4140,EVODEX.2-P4154,EVODEX.2-P4155,EVODEX.2-P4161,EVODEX.2-P4163,EVODEX.2-P4165,EVODEX.2-P4166,EVODEX.2-P4169,EVODEX.2-P4189,EVODEX.2-P4192,EVODEX.2-P4195,EVODEX.2-P4197,EVODEX.2-P4201,EVODEX.2-P4204,EVODEX.2-P4205,EVODEX.2-P4209,EVODEX.2-P4211,EVODEX.2-P4225,EVODEX.2-P4272,EVODEX.2-P4281,EVODEX.2-P4283,EVODEX.2-P4285,EVODEX.2-P4286,EVODEX.2-P4287,EVODEX.2-P4292,EVODEX.2-P4296,EVODEX.2-P4302,EVODEX.2-P4304,EVODEX.2-P4305,EVODEX.2-P4309,EVODEX.2-P4310,EVODEX.2-P4311,EVODEX.2-P4314,EVODEX.2-P4318,EVODEX.2-P4321,EVODEX.2-P4322,EVODEX.2-P4343,EVODEX.2-P4356,EVODEX.2-P4366,EVODEX.2-P4367,EVODEX.2-P4373,EVODEX.2-P4380,EVODEX.2-P4384,EVODEX.2-P4385,EVODEX.2-P4398,EVODEX.2-P4399,EVODEX.2-P4400,EVODEX.2-P4403,EVODEX.2-P4404,EVODEX.2-P4407,EVODEX.2-P4410,EVODEX.2-P4411,EVODEX.2-P4413,EVODEX.2-P4414,EVODEX.2-P4419,EVODEX.2-P4420,EVODEX.2-P4421,EVODEX.2-P4424,EVODEX.2-P4428,EVODEX.2-P4430,EVODEX.2-P4431,EVODEX.2-P4432,EVODEX.2-P4434,EVODEX.2-P4437,EVODEX.2-P4491,EVODEX.2-P4492,EVODEX.2-P4493,EVODEX.2-P4494,EVODEX.2-P4495,EVODEX.2-P4519,EVODEX.2-P4520,EVODEX.2-P4526,EVODEX.2-P4531,EVODEX.2-P4582,EVODEX.2-P4585,EVODEX.2-P4586,EVODEX.2-P4587,EVODEX.2-P4588,EVODEX.2-P4589,EVODEX.2-P4590,EVODEX.2-P4591,EVODEX.2-P4623,EVODEX.2-P4660,EVODEX.2-P4661,EVODEX.2-P4682,EVODEX.2-P4705,EVODEX.2-P4706,EVODEX.2-P4708,EVODEX.2-P4709,EVODEX.2-P4710,EVODEX.2-P4778,EVODEX.2-P4782,EVODEX.2-P4783,EVODEX.2-P4791,EVODEX.2-P4792,EVODEX.2-P4797,EVODEX.2-P4803,EVODEX.2-P4805,EVODEX.2-P4822,EVODEX.2-P4825,EVODEX.2-P4863,EVODEX.2-P4864,EVODEX.2-P4866,EVODEX.2-P4867,EVODEX.2-P4869,EVODEX.2-P4881,EVODEX.2-P4896,EVODEX.2-P4897,EVODEX.2-P4898,EVODEX.2-P4899,EVODEX.2-P4900,EVODEX.2-P4936,EVODEX.2-P4937,EVODEX.2-P4938,EVODEX.2-P4945,EVODEX.2-P4946,EVODEX.2-P4963,EVODEX.2-P4966,EVODEX.2-P4969,EVODEX.2-P4974,EVODEX.2-P5008,EVODEX.2-P5009,EVODEX.2-P5010,EVODEX.2-P5011,EVODEX.2-P5012,EVODEX.2-P5049,EVODEX.2-P5050,EVODEX.2-P5051,EVODEX.2-P5052,EVODEX.2-P5053,EVODEX.2-P5054,EVODEX.2-P5055,EVODEX.2-P5056,EVODEX.2-P5057,EVODEX.2-P5058,EVODEX.2-P5059,EVODEX.2-P5063,EVODEX.2-P5072,EVODEX.2-P5073,EVODEX.2-P5074,EVODEX.2-P5075,EVODEX.2-P5089,EVODEX.2-P5090,EVODEX.2-P5099,EVODEX.2-P5100,EVODEX.2-P5101,EVODEX.2-P5102,EVODEX.2-P5103,EVODEX.2-P5104,EVODEX.2-P5110,EVODEX.2-P5111,EVODEX.2-P5112,EVODEX.2-P5113,EVODEX.2-P5114,EVODEX.2-P5117,EVODEX.2-P5118,EVODEX.2-P5119,EVODEX.2-P5120,EVODEX.2-P5121,EVODEX.2-P5122,EVODEX.2-P5123,EVODEX.2-P5124,EVODEX.2-P5125,EVODEX.2-P5126,EVODEX.2-P5147,EVODEX.2-P5148,EVODEX.2-P5149,EVODEX.2-P5150,EVODEX.2-P5151,EVODEX.2-P5152,EVODEX.2-P5153,EVODEX.2-P5154,EVODEX.2-P5155,EVODEX.2-P5157,EVODEX.2-P5158,EVODEX.2-P5159,EVODEX.2-P5205,EVODEX.2-P5209,EVODEX.2-P5221,EVODEX.2-P5224,EVODEX.2-P5230,EVODEX.2-P5271,EVODEX.2-P5272,EVODEX.2-P5275,EVODEX.2-P5278,EVODEX.2-P5283,EVODEX.2-P5288,EVODEX.2-P5291,EVODEX.2-P5293,EVODEX.2-P5298,EVODEX.2-P5299,EVODEX.2-P5308,EVODEX.2-P5310,EVODEX.2-P5316,EVODEX.2-P5330,EVODEX.2-P5344,EVODEX.2-P5374,EVODEX.2-P5419,EVODEX.2-P5421,EVODEX.2-P5422,EVODEX.2-P5426,EVODEX.2-P5475,EVODEX.2-P5476,EVODEX.2-P5480,EVODEX.2-P5536,EVODEX.2-P5537,EVODEX.2-P5538,EVODEX.2-P5539,EVODEX.2-P5540,EVODEX.2-P5551,EVODEX.2-P5980,EVODEX.2-P5982,EVODEX.2-P6946",112964657775986726577325843846435053441253355507887323218030258603058816686035
EVODEX.2-Dm350,[#7](-[#6@])(-[#6:65](=[#8:66])-[#6:67])-[#1]>>[#6:65](=[#8:66])(-[#6:67])-[#8]-[#1],"EVODEX.2-P1604,EVODEX.2-P3432,EVODEX.2-P3564,EVODEX.2-P3621,EVODEX.2-P3999,EVODEX.2-P4003,EVODEX.2-P4005,EVODEX.2-P4009,EVODEX.2-P4016,EVODEX.2-P4025,EVODEX.2-P4026,EVODEX.2-P4035,EVODEX.2-P4042,EVODEX.2-P4055,EVODEX.2-P4058,EVODEX.2-P4059,EVODEX.2-P4071,EVODEX.2-P4096,EVODEX.2-P4107,EVODEX.2-P4141,EVODEX.2-P4142,EVODEX.2-P4143,EVODEX.2-P4145,EVODEX.2-P4148,EVODEX.2-P4149,EVODEX.2-P4153,EVODEX.2-P4159,EVODEX.2-P4187,EVODEX.2-P4193,EVODEX.2-P4198,EVODEX.2-P4200,EVODEX.2-P4207,EVODEX.2-P4208,EVODEX.2-P4226,EVODEX.2-P4232,EVODEX.2-P4233,EVODEX.2-P4235,EVODEX.2-P4236,EVODEX.2-P4246,EVODEX.2-P4265,EVODEX.2-P4270,EVODEX.2-P4273,EVODEX.2-P4276,EVODEX.2-P4278,EVODEX.2-P4279,EVODEX.2-P4280,EVODEX.2-P4288,EVODEX.2-P4289,EVODEX.2-P4291,EVODEX.2-P4294,EVODEX.2-P4300,EVODEX.2-P4306,EVODEX.2-P4307,EVODEX.2-P4312,EVODEX.2-P4316,EVODEX.2-P4319,EVODEX.2-P4326,EVODEX.2-P4327,EVODEX.2-P4328,EVODEX.2-P4331,EVODEX.2-P4332,EVODEX.2-P4348,EVODEX.2-P4349,EVODEX.2-P4351,EVODEX.2-P4352,EVODEX.2-P4354,EVODEX.2-P4357,EVODEX.2-P4358,EVODEX.2-P4359,EVODEX.2-P4361,EVODEX.2-P4362,EVODEX.2-P4363,EVODEX.2-P4368,EVODEX.2-P4370,EVODEX.2-P4371,EVODEX.2-P4372,EVODEX.2-P4375,EVODEX.2-P4379,EVODEX.2-P4382,EVODEX.2-P4386,EVODEX.2-P4387,EVODEX.2-P4389,EVODEX.2-P4394,EVODEX.2-P4396,EVODEX.2-P4406,EVODEX.2-P4409,EVODEX.2-P4422,EVODEX.2-P4423,EVODEX.2-P4426,EVODEX.2-P4433,EVODEX.2-P4436,EVODEX.2-P4486,EVODEX.2-P4488,EVODEX.2-P4489,EVODEX.2-P4498,EVODEX.2-P4501,EVODEX.2-P4502,EVODEX.2-P4503,EVODEX.2-P4504,EVODEX.2-P4509,EVODEX.2-P4547,EVODEX.2-P4548,EVODEX.2-P4549,EVODEX.2-P4551,EVODEX.2-P4555,EVODEX.2-P4557,EVODEX.2-P4580,EVODEX.2-P4613,EVODEX.2-P4617,EVODEX.2-P4624,EVODEX.2-P4643,EVODEX.2-P4645,EVODEX.2-P4646,EVODEX.2-P4651,EVODEX.2-P4653,EVODEX.2-P4683,EVODEX.2-P4685,EVODEX.2-P4686,EVODEX.2-P4687,EVODEX.2-P4692,EVODEX.2-P4729,EVODEX.2-P4779,EVODEX.2-P4785,EVODEX.2-P4793,EVODEX.2-P4796,EVODEX.2-P4798,EVODEX.2-P4799,EVODEX.2-P4806,EVODEX.2-P4816,EVODEX.2-P4821,EVODEX.2-P4824,EVODEX.2-P4828,EVODEX.2-P4830,EVODEX.2-P4832,EVODEX.2-P4834,EVODEX.2-P4836,EVODEX.2-P4859,EVODEX.2-P4860,EVODEX.2-P4862,EVODEX.2-P4871,EVODEX.2-P4873,EVODEX.2-P4887,EVODEX.2-P4890,EVODEX.2-P4891,EVODEX.2-P4893,EVODEX.2-P4894,EVODEX.2-P4905,EVODEX.2-P4915,EVODEX.2-P4922,EVODEX.2-P4933,EVODEX.2-P4934,EVODEX.2-P4935,EVODEX.2-P4940,EVODEX.2-P4944,EVODEX.2-P4949,EVODEX.2-P4950,EVODEX.2-P4951,EVODEX.2-P4954,EVODEX.2-P4955,EVODEX.2-P4981,EVODEX.2-P4982,EVODEX.2-P4984,EVODEX.2-P4985,EVODEX.2-P5005,EVODEX.2-P5022,EVODEX.2-P5024,EVODEX.2-P5028,EVODEX.2-P5031,EVODEX.2-P5032,EVODEX.2-P5035,EVODEX.2-P5036,EVODEX.2-P5060,EVODEX.2-P5062,EVODEX.2-P5066,EVODEX.2-P5068,EVODEX.2-P5069,EVODEX.2-P5077,EVODEX.2-P5078,EVODEX.2-P5081,EVODEX.2-P5082,EVODEX.2-P5083,EVODEX.2-P5087,EVODEX.2-P5088,EVODEX.2-P5092,EVODEX.2-P5095,EVODEX.2-P5096,EVODEX.2-P5097,EVODEX.2-P5116,EVODEX.2-P5129,EVODEX.2-P5131,EVODEX.2-P5133,EVODEX.2-P5136,EVODEX.2-P5143,EVODEX.2-P5146,EVODEX.2-P5161,EVODEX.2-P5163,EVODEX.2-P5166,EVODEX.2-P5167,EVODEX.2-P5168,EVODEX.2-P5170,EVODEX.2-P5171,EVODEX.2-P5173,EVODEX.2-P5179,EVODEX.2-P5181,EVODEX.2-P5182,EVODEX.2-P5184,EVODEX.2-P5193,EVODEX.2-P5210,EVODEX.2-P5216,EVODEX.2-P5217,EVODEX.2-P5231,EVODEX.2-P5234,EVODEX.2-P5235,EVODEX.2-P5249,EVODEX.2-P5259,EVODEX.2-P5261,EVODEX.2-P5263,EVODEX.2-P5273,EVODEX.2-P5276,EVODEX.2-P5279,EVODEX.2-P5281,EVODEX.2-P5284,EVODEX.2-P5287,EVODEX.2-P5296,EVODEX.2-P5301,EVODEX.2-P5303,EVODEX.2-P5313,EVODEX.2-P5314,EVODEX.2-P5317,EVODEX.2-P5342,EVODEX.2-P5348,EVODEX.2-P5352,EVODEX.2-P5356,EVODEX.2-P5360,EVODEX.2-P5364,EVODEX.2-P5367,EVODEX.2-P5368,EVODEX.2-P5369,EVODEX.2-P5372,EVODEX.2-P5373,EVODEX.2-P5390,EVODEX.2-P5394,EVODEX.2-P5396,EVODEX.2-P5403,EVODEX.2-P5433,EVODEX.2-P5474,EVODEX.2-P5542,EVODEX.2-P5544,EVODEX.2-P5546,EVODEX.2-P5547,EVODEX.2-P5550,EVODEX.2-P6382,EVODEX.2-P6395,EVODEX.2-P6417,EVODEX.2-P6917",91301474198293215645637563557970085297939764445442263132772878002580938613342
EVODEX.2-Dm351,[#7](-[#6@])(-[#6:65](=[#8:66])-[#6:67])-[#1].[#8:82](-[#1])-[#1]>>[#6:65](=[#8:66])(-[#6:67])-[#8:82]-[#1],"EVODEX.2-P1605,EVODEX.2-P3620,EVODEX.2-P3998,EVODEX.2-P4004,EVODEX.2-P4013,EVODEX.2-P4014,EVODEX.2-P4015,EVODEX.2-P4017,EVODEX.2-P4019,EVODEX.2-P4023,EVODEX.2-P4024,EVODEX.2-P4028,EVODEX.2-P4032,EVODEX.2-P4041,EVODEX.2-P4060,EVODEX.2-P4063,EVODEX.2-P4069,EVODEX.2-P4080,EVODEX.2-P4083,EVODEX.2-P4095,EVODEX.2-P4106,EVODEX.2-P4144,EVODEX.2-P4146,EVODEX.2-P4147,EVODEX.2-P4150,EVODEX.2-P4151,EVODEX.2-P4188,EVODEX.2-P4190,EVODEX.2-P4191,EVODEX.2-P4196,EVODEX.2-P4199,EVODEX.2-P4203,EVODEX.2-P4206,EVODEX.2-P4210,EVODEX.2-P4212,EVODEX.2-P4234,EVODEX.2-P4238,EVODEX.2-P4256,EVODEX.2-P4271,EVODEX.2-P4274,EVODEX.2-P4275,EVODEX.2-P4277,EVODEX.2-P4282,EVODEX.2-P4284,EVODEX.2-P4290,EVODEX.2-P4293,EVODEX.2-P4295,EVODEX.2-P4299,EVODEX.2-P4301,EVODEX.2-P4313,EVODEX.2-P4315,EVODEX.2-P4317,EVODEX.2-P4320,EVODEX.2-P4325,EVODEX.2-P4329,EVODEX.2-P4330,EVODEX.2-P4333,EVODEX.2-P4346,EVODEX.2-P4347,EVODEX.2-P4350,EVODEX.2-P4353,EVODEX.2-P4355,EVODEX.2-P4360,EVODEX.2-P4364,EVODEX.2-P4365,EVODEX.2-P4374,EVODEX.2-P4376,EVODEX.2-P4377,EVODEX.2-P4378,EVODEX.2-P4381,EVODEX.2-P4383,EVODEX.2-P4388,EVODEX.2-P4390,EVODEX.2-P4391,EVODEX.2-P4392,EVODEX.2-P4393,EVODEX.2-P4395,EVODEX.2-P4401,EVODEX.2-P4402,EVODEX.2-P4405,EVODEX.2-P4408,EVODEX.2-P4412,EVODEX.2-P4425,EVODEX.2-P4435,EVODEX.2-P4438,EVODEX.2-P4484,EVODEX.2-P4485,EVODEX.2-P4487,EVODEX.2-P4490,EVODEX.2-P4497,EVODEX.2-P4499,EVODEX.2-P4500,EVODEX.2-P4507,EVODEX.2-P4508,EVODEX.2-P4546,EVODEX.2-P4550,EVODEX.2-P4552,EVODEX.2-P4554,EVODEX.2-P4596,EVODEX.2-P4608,EVODEX.2-P4614,EVODEX.2-P4616,EVODEX.2-P4618,EVODEX.2-P4620,EVODEX.2-P4634,EVODEX.2-P4636,EVODEX.2-P4637,EVODEX.2-P4644,EVODEX.2-P4650,EVODEX.2-P4652,EVODEX.2-P4690,EVODEX.2-P4691,EVODEX.2-P4694,EVODEX.2-P4695,EVODEX.2-P4700,EVODEX.2-P4703,EVODEX.2-P4781,EVODEX.2-P4784,EVODEX.2-P4788,EVODEX.2-P4790,EVODEX.2-P4795,EVODEX.2-P4804,EVODEX.2-P4810,EVODEX.2-P4827,EVODEX.2-P4829,EVODEX.2-P4831,EVODEX.2-P4833,EVODEX.2-P4835,EVODEX.2-P4857,EVODEX.2-P4858,EVODEX.2-P4870,EVODEX.2-P4886,EVODEX.2-P4888,EVODEX.2-P4889,EVODEX.2-P4892,EVODEX.2-P4903,EVODEX.2-P4932,EVODEX.2-P4939,EVODEX.2-P4941,EVODEX.2-P4942,EVODEX.2-P4943,EVODEX.2-P4947,EVODEX.2-P4948,EVODEX.2-P4952,EVODEX.2-P4953,EVODEX.2-P4956,EVODEX.2-P4977,EVODEX.2-P4978,EVODEX.2-P4980,EVODEX.2-P4983,EVODEX.2-P4986,EVODEX.2-P5006,EVODEX.2-P5007,EVODEX.2-P5013,EVODEX.2-P5019,EVODEX.2-P5025,EVODEX.2-P5026,EVODEX.2-P5027,EVODEX.2-P5029,EVODEX.2-P5030,EVODEX.2-P5033,EVODEX.2-P5034,EVODEX.2-P5043,EVODEX.2-P5048,EVODEX.2-P5061,EVODEX.2-P5064,EVODEX.2-P5065,EVODEX.2-P5067,EVODEX.2-P5070,EVODEX.2-P5071,EVODEX.2-P5076,EVODEX.2-P5079,EVODEX.2-P5080,EVODEX.2-P5084,EVODEX.2-P5085,EVODEX.2-P5086,EVODEX.2-P5091,EVODEX.2-P5093,EVODEX.2-P5094,EVODEX.2-P5098,EVODEX.2-P5105,EVODEX.2-P5106,EVODEX.2-P5107,EVODEX.2-P5108,EVODEX.2-P5109,EVODEX.2-P5130,EVODEX.2-P5132,EVODEX.2-P5134,EVODEX.2-P5135,EVODEX.2-P5137,EVODEX.2-P5142,EVODEX.2-P5144,EVODEX.2-P5145,EVODEX.2-P5156,EVODEX.2-P5160,EVODEX.2-P5162,EVODEX.2-P5164,EVODEX.2-P5165,EVODEX.2-P5169,EVODEX.2-P5172,EVODEX.2-P5175,EVODEX.2-P5178,EVODEX.2-P5180,EVODEX.2-P5183,EVODEX.2-P5185,EVODEX.2-P5192,EVODEX.2-P5196,EVODEX.2-P5208,EVODEX.2-P5213,EVODEX.2-P5225,EVODEX.2-P5229,EVODEX.2-P5250,EVODEX.2-P5251,EVODEX.2-P5260,EVODEX.2-P5262,EVODEX.2-P5267,EVODEX.2-P5269,EVODEX.2-P5270,EVODEX.2-P5274,EVODEX.2-P5277,EVODEX.2-P5280,EVODEX.2-P5282,EVODEX.2-P5285,EVODEX.2-P5286,EVODEX.2-P5294,EVODEX.2-P5295,EVODEX.2-P5300,EVODEX.2-P5302,EVODEX.2-P5304,EVODEX.2-P5305,EVODEX.2-P5309,EVODEX.2-P5311,EVODEX.2-P5312,EVODEX.2-P5315,EVODEX.2-P5339,EVODEX.2-P5341,EVODEX.2-P5350,EVODEX.2-P5355,EVODEX.2-P5359,EVODEX.2-P5362,EVODEX.2-P5363,EVODEX.2-P5365,EVODEX.2-P5366,EVODEX.2-P5370,EVODEX.2-P5371,EVODEX.2-P5389,EVODEX.2-P5393,EVODEX.2-P5395,EVODEX.2-P5400,EVODEX.2-P5415,EVODEX.2-P5541,EVODEX.2-P5543,EVODEX.2-P5545,EVODEX.2-P5548,EVODEX.2-P5549",51403231428235836922268362061359936879888051347579518356356234141627302081145
EVODEX.2-Dm321,[#7:53](-[#6@@:54])(-[#1])-[#1]>>[#6]-[#6](=[#8])-[#7:53](-[#6@@:54])-[#1],"EVODEX.2-P1509,EVODEX.2-P1567,EVODEX.2-P1597,EVODEX.2-P1614,EVODEX.2-P1715,EVODEX.2-P1716,EVODEX.2-P1717,EVODEX.2-P1812,EVODEX.2-P1813,EVODEX.2-P1826,EVODEX.2-P1827,EVODEX.2-P1848,EVODEX.2-P1849,EVODEX.2-P1850,EVODEX.2-P1852,EVODEX.2-P1853,EVODEX.2-P1859,EVODEX.2-P1863,EVODEX.2-P1875,EVODEX.2-P1879,EVODEX.2-P3560,EVODEX.2-P3561,EVODEX.2-P4114,EVODEX.2-P4128,EVODEX.2-P4129,EVODEX.2-P4132,EVODEX.2-P4517,EVODEX.2-P4521,EVODEX.2-P4527,EVODEX.2-P4528,EVODEX.2-P4530,EVODEX.2-P4655,EVODEX.2-P4656,EVODEX.2-P4657,EVODEX.2-P4658,EVODEX.2-P4662,EVODEX.2-P4880,EVODEX.2-P4962,EVODEX.2-P4968,EVODEX.2-P4971,EVODEX.2-P4973,EVODEX.2-P5201,EVODEX.2-P5203,EVODEX.2-P5211,EVODEX.2-P5223,EVODEX.2-P5404,EVODEX.2-P5412,EVODEX.2-P6296,EVODEX.2-P6300,EVODEX.2-P6303,EVODEX.2-P6304,EVODEX.2-P6307,EVODEX.2-P6317,EVODEX.2-P6321,EVODEX.2-P6344,EVODEX.2-P6350,EVODEX.2-P6354,EVODEX.2-P6355,EVODEX.2-P6356,EVODEX.2-P6358,EVODEX.2-P6362,EVODEX.2-P6363,EVODEX.2-P6369,EVODEX.2-P6370,EVODEX.2-P6438,EVODEX.2-P6439,EVODEX.2-P6450,EVODEX.2-P6454,EVODEX.2-P6485,EVODEX.2-P6490,EVODEX.2-P6492,EVODEX.2-P6497,EVODEX.2-P6506,EVODEX.2-P6509,EVODEX.2-P6511,EVODEX.2-P6512,EVODEX.2-P6513,EVODEX.2-P6514,EVODEX.2-P6517,EVODEX.2-P6518,EVODEX.2-P6532,EVODEX.2-P6534,EVODEX.2-P6548,EVODEX.2-P6551,EVODEX.2-P6558,EVODEX.2-P6561,EVODEX.2-P6562,EVODEX.2-P6563,EVODEX.2-P6565,EVODEX.2-P6571,EVODEX.2-P6574,EVODEX.2-P6577,EVODEX.2-P6584,EVODEX.2-P6585,EVODEX.2-P6588,EVODEX.2-P6590,EVODEX.2-P6591,EVODEX.2-P6603,EVODEX.2-P6638,EVODEX.2-P6641,EVODEX.2-P6642,EVODEX.2-P6645,EVODEX.2-P6649,EVODEX.2-P6650,EVODEX.2-P6662,EVODEX.2-P6664,EVODEX.2-P6667,EVODEX.2-P6670,EVODEX.2-P6673,EVODEX.2-P6676,EVODEX.2-P6680,EVODEX.2-P6681,EVODEX.2-P6685,EVODEX.2-P6686,EVODEX.2-P6703,EVODEX.2-P6705,EVODEX.2-P6707,EVODEX.2-P6712,EVODEX.2-P6713,EVODEX.2-P6717,EVODEX.2-P6722,EVODEX.2-P6730,EVODEX.2-P6735,EVODEX.2-P6737,EVODEX.2-P6740,EVODEX.2-P6743,EVODEX.2-P6745,EVODEX.2-P6748,EVODEX.2-P6751,EVODEX.2-P6755,EVODEX.2-P6758,EVODEX.2-P6769,EVODEX.2-P6774,EVODEX.2-P6777,EVODEX.2-P6779,EVODEX.2-P6782,EVODEX.2-P6785,EVODEX.2-P6789,EVODEX.2-P6790,EVODEX.2-P6799,EVODEX.2-P6803,EVODEX.2-P6814,EVODEX.2-P6820,EVODEX.2-P6826,EVODEX.2-P6831,EVODEX.2-P6834,EVODEX.2-P6836,EVODEX.2-P6839,EVODEX.2-P6840,EVODEX.2-P6848,EVODEX.2-P6854,EVODEX.2-P6855,EVODEX.2-P6859,EVODEX.2-P6860,EVODEX.2-P6867,EVODEX.2-P6868,EVODEX.2-P6878,EVODEX.2-P6886,EVODEX.2-P6888,EVODEX.2-P6907,EVODEX.2-P6908,EVODEX.2-P6920,EVODEX.2-P6921,EVODEX.2-P6926,EVODEX.2-P6944",20274906149468687421161210613925219309797621901645010715603491958459940763762
EVODEX.2-Dm624,[#6:17](-[#6@@:16])(=[#8:18])-[#8]-[#1]>>[#7](-[#6@])(-[#6:17](-[#6@:16])=[#8:18])-[#1],"EVODEX.2-P3565,EVODEX.2-P4444,EVODEX.2-P4449,EVODEX.2-P4610,EVODEX.2-P4611,EVODEX.2-P4621,EVODEX.2-P4622,EVODEX.2-P4626,EVODEX.2-P4633,EVODEX.2-P4635,EVODEX.2-P4639,EVODEX.2-P4641,EVODEX.2-P4647,EVODEX.2-P4688,EVODEX.2-P4689,EVODEX.2-P4696,EVODEX.2-P4698,EVODEX.2-P4701,EVODEX.2-P5195,EVODEX.2-P5212,EVODEX.2-P5214,EVODEX.2-P5219,EVODEX.2-P5290,EVODEX.2-P5337,EVODEX.2-P5349,EVODEX.2-P5353,EVODEX.2-P5358,EVODEX.2-P5361,EVODEX.2-P5487,EVODEX.2-P5493,EVODEX.2-P5494,EVODEX.2-P6264,EVODEX.2-P6272,EVODEX.2-P6275,EVODEX.2-P6278,EVODEX.2-P6292,EVODEX.2-P6295,EVODEX.2-P6348,EVODEX.2-P6351,EVODEX.2-P6389,EVODEX.2-P6396,EVODEX.2-P6399,EVODEX.2-P6403,EVODEX.2-P6416,EVODEX.2-P6435,EVODEX.2-P6452,EVODEX.2-P6467,EVODEX.2-P6471,EVODEX.2-P6476,EVODEX.2-P6487,EVODEX.2-P6488,EVODEX.2-P6521,EVODEX.2-P6536,EVODEX.2-P6539,EVODEX.2-P6546,EVODEX.2-P6567,EVODEX.2-P6597,EVODEX.2-P6609,EVODEX.2-P6614,EVODEX.2-P6618,EVODEX.2-P6619,EVODEX.2-P6622,EVODEX.2-P6627,EVODEX.2-P6636,EVODEX.2-P6657,EVODEX.2-P6675,EVODEX.2-P6677,EVODEX.2-P6682,EVODEX.2-P6692,EVODEX.2-P6695,EVODEX.2-P6721,EVODEX.2-P6727,EVODEX.2-P6728,EVODEX.2-P6759,EVODEX.2-P6771,EVODEX.2-P6775,EVODEX.2-P6792,EVODEX.2-P6800,EVODEX.2-P6808,EVODEX.2-P6812,EVODEX.2-P6816,EVODEX.2-P6821,EVODEX.2-P6823,EVODEX.2-P6842,EVODEX.2-P6847,EVODEX.2-P6864,EVODEX.2-P6872,EVODEX.2-P6883,EVODEX.2-P6897,EVODEX.2-P6898,EVODEX.2-P6910,EVODEX.2-P6911,EVODEX.2-P6915,EVODEX.2-P6918,EVODEX.2-P6923",87517083460207283284024329235000052591267119143861413719776771473091666691681
EVODEX.2-Dm329,[#6:87]-[#8:88]-[#1]>>[#6](=[#8])(-[#6])-[#8:88]-[#6:87],"EVODEX.2-P1527,EVODEX.2-P1528,EVODEX.2-P1574,EVODEX.2-P1598,EVODEX.2-P1609,EVODEX.2-P1610,EVODEX.2-P1615,EVODEX.2-P1618,EVODEX.2-P1621,EVODEX.2-P1675,EVODEX.2-P1676,EVODEX.2-P1677,EVODEX.2-P1679,EVODEX.2-P1686,EVODEX.2-P1687,EVODEX.2-P1693,EVODEX.2-P1698,EVODEX.2-P1699,EVODEX.2-P1704,EVODEX.2-P1705,EVODEX.2-P1724,EVODEX.2-P1725,EVODEX.2-P1749,EVODEX.2-P1750,EVODEX.2-P1752,EVODEX.2-P1753,EVODEX.2-P1755,EVODEX.2-P1780,EVODEX.2-P1781,EVODEX.2-P1783,EVODEX.2-P1784,EVODEX.2-P1785,EVODEX.2-P1787,EVODEX.2-P1789,EVODEX.2-P1790,EVODEX.2-P1792,EVODEX.2-P1794,EVODEX.2-P1795,EVODEX.2-P1796,EVODEX.2-P1797,EVODEX.2-P1799,EVODEX.2-P1800,EVODEX.2-P1801,EVODEX.2-P1802,EVODEX.2-P1804,EVODEX.2-P1805,EVODEX.2-P1806,EVODEX.2-P1807,EVODEX.2-P1808,EVODEX.2-P1822,EVODEX.2-P1823,EVODEX.2-P1824,EVODEX.2-P1997,EVODEX.2-P1998,EVODEX.2-P2002,EVODEX.2-P2023,EVODEX.2-P2024,EVODEX.2-P2030,EVODEX.2-P2042,EVODEX.2-P2043,EVODEX.2-P2045,EVODEX.2-P2048,EVODEX.2-P2061,EVODEX.2-P2072,EVODEX.2-P2076,EVODEX.2-P2085,EVODEX.2-P2093,EVODEX.2-P2094,EVODEX.2-P2105,EVODEX.2-P2107,EVODEX.2-P2109,EVODEX.2-P2115,EVODEX.2-P2117,EVODEX.2-P2121,EVODEX.2-P2160,EVODEX.2-P2162,EVODEX.2-P2163,EVODEX.2-P3385,EVODEX.2-P3520,EVODEX.2-P3579,EVODEX.2-P3602,EVODEX.2-P3603,EVODEX.2-P3974,EVODEX.2-P3975,EVODEX.2-P3977,EVODEX.2-P3978,EVODEX.2-P3981",31215936292187085935354989550792638892655628222918569713998180219061139030201
EVODEX.2-Dm514,[#15](=[#8])-[#8]-[#15:26](=[#8:27])(-[#8:28])-[#8:29].[#8:31](-[#6:32])-[#1]>>[#15:26](=[#8:27])(-[#8:28])(-[#8:29])-[#8:31]-[#6:32],"EVODEX.2-P2798,EVODEX.2-P2799,EVODEX.2-P2800,EVODEX.2-P2803,EVODEX.2-P2804,EVODEX.2-P2805,EVODEX.2-P2806,EVODEX.2-P2807,EVODEX.2-P2816,EVODEX.2-P2830,EVODEX.2-P2832,EVODEX.2-P2842,EVODEX.2-P2843,EVODEX.2-P2847,EVODEX.2-P2848,EVODEX.2-P2852,EVODEX.2-P2853,EVODEX.2-P2854,EVODEX.2-P2857,EVODEX.2-P2863,EVODEX.2-P2866,EVODEX.2-P2867,EVODEX.2-P2869,EVODEX.2-P2871,EVODEX.2-P2872,EVODEX.2-P2873,EVODEX.2-P2874,EVODEX.2-P2881,EVODEX.2-P2885,EVODEX.2-P2886,EVODEX.2-P2887,EVODEX.2-P2889,EVODEX.2-P2891,EVODEX.2-P2895,EVODEX.2-P2897,EVODEX.2-P2899,EVODEX.2-P2904,EVODEX.2-P2907,EVODEX.2-P2909,EVODEX.2-P2911,EVODEX.2-P2912,EVODEX.2-P2914,EVODEX.2-P2916,EVODEX.2-P2920,EVODEX.2-P2938,EVODEX.2-P2939,EVODEX.2-P2966,EVODEX.2-P2967,EVODEX.2-P2968,EVODEX.2-P2970,EVODEX.2-P2971,EVODEX.2-P2972,EVODEX.2-P2973,EVODEX.2-P2974,EVODEX.2-P2976,EVODEX.2-P2979,EVODEX.2-P2981,EVODEX.2-P2982,EVODEX.2-P3009,EVODEX.2-P3010,EVODEX.2-P3141,EVODEX.2-P3142,EVODEX.2-P3143,EVODEX.2-P3145,EVODEX.2-P3147,EVODEX.2-P3148,EVODEX.2-P3149,EVODEX.2-P3190,EVODEX.2-P3192,EVODEX.2-P3194,EVODEX.2-P3204,EVODEX.2-P3226,EVODEX.2-P3236,EVODEX.2-P3240,EVODEX.2-P3241,EVODEX.2-P3256,EVODEX.2-P3263,EVODEX.2-P3710,EVODEX.2-P3712,EVODEX.2-P5678",62955074597622887686745032436509588238098620912060768476231245308369238895890
EVODEX.2-Dm513,[#15:18](=[#8:19])-[#8:21]-[#15:22](=[#8:23])(-[#8:24])-[#8:25]>>[#15:18](=[#8:19])-[#8:21]-[#1].[#15:22](=[#8:23])(-[#8:24])(-[#8:25])-[#8]-[#6],"EVODEX.2-P2797,EVODEX.2-P2809,EVODEX.2-P2810,EVODEX.2-P2813,EVODEX.2-P2814,EVODEX.2-P2815,EVODEX.2-P2817,EVODEX.2-P2819,EVODEX.2-P2820,EVODEX.2-P2821,EVODEX.2-P2822,EVODEX.2-P2823,EVODEX.2-P2824,EVODEX.2-P2825,EVODEX.2-P2826,EVODEX.2-P2831,EVODEX.2-P2833,EVODEX.2-P2834,EVODEX.2-P2835,EVODEX.2-P2836,EVODEX.2-P2837,EVODEX.2-P2840,EVODEX.2-P2844,EVODEX.2-P2845,EVODEX.2-P2846,EVODEX.2-P2849,EVODEX.2-P2856,EVODEX.2-P2875,EVODEX.2-P2876,EVODEX.2-P2877,EVODEX.2-P2878,EVODEX.2-P2882,EVODEX.2-P2883,EVODEX.2-P2884,EVODEX.2-P2888,EVODEX.2-P2894,EVODEX.2-P2896,EVODEX.2-P2898,EVODEX.2-P2900,EVODEX.2-P2901,EVODEX.2-P2902,EVODEX.2-P2913,EVODEX.2-P2915,EVODEX.2-P2917,EVODEX.2-P2918,EVODEX.2-P2919,EVODEX.2-P2942,EVODEX.2-P2943,EVODEX.2-P2944,EVODEX.2-P2945,EVODEX.2-P2946,EVODEX.2-P2947,EVODEX.2-P2948,EVODEX.2-P2949,EVODEX.2-P2950,EVODEX.2-P2956,EVODEX.2-P2957,EVODEX.2-P2958,EVODEX.2-P2961,EVODEX.2-P2975,EVODEX.2-P2978,EVODEX.2-P2980,EVODEX.2-P3011,EVODEX.2-P3133,EVODEX.2-P3134,EVODEX.2-P3139,EVODEX.2-P3243,EVODEX.2-P3244,EVODEX.2-P3245,EVODEX.2-P3247,EVODEX.2-P3260,EVODEX.2-P3261,EVODEX.2-P3262,EVODEX.2-P3264,EVODEX.2-P3711",53711313479492202579613776386165446385501759216777369069626478185517309043583
EVODEX.2-Dm340,[#6]-[#6](=[#8])-[#8:66]-[#6:67]>>[#8:66](-[#6:67])-[#1],"EVODEX.2-P1576,EVODEX.2-P1601,EVODEX.2-P1751,EVODEX.2-P1772,EVODEX.2-P1776,EVODEX.2-P1959,EVODEX.2-P2054,EVODEX.2-P2059,EVODEX.2-P2064,EVODEX.2-P2067,EVODEX.2-P3372,EVODEX.2-P3374,EVODEX.2-P3386,EVODEX.2-P3437,EVODEX.2-P3438,EVODEX.2-P3440,EVODEX.2-P3451,EVODEX.2-P3456,EVODEX.2-P3459,EVODEX.2-P3460,EVODEX.2-P3463,EVODEX.2-P3469,EVODEX.2-P3507,EVODEX.2-P3508,EVODEX.2-P3531,EVODEX.2-P3532,EVODEX.2-P3537,EVODEX.2-P3569,EVODEX.2-P3572,EVODEX.2-P3582,EVODEX.2-P3609,EVODEX.2-P3779,EVODEX.2-P3782,EVODEX.2-P3814,EVODEX.2-P3815,EVODEX.2-P3819,EVODEX.2-P3820,EVODEX.2-P3821,EVODEX.2-P3822,EVODEX.2-P3824,EVODEX.2-P3854,EVODEX.2-P3856,EVODEX.2-P3857,EVODEX.2-P3865,EVODEX.2-P3866,EVODEX.2-P3889,EVODEX.2-P3895,EVODEX.2-P3906,EVODEX.2-P3908,EVODEX.2-P3919,EVODEX.2-P3921,EVODEX.2-P3932,EVODEX.2-P3940,EVODEX.2-P3944,EVODEX.2-P3946,EVODEX.2-P3948,EVODEX.2-P3951,EVODEX.2-P3956,EVODEX.2-P3957,EVODEX.2-P3958,EVODEX.2-P3959,EVODEX.2-P3960,EVODEX.2-P3962,EVODEX.2-P3979,EVODEX.2-P5942",29082743957763582669861678912473128062430887236943654446604957471252252091249
EVODEX.2-Dm908,[#6:21]-[#6:22](=[#8:23])-[#8:24]-[#1]>>[#6:21]-[#6:22](=[#8:23])-[#7](-[#6])-[#1].[#8:24](-[#15](-[#8])(=[#8])-[#8])-[#1],"EVODEX.2-P6267,EVODEX.2-P6270,EVODEX.2-P6273,EVODEX.2-P6276,EVODEX.2-P6280,EVODEX.2-P6288,EVODEX.2-P6291,EVODEX.2-P6293,EVODEX.2-P6319,EVODEX.2-P6365,EVODEX.2-P6372,EVODEX.2-P6383,EVODEX.2-P6401,EVODEX.2-P6411,EVODEX.2-P6430,EVODEX.2-P6436,EVODEX.2-P6453,EVODEX.2-P6457,EVODEX.2-P6472,EVODEX.2-P6478,EVODEX.2-P6484,EVODEX.2-P6537,EVODEX.2-P6538,EVODEX.2-P6541,EVODEX.2-P6545,EVODEX.2-P6553,EVODEX.2-P6568,EVODEX.2-P6593,EVODEX.2-P6594,EVODEX.2-P6598,EVODEX.2-P6599,EVODEX.2-P6600,EVODEX.2-P6613,EVODEX.2-P6617,EVODEX.2-P6625,EVODEX.2-P6631,EVODEX.2-P6644,EVODEX.2-P6687,EVODEX.2-P6696,EVODEX.2-P6711,EVODEX.2-P6715,EVODEX.2-P6720,EVODEX.2-P6723,EVODEX.2-P6729,EVODEX.2-P6733,EVODEX.2-P6739,EVODEX.2-P6757,EVODEX.2-P6760,EVODEX.2-P6793,EVODEX.2-P6796,EVODEX.2-P6798,EVODEX.2-P6801,EVODEX.2-P6805,EVODEX.2-P6810,EVODEX.2-P6815,EVODEX.2-P6828,EVODEX.2-P6838,EVODEX.2-P6843,EVODEX.2-P6845,EVODEX.2-P6852,EVODEX.2-P6866,EVODEX.2-P6869,EVODEX.2-P6881,EVODEX.2-P6885,EVODEX.2-P6891",70278397967613670266274928647794327086784675406247464834464824965585186104943
EVODEX.2-Dm909,[#6:21]-[#6:22](=[#8:23])-[#8]-[#1].[#8]-[#15](=[#8])(-[#8])-[#8:57]-[#15:58]=[#8:59]>>[#6:21]-[#6:22](=[#8:23])-[#7](-[#6])-[#1].[#8:57](-[#15:58]=[#8:59])-[#1],"EVODEX.2-P6269,EVODEX.2-P6271,EVODEX.2-P6274,EVODEX.2-P6279,EVODEX.2-P6281,EVODEX.2-P6286,EVODEX.2-P6318,EVODEX.2-P6353,EVODEX.2-P6378,EVODEX.2-P6391,EVODEX.2-P6415,EVODEX.2-P6426,EVODEX.2-P6427,EVODEX.2-P6429,EVODEX.2-P6451,EVODEX.2-P6456,EVODEX.2-P6460,EVODEX.2-P6465,EVODEX.2-P6470,EVODEX.2-P6482,EVODEX.2-P6483,EVODEX.2-P6510,EVODEX.2-P6520,EVODEX.2-P6522,EVODEX.2-P6542,EVODEX.2-P6570,EVODEX.2-P6595,EVODEX.2-P6596,EVODEX.2-P6601,EVODEX.2-P6616,EVODEX.2-P6621,EVODEX.2-P6624,EVODEX.2-P6628,EVODEX.2-P6637,EVODEX.2-P6648,EVODEX.2-P6652,EVODEX.2-P6655,EVODEX.2-P6658,EVODEX.2-P6660,EVODEX.2-P6678,EVODEX.2-P6691,EVODEX.2-P6694,EVODEX.2-P6700,EVODEX.2-P6719,EVODEX.2-P6738,EVODEX.2-P6749,EVODEX.2-P6768,EVODEX.2-P6770,EVODEX.2-P6778,EVODEX.2-P6795,EVODEX.2-P6797,EVODEX.2-P6802,EVODEX.2-P6804,EVODEX.2-P6811,EVODEX.2-P6829,EVODEX.2-P6832,EVODEX.2-P6837,EVODEX.2-P6851,EVODEX.2-P6865,EVODEX.2-P6874,EVODEX.2-P6884,EVODEX.2-P6892,EVODEX.2-P6916,EVODEX.2-P6924",106770739139139855520960301276946450296490611477641106757828161538097301400339
EVODEX.2-Dm911,[#8]-[#15](=[#8])(-[#8])-[#8:40]-[#15:41]=[#8:42].[#7:7](-[#6@@:8])(-[#1])-[#1]>>[#6]-[#6](=[#8])-[#7:7](-[#6@@:8])-[#1].[#8:40](-[#15:41]=[#8:42])-[#1],"EVODEX.2-P6285,EVODEX.2-P6297,EVODEX.2-P6298,EVODEX.2-P6301,EVODEX.2-P6309,EVODEX.2-P6311,EVODEX.2-P6343,EVODEX.2-P6357,EVODEX.2-P6359,EVODEX.2-P6361,EVODEX.2-P6364,EVODEX.2-P6371,EVODEX.2-P6441,EVODEX.2-P6449,EVODEX.2-P6458,EVODEX.2-P6461,EVODEX.2-P6547,EVODEX.2-P6550,EVODEX.2-P6572,EVODEX.2-P6575,EVODEX.2-P6578,EVODEX.2-P6581,EVODEX.2-P6582,EVODEX.2-P6587,EVODEX.2-P6629,EVODEX.2-P6635,EVODEX.2-P6639,EVODEX.2-P6643,EVODEX.2-P6647,EVODEX.2-P6651,EVODEX.2-P6659,EVODEX.2-P6668,EVODEX.2-P6669,EVODEX.2-P6671,EVODEX.2-P6674,EVODEX.2-P6690,EVODEX.2-P6699,EVODEX.2-P6706,EVODEX.2-P6709,EVODEX.2-P6710,EVODEX.2-P6718,EVODEX.2-P6726,EVODEX.2-P6732,EVODEX.2-P6734,EVODEX.2-P6742,EVODEX.2-P6746,EVODEX.2-P6752,EVODEX.2-P6756,EVODEX.2-P6772,EVODEX.2-P6780,EVODEX.2-P6783,EVODEX.2-P6791,EVODEX.2-P6827,EVODEX.2-P6835,EVODEX.2-P6841,EVODEX.2-P6849,EVODEX.2-P6856,EVODEX.2-P6862,EVODEX.2-P6870,EVODEX.2-P6909,EVODEX.2-P6922,EVODEX.2-P6925,EVODEX.2-P6949",6800291552210731467424552634520525677688586782287998570217881836941804059191
EVODEX.2-Dm480,[#7](-[#6@@:2](-[#6:3])(-[#6:8]=[#8:9])-[#1])(-[#1])-[#1].[#6]-[#6](=[#8:16])-[#6]=[#8]>>[#6:2](-[#6:3])(-[#6:8]=[#8:9])=[#8:16],"EVODEX.2-P2383,EVODEX.2-P2440,EVODEX.2-P2444,EVODEX.2-P2447,EVODEX.2-P2448,EVODEX.2-P2449,EVODEX.2-P2460,EVODEX.2-P2461,EVODEX.2-P2463,EVODEX.2-P2493,EVODEX.2-P2507,EVODEX.2-P2510,EVODEX.2-P2511,EVODEX.2-P2515,EVODEX.2-P2521,EVODEX.2-P2522,EVODEX.2-P2525,EVODEX.2-P2527,EVODEX.2-P2529,EVODEX.2-P2533,EVODEX.2-P2534,EVODEX.2-P2537,EVODEX.2-P2541,EVODEX.2-P2544,EVODEX.2-P2547,EVODEX.2-P2549,EVODEX.2-P2550,EVODEX.2-P2568,EVODEX.2-P2571,EVODEX.2-P2578,EVODEX.2-P2583,EVODEX.2-P2590,EVODEX.2-P2605,EVODEX.2-P2607,EVODEX.2-P2608,EVODEX.2-P2619,EVODEX.2-P2621,EVODEX.2-P2626,EVODEX.2-P2631,EVODEX.2-P2666,EVODEX.2-P2669,EVODEX.2-P2678,EVODEX.2-P2679,EVODEX.2-P2687,EVODEX.2-P2691,EVODEX.2-P2700,EVODEX.2-P2708,EVODEX.2-P2711,EVODEX.2-P2712,EVODEX.2-P2713,EVODEX.2-P2732,EVODEX.2-P2741,EVODEX.2-P2746,EVODEX.2-P2748,EVODEX.2-P2753,EVODEX.2-P2770,EVODEX.2-P2772,EVODEX.2-P2776,EVODEX.2-P2778,EVODEX.2-P2784",102084075279619340427070392166339826441034690027012892117579293163765569512508
EVODEX.2-Dm913,[#7:9](-[#6@:8])(-[#1])-[#1].[#8:33]-[#15:34](=[#8:35])(-[#8:36])-[#8:37]-[#15:38]=[#8:39]>>[#7:9](-[#6@:8])(-[#6](-[#6])=[#8])-[#1].[#8](-[#15:34](-[#8:33])(=[#8:35])-[#8:36])-[#1].[#8:37](-[#15:38]=[#8:39])-[#1],"EVODEX.2-P6299,EVODEX.2-P6310,EVODEX.2-P6316,EVODEX.2-P6320,EVODEX.2-P6340,EVODEX.2-P6342,EVODEX.2-P6349,EVODEX.2-P6368,EVODEX.2-P6433,EVODEX.2-P6437,EVODEX.2-P6440,EVODEX.2-P6468,EVODEX.2-P6491,EVODEX.2-P6508,EVODEX.2-P6515,EVODEX.2-P6516,EVODEX.2-P6519,EVODEX.2-P6531,EVODEX.2-P6549,EVODEX.2-P6559,EVODEX.2-P6573,EVODEX.2-P6576,EVODEX.2-P6583,EVODEX.2-P6586,EVODEX.2-P6589,EVODEX.2-P6602,EVODEX.2-P6633,EVODEX.2-P6646,EVODEX.2-P6661,EVODEX.2-P6666,EVODEX.2-P6672,EVODEX.2-P6689,EVODEX.2-P6702,EVODEX.2-P6704,EVODEX.2-P6716,EVODEX.2-P6725,EVODEX.2-P6731,EVODEX.2-P6736,EVODEX.2-P6750,EVODEX.2-P6762,EVODEX.2-P6765,EVODEX.2-P6767,EVODEX.2-P6773,EVODEX.2-P6776,EVODEX.2-P6781,EVODEX.2-P6819,EVODEX.2-P6825,EVODEX.2-P6830,EVODEX.2-P6833,EVODEX.2-P6844,EVODEX.2-P6853,EVODEX.2-P6861,EVODEX.2-P6871,EVODEX.2-P6875,EVODEX.2-P6887,EVODEX.2-P6889,EVODEX.2-P6927",46611131710130365509393081900316003628716271892714314267389045063162102367193
EVODEX.2-Dm483,[#7:8](-[#6@@:9](-[#6:10])(-[#6:14]=[#8:15])-[#1])(-[#1])-[#1]>>[#6]-[#6](-[#6]=[#8])(-[#7:8](-[#1])-[#1])-[#1].[#8]=[#6:9](-[#6:10])-[#6:14]=[#8:15],"EVODEX.2-P2387,EVODEX.2-P2428,EVODEX.2-P2437,EVODEX.2-P2439,EVODEX.2-P2441,EVODEX.2-P2443,EVODEX.2-P2450,EVODEX.2-P2451,EVODEX.2-P2459,EVODEX.2-P2462,EVODEX.2-P2494,EVODEX.2-P2508,EVODEX.2-P2509,EVODEX.2-P2516,EVODEX.2-P2520,EVODEX.2-P2526,EVODEX.2-P2538,EVODEX.2-P2542,EVODEX.2-P2569,EVODEX.2-P2581,EVODEX.2-P2584,EVODEX.2-P2592,EVODEX.2-P2594,EVODEX.2-P2596,EVODEX.2-P2597,EVODEX.2-P2600,EVODEX.2-P2624,EVODEX.2-P2633,EVODEX.2-P2655,EVODEX.2-P2661,EVODEX.2-P2667,EVODEX.2-P2670,EVODEX.2-P2671,EVODEX.2-P2681,EVODEX.2-P2682,EVODEX.2-P2684,EVODEX.2-P2688,EVODEX.2-P2692,EVODEX.2-P2695,EVODEX.2-P2697,EVODEX.2-P2703,EVODEX.2-P2709,EVODEX.2-P2721,EVODEX.2-P2736,EVODEX.2-P2739,EVODEX.2-P2747,EVODEX.2-P2750,EVODEX.2-P2754,EVODEX.2-P2759,EVODEX.2-P2765,EVODEX.2-P2771,EVODEX.2-P2773,EVODEX.2-P2774,EVODEX.2-P2783,EVODEX.2-P2785",29018984517969511898073780017786422931947044721539952638402136469949545890626
EVODEX.2-Dm485,[#6:7]-[#6:8](=[#8:9])-[#6:10]=[#8:11]>>[#6:7]-[#6@@:8](-[#6:10]=[#8:11])(-[#7](-[#1])-[#1])-[#1].[#8:9]=[#6](-[#6])-[#6]=[#8],"EVODEX.2-P2389,EVODEX.2-P2390,EVODEX.2-P2424,EVODEX.2-P2425,EVODEX.2-P2438,EVODEX.2-P2446,EVODEX.2-P2495,EVODEX.2-P2504,EVODEX.2-P2505,EVODEX.2-P2512,EVODEX.2-P2514,EVODEX.2-P2517,EVODEX.2-P2519,EVODEX.2-P2524,EVODEX.2-P2528,EVODEX.2-P2531,EVODEX.2-P2536,EVODEX.2-P2539,EVODEX.2-P2543,EVODEX.2-P2546,EVODEX.2-P2551,EVODEX.2-P2574,EVODEX.2-P2576,EVODEX.2-P2579,EVODEX.2-P2585,EVODEX.2-P2586,EVODEX.2-P2591,EVODEX.2-P2599,EVODEX.2-P2606,EVODEX.2-P2618,EVODEX.2-P2620,EVODEX.2-P2625,EVODEX.2-P2635,EVODEX.2-P2656,EVODEX.2-P2659,EVODEX.2-P2685,EVODEX.2-P2686,EVODEX.2-P2694,EVODEX.2-P2696,EVODEX.2-P2699,EVODEX.2-P2702,EVODEX.2-P2707,EVODEX.2-P2710,EVODEX.2-P2714,EVODEX.2-P2715,EVODEX.2-P2735,EVODEX.2-P2738,EVODEX.2-P2742,EVODEX.2-P2743,EVODEX.2-P2757,EVODEX.2-P2758,EVODEX.2-P2760,EVODEX.2-P2761,EVODEX.2-P2763,EVODEX.2-P2767",31911730183881457870051470804317873569896826369423518723799022393139234873699
EVODEX.2-Dm905,[#6:18]-[#6:19](=[#8:20])-[#8:21]-[#1].[#8:50]-[#15:51](=[#8:52])(-[#8:53])-[#8:54]-[#15:55]=[#8:56]>>[#6:18]-[#6:19](=[#8:20])-[#7](-[#6])-[#1].[#8:21](-[#15:51](-[#8:50])(=[#8:52])-[#8:53])-[#1].[#8:54](-[#15:55]=[#8:56])-[#1],"EVODEX.2-P6262,EVODEX.2-P6265,EVODEX.2-P6283,EVODEX.2-P6284,EVODEX.2-P6294,EVODEX.2-P6322,EVODEX.2-P6338,EVODEX.2-P6341,EVODEX.2-P6345,EVODEX.2-P6347,EVODEX.2-P6366,EVODEX.2-P6367,EVODEX.2-P6387,EVODEX.2-P6434,EVODEX.2-P6489,EVODEX.2-P6498,EVODEX.2-P6501,EVODEX.2-P6504,EVODEX.2-P6505,EVODEX.2-P6527,EVODEX.2-P6556,EVODEX.2-P6564,EVODEX.2-P6579,EVODEX.2-P6592,EVODEX.2-P6611,EVODEX.2-P6620,EVODEX.2-P6640,EVODEX.2-P6654,EVODEX.2-P6679,EVODEX.2-P6688,EVODEX.2-P6698,EVODEX.2-P6701,EVODEX.2-P6708,EVODEX.2-P6747,EVODEX.2-P6753,EVODEX.2-P6761,EVODEX.2-P6766,EVODEX.2-P6784,EVODEX.2-P6786,EVODEX.2-P6806,EVODEX.2-P6813,EVODEX.2-P6817,EVODEX.2-P6822,EVODEX.2-P6850,EVODEX.2-P6876,EVODEX.2-P6879,EVODEX.2-P6880,EVODEX.2-P6894,EVODEX.2-P6900,EVODEX.2-P6901,EVODEX.2-P6903,EVODEX.2-P6904,EVODEX.2-P6914,EVODEX.2-P6919,EVODEX.2-P6951",15338903519696854123965840782247462681857266490325839024971883207110358230962
EVODEX.2-Dm481,[#7:1](-[#6@@](-[#6])(-[#6]=[#8])-[#1])(-[#1])-[#1].[#6:18]-[#6:19](=[#8])-[#6:21]=[#8:22]>>[#7:1](-[#6@@:19](-[#6:18])(-[#6:21]=[#8:22])-[#1])(-[#1])-[#1],"EVODEX.2-P2384,EVODEX.2-P2386,EVODEX.2-P2427,EVODEX.2-P2442,EVODEX.2-P2445,EVODEX.2-P2458,EVODEX.2-P2492,EVODEX.2-P2513,EVODEX.2-P2518,EVODEX.2-P2530,EVODEX.2-P2532,EVODEX.2-P2535,EVODEX.2-P2540,EVODEX.2-P2545,EVODEX.2-P2548,EVODEX.2-P2552,EVODEX.2-P2570,EVODEX.2-P2572,EVODEX.2-P2573,EVODEX.2-P2575,EVODEX.2-P2577,EVODEX.2-P2582,EVODEX.2-P2595,EVODEX.2-P2598,EVODEX.2-P2609,EVODEX.2-P2622,EVODEX.2-P2623,EVODEX.2-P2630,EVODEX.2-P2632,EVODEX.2-P2634,EVODEX.2-P2657,EVODEX.2-P2658,EVODEX.2-P2665,EVODEX.2-P2668,EVODEX.2-P2672,EVODEX.2-P2680,EVODEX.2-P2683,EVODEX.2-P2690,EVODEX.2-P2693,EVODEX.2-P2701,EVODEX.2-P2704,EVODEX.2-P2737,EVODEX.2-P2744,EVODEX.2-P2745,EVODEX.2-P2749,EVODEX.2-P2751,EVODEX.2-P2755,EVODEX.2-P2756,EVODEX.2-P2762,EVODEX.2-P2766,EVODEX.2-P2769,EVODEX.2-P2775",44317964213351116313636053199126598175059252674889067594377478641555578221164
EVODEX.2-Dm907,[#6:20]-[#6:21](=[#8:22])-[#8:23]-[#1].[#8:52]-[#15:53](=[#8:54])(-[#8:55])-[#8]-[#15]=[#8]>>[#6:20]-[#6:21](=[#8:22])-[#7](-[#6])-[#1].[#8:23](-[#15:53](-[#8:52])(=[#8:54])-[#8:55])-[#1],"EVODEX.2-P6266,EVODEX.2-P6268,EVODEX.2-P6277,EVODEX.2-P6287,EVODEX.2-P6306,EVODEX.2-P6339,EVODEX.2-P6352,EVODEX.2-P6377,EVODEX.2-P6379,EVODEX.2-P6404,EVODEX.2-P6447,EVODEX.2-P6455,EVODEX.2-P6459,EVODEX.2-P6466,EVODEX.2-P6469,EVODEX.2-P6477,EVODEX.2-P6486,EVODEX.2-P6499,EVODEX.2-P6528,EVODEX.2-P6543,EVODEX.2-P6557,EVODEX.2-P6560,EVODEX.2-P6569,EVODEX.2-P6612,EVODEX.2-P6623,EVODEX.2-P6626,EVODEX.2-P6630,EVODEX.2-P6632,EVODEX.2-P6653,EVODEX.2-P6663,EVODEX.2-P6665,EVODEX.2-P6693,EVODEX.2-P6714,EVODEX.2-P6741,EVODEX.2-P6744,EVODEX.2-P6754,EVODEX.2-P6787,EVODEX.2-P6788,EVODEX.2-P6794,EVODEX.2-P6807,EVODEX.2-P6809,EVODEX.2-P6818,EVODEX.2-P6824,EVODEX.2-P6857,EVODEX.2-P6858,EVODEX.2-P6863,EVODEX.2-P6873,EVODEX.2-P6877,EVODEX.2-P6882,EVODEX.2-P6890",4803430380823889532953401054307178018588536887687065755426333843142516184643
EVODEX.2-Dm273,[#8:11]-[#15:12](=[#8:13])(-[#8:14])-[#8:15]-[#15:16]=[#8:17]>>[#8:11]-[#15:12](=[#8:13])(-[#8:14])-[#8]-[#15]=[#8].[#8:15](-[#15:16]=[#8:17])-[#1],"EVODEX.2-P1304,EVODEX.2-P2937,EVODEX.2-P2940,EVODEX.2-P3030,EVODEX.2-P3083,EVODEX.2-P3085,EVODEX.2-P3087,EVODEX.2-P3088,EVODEX.2-P3090,EVODEX.2-P3092,EVODEX.2-P3093,EVODEX.2-P3094,EVODEX.2-P3095,EVODEX.2-P3097,EVODEX.2-P3106,EVODEX.2-P3110,EVODEX.2-P3113,EVODEX.2-P3116,EVODEX.2-P3158,EVODEX.2-P3162,EVODEX.2-P3163,EVODEX.2-P3164,EVODEX.2-P3167,EVODEX.2-P3171,EVODEX.2-P3174,EVODEX.2-P3177,EVODEX.2-P3178,EVODEX.2-P3179,EVODEX.2-P3195,EVODEX.2-P3196,EVODEX.2-P3212,EVODEX.2-P3213,EVODEX.2-P3214,EVODEX.2-P3215,EVODEX.2-P3217,EVODEX.2-P3219,EVODEX.2-P3223,EVODEX.2-P3225,EVODEX.2-P3248,EVODEX.2-P3250,EVODEX.2-P3252,EVODEX.2-P3253,EVODEX.2-P3254,EVODEX.2-P3258,EVODEX.2-P3259",82820765546498386759804807046015117777730519447527015757529907884713555976755
EVODEX.2-Dm530,[#15](=[#8])-[#8]-[#15:19](=[#8:20])(-[#8:21])-[#8:22].[#15:40](=[#8:41])-[#8:42]-[#1]>>[#15:19](=[#8:20])(-[#8:21])(-[#8:22])-[#8:42]-[#15:40]=[#8:41],"EVODEX.2-P2941,EVODEX.2-P3084,EVODEX.2-P3086,EVODEX.2-P3089,EVODEX.2-P3098,EVODEX.2-P3100,EVODEX.2-P3101,EVODEX.2-P3104,EVODEX.2-P3107,EVODEX.2-P3108,EVODEX.2-P3109,EVODEX.2-P3111,EVODEX.2-P3114,EVODEX.2-P3115,EVODEX.2-P3117,EVODEX.2-P3118,EVODEX.2-P3119,EVODEX.2-P3120,EVODEX.2-P3121,EVODEX.2-P3122,EVODEX.2-P3123,EVODEX.2-P3124,EVODEX.2-P3126,EVODEX.2-P3129,EVODEX.2-P3150,EVODEX.2-P3152,EVODEX.2-P3160,EVODEX.2-P3161,EVODEX.2-P3165,EVODEX.2-P3170,EVODEX.2-P3224,EVODEX.2-P3233,EVODEX.2-P3234,EVODEX.2-P3235,EVODEX.2-P3249,EVODEX.2-P3251,EVODEX.2-P3255,EVODEX.2-P3257,EVODEX.2-P3266,EVODEX.2-P6954",75172592108267909205825007379838385632123251698298214468149425137825313958024
EVODEX.2-Dm573,[#6:17]-[#6:18](=[#8:19])-[#8]-[#6].[#8:26](-[#1])-[#1]>>[#6:17]-[#6:18](=[#8:19])-[#8:26]-[#1],"EVODEX.2-P3375,EVODEX.2-P3377,EVODEX.2-P3380,EVODEX.2-P3384,EVODEX.2-P3400,EVODEX.2-P3401,EVODEX.2-P3424,EVODEX.2-P3458,EVODEX.2-P3461,EVODEX.2-P3462,EVODEX.2-P3464,EVODEX.2-P3465,EVODEX.2-P3466,EVODEX.2-P3480,EVODEX.2-P3512,EVODEX.2-P3524,EVODEX.2-P3529,EVODEX.2-P3543,EVODEX.2-P3549,EVODEX.2-P3585,EVODEX.2-P3784,EVODEX.2-P3789,EVODEX.2-P3793,EVODEX.2-P3796,EVODEX.2-P3801,EVODEX.2-P3848,EVODEX.2-P3855,EVODEX.2-P3909,EVODEX.2-P3914,EVODEX.2-P3953,EVODEX.2-P3967,EVODEX.2-P3982,EVODEX.2-P4630,EVODEX.2-P4679,EVODEX.2-P4741",63026994961316608053623511839534187753176632491538415196069322436893823086535
EVODEX.2-Dm401,[#8]=[#15]-[#8]-[#6@@:6](-[#8:7])(-[#6@:26])-[#1:64].[#8:61](-[#6@@:60])-[#1]>>[#8:61](-[#6@@:6](-[#8:7])(-[#6@:26])-[#1:64])-[#6@@:60],"EVODEX.2-P1960,EVODEX.2-P1967,EVODEX.2-P1971,EVODEX.2-P1972,EVODEX.2-P1976,EVODEX.2-P1977,EVODEX.2-P1978,EVODEX.2-P2000,EVODEX.2-P2035,EVODEX.2-P2046,EVODEX.2-P2047,EVODEX.2-P2049,EVODEX.2-P2050,EVODEX.2-P2052,EVODEX.2-P2057,EVODEX.2-P2058,EVODEX.2-P2060,EVODEX.2-P2062,EVODEX.2-P2063,EVODEX.2-P2071,EVODEX.2-P2073,EVODEX.2-P2074,EVODEX.2-P2075,EVODEX.2-P2079,EVODEX.2-P2080,EVODEX.2-P2106,EVODEX.2-P2108,EVODEX.2-P2116,EVODEX.2-P2118,EVODEX.2-P2161",35838028980020458881531839630053734529568511293953646042643407471185049827832
EVODEX.2-Dm434,[#8:1]=[#15:2]-[#8:3]-[#1]>>[#8:1]=[#15:2]-[#8:3]-[#15](=[#8])(-[#8])-[#8],"EVODEX.2-P2167,EVODEX.2-P2893,EVODEX.2-P3099,EVODEX.2-P3102,EVODEX.2-P3103,EVODEX.2-P3125,EVODEX.2-P3128,EVODEX.2-P3131,EVODEX.2-P3135,EVODEX.2-P3137,EVODEX.2-P3138,EVODEX.2-P3154,EVODEX.2-P3155,EVODEX.2-P3156,EVODEX.2-P3166,EVODEX.2-P3168,EVODEX.2-P3169,EVODEX.2-P3173,EVODEX.2-P3188,EVODEX.2-P3198,EVODEX.2-P3209,EVODEX.2-P3221,EVODEX.2-P3227,EVODEX.2-P3228,EVODEX.2-P6955",50025437054594512027264450572781825993793505979475048475663976203034249485132
EVODEX.2-Dm625,[#6:17](-[#6@@:16])(=[#8:18])-[#8:19]-[#1]>>[#7](-[#6@])(-[#6:17](-[#6@:16])=[#8:18])-[#1].[#8:19](-[#1])-[#1],"EVODEX.2-P3566,EVODEX.2-P4609,EVODEX.2-P4612,EVODEX.2-P4619,EVODEX.2-P4625,EVODEX.2-P4638,EVODEX.2-P4642,EVODEX.2-P4648,EVODEX.2-P4649,EVODEX.2-P4654,EVODEX.2-P4663,EVODEX.2-P4681,EVODEX.2-P4693,EVODEX.2-P4697,EVODEX.2-P4699,EVODEX.2-P4702,EVODEX.2-P5197,EVODEX.2-P5215,EVODEX.2-P5218,EVODEX.2-P5220,EVODEX.2-P5338,EVODEX.2-P5340,EVODEX.2-P5343,EVODEX.2-P5351,EVODEX.2-P5354",31491515950571714231919089658924533255101330876147433214372274694343291577537
EVODEX.2-Dm698,[#6:7](-[#6@:5])(=[#8:8])-[#7](-[#6])-[#6@].[#8:17](-[#1])-[#1]>>[#6:7](-[#6@:5])(=[#8:8])-[#8:17]-[#1],"EVODEX.2-P4067,EVODEX.2-P4172,EVODEX.2-P4173,EVODEX.2-P4175,EVODEX.2-P4179,EVODEX.2-P4181,EVODEX.2-P4216,EVODEX.2-P4245,EVODEX.2-P4308,EVODEX.2-P4916,EVODEX.2-P4979,EVODEX.2-P4991,EVODEX.2-P4992,EVODEX.2-P4997,EVODEX.2-P4999,EVODEX.2-P5001,EVODEX.2-P5003,EVODEX.2-P5004,EVODEX.2-P5014,EVODEX.2-P5017,EVODEX.2-P5037,EVODEX.2-P5039,EVODEX.2-P5041,EVODEX.2-P5045,EVODEX.2-P5047",88325570911668050522926116799539284320769259217071339301866682777428050623466
EVODEX.2-Dm699,[#6:7](-[#6@:5])(=[#8:8])-[#7](-[#6])-[#6@]>>[#6:7](-[#6@:5])(=[#8:8])-[#8]-[#1],"EVODEX.2-P4068,EVODEX.2-P4162,EVODEX.2-P4174,EVODEX.2-P4176,EVODEX.2-P4177,EVODEX.2-P4178,EVODEX.2-P4180,EVODEX.2-P4213,EVODEX.2-P4324,EVODEX.2-P4369,EVODEX.2-P4987,EVODEX.2-P4988,EVODEX.2-P4990,EVODEX.2-P4993,EVODEX.2-P4994,EVODEX.2-P4995,EVODEX.2-P4996,EVODEX.2-P5000,EVODEX.2-P5002,EVODEX.2-P5015,EVODEX.2-P5038,EVODEX.2-P5040,EVODEX.2-P5042,EVODEX.2-P5044,EVODEX.2-P5046",7906368047571651343967758254954987597919235530987332642106040545797593657283
EVODEX.2-Dm272,[#8:81](-[#6@@:80])-[#1]>>[#15](=[#8])(-[#8])(-[#8])-[#8:81]-[#6@@:80],"EVODEX.2-P1303,EVODEX.2-P2801,EVODEX.2-P2880,EVODEX.2-P2892,EVODEX.2-P2906,EVODEX.2-P2910,EVODEX.2-P2977,EVODEX.2-P3028,EVODEX.2-P3144,EVODEX.2-P3146,EVODEX.2-P3151,EVODEX.2-P3189,EVODEX.2-P3191,EVODEX.2-P3199,EVODEX.2-P3201,EVODEX.2-P3203,EVODEX.2-P3205,EVODEX.2-P3237,EVODEX.2-P3238,EVODEX.2-P3239",3910466186718378743426883543125116540425815780374551602634169695636537394971
EVODEX.2-Dm323,[#6:65]-[#8:66]-[#1]>>[#6]1:[#6]:[#6](/[#6]=[#6]/[#6](=[#8])-[#8:66]-[#6:65]):[#6]:[#6]:[#6]:1,"EVODEX.2-P1511,EVODEX.2-P1512,EVODEX.2-P1549,EVODEX.2-P1553,EVODEX.2-P1556,EVODEX.2-P1570,EVODEX.2-P1572,EVODEX.2-P1584,EVODEX.2-P1638,EVODEX.2-P1639,EVODEX.2-P1642,EVODEX.2-P1681,EVODEX.2-P1683,EVODEX.2-P1685,EVODEX.2-P1840,EVODEX.2-P1841,EVODEX.2-P3593,EVODEX.2-P3594,EVODEX.2-P3595,EVODEX.2-P3597",92362528630505666983319348614663254625177654391881372735312903133796928681751
EVODEX.2-Dm71,[#8]-[#15](=[#8])(-[#8])-[#8:23]-[#15:24]=[#8:25]>>[#8:23](-[#15:24]=[#8:25])-[#1],"EVODEX.2-P245,EVODEX.2-P2870,EVODEX.2-P3112,EVODEX.2-P3132,EVODEX.2-P3153,EVODEX.2-P3159,EVODEX.2-P3172,EVODEX.2-P3186,EVODEX.2-P3193,EVODEX.2-P3197,EVODEX.2-P3222,EVODEX.2-P3242,EVODEX.2-P3246,EVODEX.2-P5676,EVODEX.2-P5695,EVODEX.2-P5697,EVODEX.2-P5704",98169846725547865462903592715460063827729623115468681149188401956870742371901
EVODEX.2-Dm881,[#6:47]-[#16:48]-[#1].[#6:52]-[#6:53](=[#8:54])-[#8]-[#1].[#8]-[#15](=[#8])(-[#8])-[#8:74]-[#15:75]=[#8:76]>>[#6:47]-[#16:48]-[#6:53](-[#6:52])=[#8:54].[#8:74](-[#15:75]=[#8:76])-[#1],"EVODEX.2-P6060,EVODEX.2-P6073,EVODEX.2-P6091,EVODEX.2-P6111,EVODEX.2-P6114,EVODEX.2-P6123,EVODEX.2-P6143,EVODEX.2-P6144,EVODEX.2-P6171,EVODEX.2-P6174,EVODEX.2-P6181,EVODEX.2-P6187,EVODEX.2-P6202,EVODEX.2-P6207,EVODEX.2-P6209,EVODEX.2-P6213",3406144817763624426220419413108547281520448490685105799676193248828107537880
EVODEX.2-Dm515,[#8:39](-[#6@@:36])-[#15:40](=[#8:41])(-[#8:42])-[#8:43]>>[#15](=[#8])-[#8]-[#15:40](=[#8:41])(-[#8:42])-[#8:43].[#8:39](-[#6@@:36])-[#1],"EVODEX.2-P2802,EVODEX.2-P2808,EVODEX.2-P2811,EVODEX.2-P2812,EVODEX.2-P2879,EVODEX.2-P2905,EVODEX.2-P2951,EVODEX.2-P2969,EVODEX.2-P3012,EVODEX.2-P3136,EVODEX.2-P3140,EVODEX.2-P3184,EVODEX.2-P3185,EVODEX.2-P3200,EVODEX.2-P3202",74629921900897325331726953596037814450006625499154514030401980000954784337028
EVODEX.2-Dm614,[#6]-[#8]-[#6:18](=[#8:19])-[#6@:20].[#7:11](-[#6@@:10])(-[#1])-[#1]>>[#7:11](-[#6@@:10])(-[#6:18](=[#8:19])-[#6@:20])-[#1],"EVODEX.2-P3545,EVODEX.2-P3562,EVODEX.2-P4113,EVODEX.2-P4115,EVODEX.2-P4119,EVODEX.2-P4122,EVODEX.2-P4125,EVODEX.2-P4137,EVODEX.2-P4529,EVODEX.2-P4532,EVODEX.2-P4533,EVODEX.2-P4736,EVODEX.2-P4879,EVODEX.2-P4970,EVODEX.2-P4972",67380184200992646462926806596769487207838926896048539169528602213083277053745
EVODEX.2-Dm615,[#7:11](-[#6@@:10])(-[#6:12](=[#8:13])-[#6@:14])-[#1]>>[#6:12](=[#8:13])(-[#6@:14])-[#8]-[#6].[#7:11](-[#6@@:10])(-[#1])-[#1],"EVODEX.2-P3546,EVODEX.2-P3551,EVODEX.2-P4117,EVODEX.2-P4118,EVODEX.2-P4127,EVODEX.2-P4131,EVODEX.2-P4134,EVODEX.2-P4136,EVODEX.2-P4882,EVODEX.2-P4960,EVODEX.2-P4964,EVODEX.2-P4965,EVODEX.2-P4967,EVODEX.2-P5204,EVODEX.2-P5292",21334035791152442489672829907207834250899997069725165145809196026424409244653
EVODEX.2-Dm690,[#6:7](-[#6@:5])(=[#8:8])-[#7](-[#6]1:[#6]:[#6]:[#6]2:[#6]:[#6]:[#6](=[#8]):[#8]:[#6]:2:[#6]:1)-[#1]>>[#6:7](-[#6@:5])(=[#8:8])-[#8]-[#1],"EVODEX.2-P4006,EVODEX.2-P4036,EVODEX.2-P4038,EVODEX.2-P4073,EVODEX.2-P4076,EVODEX.2-P4077,EVODEX.2-P4078,EVODEX.2-P4243,EVODEX.2-P4762,EVODEX.2-P4838,EVODEX.2-P4849,EVODEX.2-P4924,EVODEX.2-P4931,EVODEX.2-P5115,EVODEX.2-P5188",88359838884177305662983176675104273812335898937653063513798126133674514829985
EVODEX.2-Dm694,[#6:7](-[#6@:5])(=[#8:8])-[#7](-[#6]1:[#6]:[#6]:[#6]2:[#6]:[#6]:[#6](=[#8]):[#8]:[#6]:2:[#6]:1)-[#1].[#8:25](-[#1])-[#1]>>[#6:7](-[#6@:5])(=[#8:8])-[#8:25]-[#1],"EVODEX.2-P4037,EVODEX.2-P4072,EVODEX.2-P4074,EVODEX.2-P4075,EVODEX.2-P4079,EVODEX.2-P4515,EVODEX.2-P4730,EVODEX.2-P4764,EVODEX.2-P4874,EVODEX.2-P4911,EVODEX.2-P4914,EVODEX.2-P4919,EVODEX.2-P4923,EVODEX.2-P4925,EVODEX.2-P4930",72200258358837117388230423142824888407262314901546761295726096391015242460020
EVODEX.2-Dm885,[#6:47]-[#16:48]-[#1].[#8:80]=[#6:81](-[#8:82]-[#1])-[#6:83]>>[#6:47]-[#16:48]-[#6:81](=[#8:80])-[#6:83].[#8]-[#15](=[#8])(-[#8])-[#8:82]-[#1],"EVODEX.2-P6082,EVODEX.2-P6092,EVODEX.2-P6094,EVODEX.2-P6095,EVODEX.2-P6100,EVODEX.2-P6116,EVODEX.2-P6130,EVODEX.2-P6161,EVODEX.2-P6163,EVODEX.2-P6172,EVODEX.2-P6193,EVODEX.2-P6203,EVODEX.2-P6208,EVODEX.2-P6220,EVODEX.2-P6222",49172599897046378702501644709316315249328017015791489721306673316879440323669
EVODEX.2-Dm886,[#6:65]-[#6:66](=[#8:67])-[#8:68]-[#1]>>[#6]-[#16]-[#6:66](-[#6:65])=[#8:67].[#8:68](-[#15](-[#8])(=[#8])-[#8])-[#1],"EVODEX.2-P6090,EVODEX.2-P6097,EVODEX.2-P6108,EVODEX.2-P6132,EVODEX.2-P6148,EVODEX.2-P6149,EVODEX.2-P6160,EVODEX.2-P6173,EVODEX.2-P6175,EVODEX.2-P6176,EVODEX.2-P6183,EVODEX.2-P6206,EVODEX.2-P6211,EVODEX.2-P6218,EVODEX.2-P6224",324344662840325545894785544116812438479276255504224115784784987406445391093
EVODEX.2-Dm910,[#7:1](-[#6:2])(-[#1])-[#1].[#6:43]-[#6:44](=[#8:45])-[#8:46]-[#1]>>[#7:1](-[#6:2])(-[#6:44](-[#6:43])=[#8:45])-[#1].[#8:46](-[#15](-[#8])(=[#8])-[#8])-[#1],"EVODEX.2-P6282,EVODEX.2-P6312,EVODEX.2-P6314,EVODEX.2-P6346,EVODEX.2-P6360,EVODEX.2-P6405,EVODEX.2-P6412,EVODEX.2-P6503,EVODEX.2-P6523,EVODEX.2-P6580,EVODEX.2-P6724,EVODEX.2-P6896,EVODEX.2-P6902,EVODEX.2-P6943,EVODEX.2-P6947",14900726383679935513563746730634112002338720955801048272655642128870660684974
EVODEX.2-Dm15,[#6:11]-[#6@@:12](-[#8:13]-[#1])(-[#6:14]=[#8:15])-[#1]>>[#6:11]-[#6:12](=[#8:13])-[#6:14]=[#8:15],"EVODEX.2-P102,EVODEX.2-P109,EVODEX.2-P110,EVODEX.2-P25,EVODEX.2-P34,EVODEX.2-P40,EVODEX.2-P47,EVODEX.2-P6017,EVODEX.2-P6018,EVODEX.2-P6021,EVODEX.2-P6022,EVODEX.2-P63,EVODEX.2-P87",112218665344509494202234454742471233305693048998144974378558751592745415985666
EVODEX.2-Dm872,[#6]-[#6](=[#8])-[#8:4]-[#1].[#8:67]-[#15:68](=[#8:69])(-[#8:70])-[#8:71]-[#15:72]=[#8:73]>>[#8:4](-[#15:68](-[#8:67])(=[#8:69])-[#8:70])-[#1].[#8:71](-[#15:72]=[#8:73])-[#1],"EVODEX.2-P6039,EVODEX.2-P6071,EVODEX.2-P6074,EVODEX.2-P6134,EVODEX.2-P6237,EVODEX.2-P6254,EVODEX.2-P6375,EVODEX.2-P6385,EVODEX.2-P6413,EVODEX.2-P6500,EVODEX.2-P6525,EVODEX.2-P6529",21871432362517292259509133285369236841534488395358201101051694662974088393538
EVODEX.2-Dm879,[#6:53]-[#6:54](=[#8:55])-[#8]-[#1].[#8]-[#15](=[#8])(-[#8])-[#8:75]-[#15:76]=[#8:77]>>[#6]-[#16]-[#6:54](-[#6:53])=[#8:55].[#8:75](-[#15:76]=[#8:77])-[#1],"EVODEX.2-P6051,EVODEX.2-P6062,EVODEX.2-P6089,EVODEX.2-P6093,EVODEX.2-P6096,EVODEX.2-P6117,EVODEX.2-P6157,EVODEX.2-P6159,EVODEX.2-P6178,EVODEX.2-P6182,EVODEX.2-P6191,EVODEX.2-P6223",31074996501992604227318348118029543901855841803948975395312032188574964243723
EVODEX.2-Dm565,[#6:59]-[#6:60](=[#8:61])-[#8:62]-[#1]>>[#6](=[#8])(-[#6])-[#8:62]-[#1].[#6]-[#16]-[#6:60](-[#6:59])=[#8:61],"EVODEX.2-P3317,EVODEX.2-P3332,EVODEX.2-P3335,EVODEX.2-P3339,EVODEX.2-P3343,EVODEX.2-P3344,EVODEX.2-P3353,EVODEX.2-P3355,EVODEX.2-P3361,EVODEX.2-P3363,EVODEX.2-P3367",108524850739835049776806546208141417479464941141345322515123282194387579447310
EVODEX.2-Dm906,[#6:18]-[#6:19](=[#8:20])-[#8]-[#1].[#6:30]-[#7:31](-[#1])-[#1].[#8]-[#15](=[#8])(-[#8])-[#8:54]-[#15:55]=[#8:56]>>[#6:18]-[#6:19](=[#8:20])-[#7:31](-[#6:30])-[#1].[#8:54](-[#15:55]=[#8:56])-[#1],"EVODEX.2-P6263,EVODEX.2-P6302,EVODEX.2-P6315,EVODEX.2-P6431,EVODEX.2-P6496,EVODEX.2-P6610,EVODEX.2-P6656,EVODEX.2-P6895,EVODEX.2-P6899,EVODEX.2-P6905,EVODEX.2-P6906",44321863744351027501848150596960495803562796992904939058386754893648529432800
EVODEX.2-Dm59,[#6:4]1:[#6:5]:[#6:6](:[#6:7]:[#6:9]:[#6:10]:1)-[#1].[#8:14](-[#8]-[#1])-[#1]>>[#6:4]1:[#6:5]:[#6:6](-[#8:14]-[#1]):[#6:7]:[#6:9]:[#6:10]:1,"EVODEX.2-P197,EVODEX.2-P433,EVODEX.2-P436,EVODEX.2-P441,EVODEX.2-P520,EVODEX.2-P532,EVODEX.2-P540,EVODEX.2-P543,EVODEX.2-P588,EVODEX.2-P654",608485901912217386842504566599679082362946424763818152526931320046499788146
EVODEX.2-Dm60,[#6:2]1:[#6:3]:[#6:4](:[#6:5]:[#6:7]:[#6:8]:1)-[#1]>>[#6:2]1:[#6:3]:[#6:4](-[#8]-[#1]):[#6:5]:[#6:7]:[#6:8]:1,"EVODEX.2-P198,EVODEX.2-P199,EVODEX.2-P432,EVODEX.2-P439,EVODEX.2-P519,EVODEX.2-P530,EVODEX.2-P538,EVODEX.2-P539,EVODEX.2-P546,EVODEX.2-P552",59671277867476234005174295363294320778542639911593696806006986429442688387001
EVODEX.2-Dm76,[#6:18](=[#8:19])-[#8:20]-[#1]>>[#6:18](=[#8:19])-[#8:20]-[#15](-[#8])(=[#8])-[#8],"EVODEX.2-P1449,EVODEX.2-P250,EVODEX.2-P3037,EVODEX.2-P3046,EVODEX.2-P3052,EVODEX.2-P3054,EVODEX.2-P6199,EVODEX.2-P6205,EVODEX.2-P6215,EVODEX.2-P6216",110245029492519327997714289384823725144451630989882327725909610147290536834895
EVODEX.2-Dm78,[#6:8](-[#6@:6])(-[#6:9]=[#8:10])(-[#1:37])-[#1].[#8:22]=[#8:23]>>[#6:8](-[#6@:6])(-[#6:9]=[#8:10])(-[#8:22]-[#1])-[#1:37].[#6]-[#6](=[#8])-[#8:23]-[#1],"EVODEX.2-P255,EVODEX.2-P262,EVODEX.2-P286,EVODEX.2-P298,EVODEX.2-P304,EVODEX.2-P307,EVODEX.2-P309,EVODEX.2-P340,EVODEX.2-P347,EVODEX.2-P349",108784828260768960184071646905406011349308841732741256409565586335616447539259
EVODEX.2-Dm79,[#6:8](-[#6@:6])(-[#6:9]=[#8:10])(-[#1:37])-[#1].[#6:16]-[#6:17](=[#8:18])-[#6:19](=[#8:20])-[#8:21]-[#1]>>[#6:19](=[#8:20])=[#8:21].[#6:8](-[#6@:6])(-[#6:9]=[#8:10])(-[#8]-[#1])-[#1:37].[#6:16]-[#6:17](=[#8:18])-[#8]-[#1],"EVODEX.2-P256,EVODEX.2-P277,EVODEX.2-P282,EVODEX.2-P290,EVODEX.2-P315,EVODEX.2-P322,EVODEX.2-P335,EVODEX.2-P341,EVODEX.2-P343,EVODEX.2-P420",56481491646687217672826729327789854262818552744481912807122151020011184122695
EVODEX.2-Dm80,[#6:8](-[#6@:6])(-[#6:9]=[#8:10])(-[#1:37])-[#1].[#6]-[#6](=[#8])-[#6:19](=[#8:20])-[#8:21]-[#1]>>[#6:19](=[#8:20])=[#8:21].[#6:8](-[#6@:6])(-[#6:9]=[#8:10])(-[#8]-[#1])-[#1:37],"EVODEX.2-P257,EVODEX.2-P279,EVODEX.2-P284,EVODEX.2-P292,EVODEX.2-P297,EVODEX.2-P308,EVODEX.2-P323,EVODEX.2-P327,EVODEX.2-P330,EVODEX.2-P332",37059133822954503409967877780217034675339858695654471604130719383150297633669
EVODEX.2-Dm81,[#6:8](-[#6@:6])(-[#6:9]=[#8:10])(-[#1:37])-[#1]>>[#6:8](-[#6@:6])(-[#6:9]=[#8:10])(-[#8]-[#1])-[#1:37],"EVODEX.2-P2506,EVODEX.2-P258,EVODEX.2-P264,EVODEX.2-P303,EVODEX.2-P311,EVODEX.2-P317,EVODEX.2-P325,EVODEX.2-P329,EVODEX.2-P3341,EVODEX.2-P336",98905048646972025792692881467811728119084486716967554295025655574383653644542
EVODEX.2-Dm82,[#6:8](-[#6@:6])(-[#6:9]=[#8:10])(-[#1:37])-[#1].[#6:16]-[#6:17](=[#8:18])-[#6](=[#8])-[#8]>>[#6:8](-[#6@:6])(-[#6:9]=[#8:10])(-[#8]-[#1])-[#1:37].[#6:16]-[#6:17](=[#8:18])-[#8]-[#1],"EVODEX.2-P259,EVODEX.2-P280,EVODEX.2-P285,EVODEX.2-P302,EVODEX.2-P312,EVODEX.2-P316,EVODEX.2-P331,EVODEX.2-P338,EVODEX.2-P344,EVODEX.2-P421",26619834031782715977674280169873876266399808229876561839571221804262851354585
EVODEX.2-Dm83,[#6:8](-[#6@@:6])(-[#6:9]=[#8:10])(-[#1:37])-[#1].[#6:16]-[#6:17](=[#8:18])-[#6:19](=[#8:20])-[#8:21]-[#1].[#8:22]=[#8:23]>>[#6:19](=[#8:20])=[#8:21].[#6:8](-[#6@@:6])(-[#6:9]=[#8:10])(-[#8:22]-[#1])-[#1:37].[#6:16]-[#6:17](=[#8:18])-[#8:23]-[#1],"EVODEX.2-P260,EVODEX.2-P281,EVODEX.2-P288,EVODEX.2-P293,EVODEX.2-P300,EVODEX.2-P313,EVODEX.2-P318,EVODEX.2-P326,EVODEX.2-P339,EVODEX.2-P345",53413498897443896738897592233029831877410895232469099299620299037747069474057
EVODEX.2-Dm84,[#6:8](-[#6@@:6])(-[#6:9]=[#8:10])(-[#1:37])-[#1].[#6:16]-[#6:17](=[#8:18])-[#6](=[#8])-[#8].[#8:22]=[#8:23]>>[#6:8](-[#6@@:6])(-[#6:9]=[#8:10])(-[#8:22]-[#1])-[#1:37].[#6:16]-[#6:17](=[#8:18])-[#8:23]-[#1],"EVODEX.2-P261,EVODEX.2-P278,EVODEX.2-P283,EVODEX.2-P291,EVODEX.2-P296,EVODEX.2-P314,EVODEX.2-P320,EVODEX.2-P321,EVODEX.2-P334,EVODEX.2-P346",49754457667071599089505015299381693783933626482211891812643031742525305193651
EVODEX.2-Dm85,[#6:8](-[#6@@:6])(-[#6:9]=[#8:10])(-[#1:37])-[#1].[#8:22]=[#8]>>[#6:8](-[#6@@:6])(-[#6:9]=[#8:10])(-[#8:22]-[#1])-[#1:37],"EVODEX.2-P263,EVODEX.2-P287,EVODEX.2-P289,EVODEX.2-P299,EVODEX.2-P305,EVODEX.2-P310,EVODEX.2-P324,EVODEX.2-P328,EVODEX.2-P333,EVODEX.2-P350",44954213276333468645042788627982357865473872102456261719026471691650920949576
EVODEX.2-Dm91,[#6:3]-[#6:4](-[#6:5]=[#8:6])(-[#1:26])-[#1].[#8:18]=[#8].[#6]-[#6](=[#8])-[#6:15](=[#8:16])-[#8:17]-[#1]>>[#6:15](=[#8:16])=[#8:17].[#6:3]-[#6@:4](-[#6:5]=[#8:6])(-[#8:18]-[#1])-[#1:26],"EVODEX.2-P276,EVODEX.2-P294,EVODEX.2-P295,EVODEX.2-P301,EVODEX.2-P306,EVODEX.2-P319,EVODEX.2-P337,EVODEX.2-P342,EVODEX.2-P348,EVODEX.2-P419",99134630150855993635796671884508145249966354414096215770630692896258521523951
EVODEX.2-Dm278,[#6:1](-[#16&+](-[#6])-[#6])(-[#1:35])(-[#1:36])-[#1:37].[#6:30]-[#16:31]-[#1]>>[#6:1](-[#16:31]-[#6:30])(-[#1:35])(-[#1:36])-[#1:37],"EVODEX.2-P1322,EVODEX.2-P1392,EVODEX.2-P1401,EVODEX.2-P1430,EVODEX.2-P1433,EVODEX.2-P1434,EVODEX.2-P1436,EVODEX.2-P1437,EVODEX.2-P1438,EVODEX.2-P1440",32530972366668931594795401091105879244644014411546264070073859591797225435846
EVODEX.2-Dm317,[#8:8]=[#6:9](-[#6:10])-[#1:21]>>[#6](=[#8])(-[#6])-[#6@@:9](-[#8:8]-[#1])(-[#6:10])-[#1:21],"EVODEX.2-P1483,EVODEX.2-P1484,EVODEX.2-P1486,EVODEX.2-P1489,EVODEX.2-P1491,EVODEX.2-P1492,EVODEX.2-P1493,EVODEX.2-P1498,EVODEX.2-P1810,EVODEX.2-P5809",23290575794741384188938516415811707071677060446262972753487524631439395137598
EVODEX.2-Dm322,[#6:3]1:[#6:4]:[#6:5](/[#6:6]=[#6:7]/[#6:8](=[#8:9])-[#16:10]-[#6:11]):[#6:58]:[#6:59]:[#6:60]:1.[#6:65]-[#8:66]-[#1]>>[#6:3]1:[#6:4]:[#6:5](/[#6:6]=[#6:7]/[#6:8](=[#8:9])-[#8:66]-[#6:65]):[#6:58]:[#6:59]:[#6:60]:1.[#16:10](-[#6:11])-[#1],"EVODEX.2-P1510,EVODEX.2-P1550,EVODEX.2-P1551,EVODEX.2-P1552,EVODEX.2-P1554,EVODEX.2-P1568,EVODEX.2-P1571,EVODEX.2-P1640,EVODEX.2-P1641,EVODEX.2-P1680",19069156182156848449886399250354579991245340009995115248517366506036949487530
EVODEX.2-Dm326,[#7:62](-[#6:63])(-[#1])-[#1]>>[#6]1:[#6]:[#6](/[#6]=[#6]/[#6](=[#8])-[#7:62](-[#6:63])-[#1]):[#6]:[#6]:[#6]:1,"EVODEX.2-P1515,EVODEX.2-P1517,EVODEX.2-P1519,EVODEX.2-P1522,EVODEX.2-P1525,EVODEX.2-P1526,EVODEX.2-P1561,EVODEX.2-P1564,EVODEX.2-P1566,EVODEX.2-P1768",63165053514075409058073124971896045717122355893641539076184948909554524990831
EVODEX.2-Dm335,[#6:3]1:[#6:4]:[#6:5](/[#6:6]=[#6:7]/[#6:8](=[#8:9])-[#16]-[#6]):[#6:58]:[#6:59]:[#6:60]:1.[#6:70]-[#8:71]-[#1]>>[#6:3]1:[#6:4]:[#6:5](/[#6:6]=[#6:7]/[#6:8](=[#8:9])-[#8:71]-[#6:70]):[#6:58]:[#6:59]:[#6:60]:1,"EVODEX.2-P1542,EVODEX.2-P1555,EVODEX.2-P1558,EVODEX.2-P1559,EVODEX.2-P1569,EVODEX.2-P1573,EVODEX.2-P1585,EVODEX.2-P1637,EVODEX.2-P1682,EVODEX.2-P1684",9011215648172307344496895813015565345290988382768474826941869304087355509136
EVODEX.2-Dm336,[#6:17]-[#6:18](=[#8:19])-[#16:20]-[#6:21]>>[#6:17]-[#6:18](=[#8:19])-[#7](-[#6])-[#1].[#16:20](-[#6:21])-[#1],"EVODEX.2-P1543,EVODEX.2-P1545,EVODEX.2-P1662,EVODEX.2-P1695,EVODEX.2-P1696,EVODEX.2-P1697,EVODEX.2-P1706,EVODEX.2-P1707,EVODEX.2-P1770,EVODEX.2-P1771",5169654836708686748494403513901515699047596529133706268513333064272036094580
EVODEX.2-Dm342,[#6:19]-[#6:20](=[#8:21])-[#16:22]-[#6:23]>>[#6:19]-[#6:20](=[#8:21])-[#8]-[#6].[#16:22](-[#6:23])-[#1],"EVODEX.2-P1580,EVODEX.2-P1581,EVODEX.2-P1583,EVODEX.2-P1672,EVODEX.2-P1719,EVODEX.2-P1782,EVODEX.2-P1786,EVODEX.2-P1791,EVODEX.2-P1798,EVODEX.2-P1809",20489350250519467047272177632424109652731794528883381723831028348689055856795
EVODEX.2-Dm355,[#6:1]-[#6:2](=[#8:3])-[#16]-[#6].[#8:52](-[#6:53])-[#1]>>[#6:1]-[#6:2](=[#8:3])-[#8:52]-[#6:53],"EVODEX.2-P1616,EVODEX.2-P1619,EVODEX.2-P1620,EVODEX.2-P1622,EVODEX.2-P1623,EVODEX.2-P1694,EVODEX.2-P1779,EVODEX.2-P1788,EVODEX.2-P1803,EVODEX.2-P1825",37173966211546702383505553275839489138759105464615292870686731108545411514154
EVODEX.2-Dm381,[#6:4]-[#6:5](=[#8:6])-[#7:7](-[#6:8]1:[#6:9]:[#6:10]:[#6:11](-[#7&+:12]=[#8:13]):[#6:15](-[#6:16]=[#8:17]):[#6:19]:1)-[#1]>>[#6:4]-[#6:5](=[#8:6])-[#8]-[#1].[#7:7](-[#6:8]1:[#6:9]:[#6:10]:[#6:11](-[#7&+:12]=[#8:13]):[#6:15](-[#6:16]=[#8:17]):[#6:19]:1)(-[#1])-[#1],"EVODEX.2-P1874,EVODEX.2-P3558,EVODEX.2-P4457,EVODEX.2-P4462,EVODEX.2-P4542,EVODEX.2-P4767,EVODEX.2-P4770,EVODEX.2-P4775,EVODEX.2-P4777,EVODEX.2-P5233",110683314834039027117225125382422818861683810512454782281144930230865365459370
EVODEX.2-Dm406,[#8](-[#6@@:6](-[#6@@:5])(-[#8:32])-[#1:71])-[#15]=[#8].[#8:65](-[#1])-[#1]>>[#8:65](-[#6@@:6](-[#6@@:5])(-[#8:32])-[#1:71])-[#1],"EVODEX.2-P1969,EVODEX.2-P2037,EVODEX.2-P2038,EVODEX.2-P2120,EVODEX.2-P2132,EVODEX.2-P3674,EVODEX.2-P3676,EVODEX.2-P3679,EVODEX.2-P3680,EVODEX.2-P3887",90548219667992157131894245534422760282566413577173242628492232527124005604640
EVODEX.2-Dm411,[#15:27](=[#8:28])-[#8:29]-[#1].[#15](=[#8])-[#8]-[#6@@:49](-[#8:50])(-[#6@:58])-[#1:120]>>[#15:27](=[#8:28])-[#8:29]-[#6@:49](-[#8:50])(-[#6@:58])-[#1:120],"EVODEX.2-P1984,EVODEX.2-P1985,EVODEX.2-P1987,EVODEX.2-P2005,EVODEX.2-P2101,EVODEX.2-P2103,EVODEX.2-P2123,EVODEX.2-P2127,EVODEX.2-P2129,EVODEX.2-P3182",72110493431757100793816878482376871636145957871986740083893356751410566057136
EVODEX.2-Dm459,[#6:11]-[#16:12]-[#1]>>[#6](-[#6@])(-[#16:12]-[#6:11])(-[#1])-[#1],"EVODEX.2-P2270,EVODEX.2-P2271,EVODEX.2-P2274,EVODEX.2-P2276,EVODEX.2-P2283,EVODEX.2-P2292,EVODEX.2-P2296,EVODEX.2-P2298,EVODEX.2-P2302,EVODEX.2-P5996",44257878807603575892553667134480331270987612220530459861523463759835310700450
EVODEX.2-Dm466,[#6:39]-[#16:40]-[#1]>>[#6]=[#6]-[#6](-[#16:40]-[#6:39])(-[#1])-[#1],"EVODEX.2-P2305,EVODEX.2-P2309,EVODEX.2-P2310,EVODEX.2-P2321,EVODEX.2-P2328,EVODEX.2-P2330,EVODEX.2-P2331,EVODEX.2-P2332,EVODEX.2-P2333,EVODEX.2-P2334",97977276324678900435665448451723531058070761448448735528486838088085639816926
EVODEX.2-Dm473,[#8:2]=[#15:3](-[#8:4])(-[#8:5])-[#8]-[#15]=[#8].[#8:1](-[#1])-[#1]>>[#8:1](-[#15:3](=[#8:2])(-[#8:4])-[#8:5])-[#1],"EVODEX.2-P2337,EVODEX.2-P3208,EVODEX.2-P3268,EVODEX.2-P5629,EVODEX.2-P5674,EVODEX.2-P5675,EVODEX.2-P5679,EVODEX.2-P5680,EVODEX.2-P5682,EVODEX.2-P5709",71243416853847366905926458233139399745264501944168737714528004217866003214927
EVODEX.2-Dm486,[#6:35]-[#6:36](-[#6@:2])=[#8].[#7:38](-[#6@@](-[#6])(-[#6]=[#8])-[#1])(-[#1])-[#1]>>[#6:35]-[#6@@:36](-[#6@:2])(-[#7:38](-[#1])-[#1])-[#1],"EVODEX.2-P2391,EVODEX.2-P2404,EVODEX.2-P2498,EVODEX.2-P2499,EVODEX.2-P2502,EVODEX.2-P2559,EVODEX.2-P2561,EVODEX.2-P2664,EVODEX.2-P2788,EVODEX.2-P2790",20519149769323157843093755468037894520712828469182718765115624010611201715983
EVODEX.2-Dm487,[#7:1](-[#6@@:2](-[#6@:3])(-[#6@@:15])-[#1])(-[#1])-[#1]>>[#6:2](=[#8])(-[#6@:3])-[#6@@:15].[#7:1](-[#6@@](-[#6])(-[#6]=[#8])-[#1])(-[#1])-[#1],"EVODEX.2-P2394,EVODEX.2-P2406,EVODEX.2-P2407,EVODEX.2-P2469,EVODEX.2-P2474,EVODEX.2-P2475,EVODEX.2-P2676,EVODEX.2-P2740,EVODEX.2-P2793,EVODEX.2-P2795",17662769284655439521572032030842866079422327413897769477517807895375478887994
EVODEX.2-Dm488,[#7:1](-[#6@@](-[#6])(-[#6]=[#8])-[#1])(-[#1])-[#1].[#8]=[#6:12](-[#6@@:13])-[#1:36]>>[#7:1](-[#6:12](-[#6@@:13])(-[#1:36])-[#1])(-[#1])-[#1],"EVODEX.2-P2395,EVODEX.2-P2397,EVODEX.2-P2414,EVODEX.2-P2416,EVODEX.2-P2421,EVODEX.2-P2430,EVODEX.2-P2431,EVODEX.2-P2485,EVODEX.2-P2487,EVODEX.2-P2567",69240747149889522113108968727395285456743823722727483587322989038754403772817
EVODEX.2-Dm489,[#8:11]=[#6:12](-[#6@@:13])-[#1:36]>>[#6](-[#6])(-[#6]=[#8])=[#8:11].[#7](-[#6:12](-[#6@@:13])(-[#1:36])-[#1])(-[#1])-[#1],"EVODEX.2-P2396,EVODEX.2-P2415,EVODEX.2-P2418,EVODEX.2-P2423,EVODEX.2-P2432,EVODEX.2-P2486,EVODEX.2-P2488,EVODEX.2-P2489,EVODEX.2-P2651,EVODEX.2-P2653",9821161635001314925576850017444569520213518953318777130161293136368445854208
EVODEX.2-Dm490,[#6:7]-[#6:8](-[#7](-[#1])-[#1])(-[#1:32])-[#1].[#6]-[#6](=[#8:19])-[#6]=[#8]>>[#6:7]-[#6:8](=[#8:19])-[#1:32],"EVODEX.2-P2398,EVODEX.2-P2417,EVODEX.2-P2420,EVODEX.2-P2422,EVODEX.2-P2426,EVODEX.2-P2554,EVODEX.2-P2564,EVODEX.2-P2654,EVODEX.2-P2782,EVODEX.2-P2796",75974448133316337955852456179373264088543985348210639517485457802280928892062
EVODEX.2-Dm492,[#6:22]-[#6@:23](-[#7](-[#1])-[#1])(-[#6@@:25])-[#1].[#6]-[#6](=[#8:40])-[#6]=[#8]>>[#6:22]-[#6:23](=[#8:40])-[#6@@:25],"EVODEX.2-P2400,EVODEX.2-P2411,EVODEX.2-P2464,EVODEX.2-P2466,EVODEX.2-P2467,EVODEX.2-P2471,EVODEX.2-P2472,EVODEX.2-P2558,EVODEX.2-P2562,EVODEX.2-P2787",349113146603032004588538139576605605236961389872049806228108863486102948989
EVODEX.2-Dm493,[#6:22]-[#6:23](=[#8:24])-[#6@@:25]>>[#6:22]-[#6@:23](-[#7](-[#1])-[#1])(-[#6@@:25])-[#1].[#8:24]=[#6](-[#6])-[#6]=[#8],"EVODEX.2-P2401,EVODEX.2-P2403,EVODEX.2-P2405,EVODEX.2-P2497,EVODEX.2-P2501,EVODEX.2-P2503,EVODEX.2-P2560,EVODEX.2-P2675,EVODEX.2-P2677,EVODEX.2-P2792",106900568709473659540598937877159320476850871117733220631735664772929788565160
EVODEX.2-Dm495,[#7:7](-[#6:8](-[#6:9])(-[#1:22])-[#1])(-[#1])-[#1]>>[#6]-[#6](-[#6]=[#8])(-[#7:7](-[#1])-[#1])-[#1].[#8]=[#6:8](-[#6:9])-[#1:22],"EVODEX.2-P2408,EVODEX.2-P2409,EVODEX.2-P2410,EVODEX.2-P2412,EVODEX.2-P2433,EVODEX.2-P2436,EVODEX.2-P2490,EVODEX.2-P2553,EVODEX.2-P2565,EVODEX.2-P2580",44509881175461529171907054352889429393461708655879848501472141446721253807856
EVODEX.2-Dm518,[#6]-[#8]-[#15:16](=[#8:17])(-[#8:18])-[#8:19].[#6:32]-[#8:33]-[#1]>>[#15:16](=[#8:17])(-[#8:18])(-[#8:19])-[#8:33]-[#6:32],"EVODEX.2-P2828,EVODEX.2-P2829,EVODEX.2-P2864,EVODEX.2-P2934,EVODEX.2-P2936,EVODEX.2-P2954,EVODEX.2-P2964,EVODEX.2-P3029,EVODEX.2-P6023,EVODEX.2-P6025",28866265068875542149821236484819589668966832968024373786761362856627590246844
EVODEX.2-Dm564,[#6:47]-[#16:48]-[#6:49](=[#8:50])-[#6:51]>>[#6:49](=[#8:50])(-[#6:51])-[#8]-[#1].[#6:47]-[#16:48]-[#6](-[#6])=[#8],"EVODEX.2-P3316,EVODEX.2-P3327,EVODEX.2-P3329,EVODEX.2-P3330,EVODEX.2-P3331,EVODEX.2-P3349,EVODEX.2-P3351,EVODEX.2-P3359,EVODEX.2-P3365,EVODEX.2-P3369",24577275145164841770226425779966214844794920883894306937069760660929464604777
EVODEX.2-Dm568,[#6:47]-[#16:48]-[#6](=[#8])-[#6].[#8:56]=[#6:57](-[#8]-[#1])-[#6:59]>>[#6:47]-[#16:48]-[#6:57](=[#8:56])-[#6:59],"EVODEX.2-P3328,EVODEX.2-P3336,EVODEX.2-P3338,EVODEX.2-P3342,EVODEX.2-P3346,EVODEX.2-P3352,EVODEX.2-P3357,EVODEX.2-P3360,EVODEX.2-P3362,EVODEX.2-P3366",91737651620163994192851125427681965864540894277688885249695774307552463145912
EVODEX.2-Dm593,[#6:8]-[#6:9](-[#8]-[#6]=[#8])(-[#1:32])-[#1:33].[#8:14](-[#1])-[#1]>>[#6:8]-[#6:9](-[#8:14]-[#1])(-[#1:32])-[#1:33],"EVODEX.2-P3426,EVODEX.2-P3428,EVODEX.2-P3429,EVODEX.2-P3434,EVODEX.2-P3453,EVODEX.2-P3506,EVODEX.2-P3509,EVODEX.2-P3567,EVODEX.2-P3570,EVODEX.2-P3573",91456629083461206972429915378490690425938979751658946714851775964588187887031
EVODEX.2-Dm610,[#6:17]-[#6:18](=[#8:19])-[#7](-[#6]1:[#6]:[#6]:[#6]2:[#6]:[#6]:[#6]:[#6]:[#6]:2:[#6]:1)-[#1]>>[#6:17]-[#6:18](=[#8:19])-[#8]-[#1],"EVODEX.2-P3516,EVODEX.2-P4220,EVODEX.2-P4231,EVODEX.2-P4244,EVODEX.2-P4255,EVODEX.2-P4720,EVODEX.2-P4723,EVODEX.2-P4725,EVODEX.2-P4726,EVODEX.2-P4852",88288655193106351154920024564421257351708477925624707581370305557541793628238
EVODEX.2-Dm621,[#6:3](-[#6@@:2])(=[#8:4])-[#7:5](-[#6:6]1:[#6:7]:[#6:8]:[#6:9](-[#7&+:10]=[#8:11]):[#6:13](-[#6:14]=[#8:15]):[#6:17]:1)-[#1].[#8:24](-[#1])-[#1]>>[#6:3](-[#6@@:2])(=[#8:4])-[#8:24]-[#1].[#7:5](-[#6:6]1:[#6:7]:[#6:8]:[#6:9](-[#7&+:10]=[#8:11]):[#6:13](-[#6:14]=[#8:15]):[#6:17]:1)(-[#1])-[#1],"EVODEX.2-P3556,EVODEX.2-P4455,EVODEX.2-P4464,EVODEX.2-P4475,EVODEX.2-P4540,EVODEX.2-P4765,EVODEX.2-P4768,EVODEX.2-P4771,EVODEX.2-P4773,EVODEX.2-P5206",62828007948389189774050313459213263915350209673981765476485711308724917749082
EVODEX.2-Dm622,[#6:3](-[#6@@:2])(=[#8:4])-[#7](-[#6]1:[#6]:[#6]:[#6](-[#7&+]=[#8]):[#6](-[#6]=[#8]):[#6]:1)-[#1].[#8:24](-[#1])-[#1]>>[#6:3](-[#6@@:2])(=[#8:4])-[#8:24]-[#1],"EVODEX.2-P3557,EVODEX.2-P4460,EVODEX.2-P4465,EVODEX.2-P4468,EVODEX.2-P4478,EVODEX.2-P4538,EVODEX.2-P4541,EVODEX.2-P4671,EVODEX.2-P4672,EVODEX.2-P5232",17366678912228521480775835469497183943461492789148238730854349718438818467352
EVODEX.2-Dm665,[#8:1](-[#1])-[#1].[#8](-[#6@:34](-[#6@:31])(-[#6@:47])-[#1:100])-[#6@]>>[#8:1](-[#6@:34](-[#6@@:31])(-[#6@:47])-[#1:100])-[#1],"EVODEX.2-P3780,EVODEX.2-P3807,EVODEX.2-P3897,EVODEX.2-P3898,EVODEX.2-P3903,EVODEX.2-P3920,EVODEX.2-P3933,EVODEX.2-P3935,EVODEX.2-P3937,EVODEX.2-P3938",57645005133008282522413142355225438952596157045056928917896271924777806155125
EVODEX.2-Dm688,[#6:6](-[#6@:4])(=[#8:7])-[#7:8](-[#6:9]1:[#6:10]:[#6:11]:[#6:12]2:[#6:13]:[#6:14]:[#6:15]:[#6:16]:[#6:17]:2:[#6:18]:1)-[#1].[#8:19](-[#1])-[#1]>>[#6:6](-[#6@:4])(=[#8:7])-[#8:19]-[#1].[#7:8](-[#6:9]1:[#6:10]:[#6:11]:[#6:12]2:[#6:13]:[#6:14]:[#6:15]:[#6:16]:[#6:17]:2:[#6:18]:1)(-[#1])-[#1],"EVODEX.2-P3989,EVODEX.2-P4029,EVODEX.2-P4081,EVODEX.2-P4219,EVODEX.2-P4267,EVODEX.2-P4722,EVODEX.2-P4727,EVODEX.2-P4850,EVODEX.2-P4910,EVODEX.2-P4917",80885226530005677430542973657789353130421400922602159792262740367379022169596
EVODEX.2-Dm693,[#6:10](-[#6@@:2])(=[#8:11])-[#7:12](-[#6:13]1:[#6:14]:[#6:15]:[#6:16]2:[#6:17]:[#6:18]:[#6:19]:[#6:20]:[#6:21]:2:[#6:22]:1)-[#1]>>[#7:12](-[#6:13]1:[#6:14]:[#6:15]:[#6:16]2:[#6:17]:[#6:18]:[#6:19]:[#6:20]:[#6:21]:2:[#6:22]:1)(-[#1])-[#1].[#6:10](-[#6@@:2])(=[#8:11])-[#8]-[#1],"EVODEX.2-P4030,EVODEX.2-P4156,EVODEX.2-P4221,EVODEX.2-P4229,EVODEX.2-P4230,EVODEX.2-P4266,EVODEX.2-P4837,EVODEX.2-P4848,EVODEX.2-P4875,EVODEX.2-P4918",32738012867990149537557738642951718294948542174730216889680866059429517771324
EVODEX.2-Dm701,[#6:8](-[#6@@:2])(=[#8:9])-[#7](-[#6]1:[#6]:[#6]:[#6]2:[#6]:[#6]:[#6]:[#6]:[#6]:2:[#6]:1)-[#1].[#8:21](-[#1])-[#1]>>[#6:8](-[#6@@:2])(=[#8:9])-[#8:21]-[#1],"EVODEX.2-P4082,EVODEX.2-P4088,EVODEX.2-P4158,EVODEX.2-P4167,EVODEX.2-P4222,EVODEX.2-P4721,EVODEX.2-P4724,EVODEX.2-P4728,EVODEX.2-P4847,EVODEX.2-P4851",31801868897539667835141709578930524329932664760081747683630712176604461672576
EVODEX.2-Dm702,[#6](-[#6@])(=[#8])-[#7:12](-[#6:13])-[#6@:16]>>[#7:12](-[#6:13])(-[#6@:16])-[#1],"EVODEX.2-P4085,EVODEX.2-P4098,EVODEX.2-P4164,EVODEX.2-P4171,EVODEX.2-P4182,EVODEX.2-P4184,EVODEX.2-P4185,EVODEX.2-P4186,EVODEX.2-P4214,EVODEX.2-P4218",87706147760303696294444293130592229961144556137662796127214683545112659820018
EVODEX.2-Dm730,[#6:16]1:[#6:17]:[#6:18]:[#6:19](-[#6:20](=[#8:21])-[#7:22](-[#6@@:23])-[#1]):[#6:32]:[#6:33]:1.[#8:34](-[#1])-[#1]>>[#6:16]1:[#6:17]:[#6:18]:[#6:19](-[#6:20](=[#8:21])-[#8:34]-[#1]):[#6:32]:[#6:33]:1.[#7:22](-[#6@@:23])(-[#1])-[#1],"EVODEX.2-P4334,EVODEX.2-P4336,EVODEX.2-P4338,EVODEX.2-P4344,EVODEX.2-P4440,EVODEX.2-P4481,EVODEX.2-P5253,EVODEX.2-P5256,EVODEX.2-P5258,EVODEX.2-P5307",50386971807070423364458330000292481357034251442456874697923910707406810209318
EVODEX.2-Dm731,[#6:17]1:[#6:18]:[#6:19]:[#6:20](-[#6:21](=[#8:22])-[#7:23](-[#6@@:24])-[#1]):[#6:33]:[#6:34]:1>>[#6:17]1:[#6:18]:[#6:19]:[#6:20](-[#6:21](=[#8:22])-[#8]-[#1]):[#6:33]:[#6:34]:1.[#7:23](-[#6@@:24])(-[#1])-[#1],"EVODEX.2-P4335,EVODEX.2-P4337,EVODEX.2-P4339,EVODEX.2-P4345,EVODEX.2-P4439,EVODEX.2-P4483,EVODEX.2-P5255,EVODEX.2-P5257,EVODEX.2-P5392,EVODEX.2-P5420",87400740739697180616974698174105743465735041083894926497418313272436278309106
EVODEX.2-Dm732,[#7:8](-[#6@:7])(-[#6](=[#8])-[#8])-[#1]>>[#7:8](-[#6@:7])(-[#1])-[#1],"EVODEX.2-P4340,EVODEX.2-P4342,EVODEX.2-P4545,EVODEX.2-P5265,EVODEX.2-P5435,EVODEX.2-P5452,EVODEX.2-P5455,EVODEX.2-P5467,EVODEX.2-P5469,EVODEX.2-P5473",15802423978480556107705700568024363736425550494084941535583958969021564089913
EVODEX.2-Dm734,[#6:33](-[#6@@:25])(=[#8:34])-[#7](-[#6]1:[#6]:[#6]:[#6](-[#7&+]=[#8]):[#6](-[#6]=[#8]):[#6]:1)-[#1]>>[#6:33](-[#6@@:25])(=[#8:34])-[#8]-[#1],"EVODEX.2-P4450,EVODEX.2-P4456,EVODEX.2-P4461,EVODEX.2-P4467,EVODEX.2-P4476,EVODEX.2-P4479,EVODEX.2-P4539,EVODEX.2-P4543,EVODEX.2-P4670,EVODEX.2-P4673",47709473479894296933724634610386245009200898990805137829409457944116997614867
EVODEX.2-Dm844,[#6:3](-[#6@:2])(=[#8:4])-[#1:25]>>[#8:4](-[#6@:3](-[#6@:2])(-[#6@@](-[#6]=[#8])(-[#8])-[#1])-[#1:25])-[#1],"EVODEX.2-P5846,EVODEX.2-P5849,EVODEX.2-P5851,EVODEX.2-P5855,EVODEX.2-P5858,EVODEX.2-P5859,EVODEX.2-P5863,EVODEX.2-P5867,EVODEX.2-P5871,EVODEX.2-P5876",4173407002065574752644158541755943509784048153212628159149251565241808689153
EVODEX.2-Dm847,[#8]=[#6]-[#6](-[#8])(-[#6:7](-[#8:8]-[#1])(-[#6@:9])-[#1:29])-[#1]>>[#6:7](=[#8:8])(-[#6@:9])-[#1:29],"EVODEX.2-P5852,EVODEX.2-P5853,EVODEX.2-P5854,EVODEX.2-P5857,EVODEX.2-P5860,EVODEX.2-P5861,EVODEX.2-P5866,EVODEX.2-P5869,EVODEX.2-P5874,EVODEX.2-P5877",28545497602972226447560629570408684879872163050161523642721014463229129565190
EVODEX.2-Dm866,[#6:5]-[#6@@:6](-[#7:7])(-[#6:8]=[#8:9])-[#1:21]>>[#6:5]-[#6@:6](-[#7:7])(-[#6:8]=[#8:9])-[#1:21],"EVODEX.2-P6006,EVODEX.2-P6007,EVODEX.2-P6008,EVODEX.2-P6012,EVODEX.2-P6013,EVODEX.2-P6014,EVODEX.2-P6015,EVODEX.2-P6016,EVODEX.2-P6019,EVODEX.2-P6020",76994035585860388151761582092825809069866383114248735818246518009627927565404
EVODEX.2-Dm873,[#6:1]-[#6:2](=[#8:3])-[#16:4]-[#6:5].[#8:75]=[#15:76]-[#8:77]-[#1]>>[#6:1]-[#6:2](=[#8:3])-[#8]-[#1].[#8]-[#15](=[#8])(-[#8])-[#8:77]-[#15:76]=[#8:75].[#16:4](-[#6:5])-[#1],"EVODEX.2-P6041,EVODEX.2-P6055,EVODEX.2-P6064,EVODEX.2-P6076,EVODEX.2-P6083,EVODEX.2-P6112,EVODEX.2-P6125,EVODEX.2-P6131,EVODEX.2-P6185,EVODEX.2-P6196",68374086032350114450302418983727339731380112487682347420834876351123938414545
EVODEX.2-Dm874,[#6:1]-[#6:2](=[#8:3])-[#16]-[#6].[#8]-[#15](=[#8])(-[#8:69]-[#1])-[#8]>>[#6:1]-[#6:2](=[#8:3])-[#8:69]-[#1],"EVODEX.2-P6042,EVODEX.2-P6045,EVODEX.2-P6053,EVODEX.2-P6084,EVODEX.2-P6087,EVODEX.2-P6120,EVODEX.2-P6122,EVODEX.2-P6126,EVODEX.2-P6188,EVODEX.2-P6195",10346158704988081604551407166059870206620584871637620129264949792193404018458
EVODEX.2-Dm875,[#8:68]-[#15:69](=[#8:70])(-[#8:71]-[#1])-[#8:72].[#8:74]=[#15:75]-[#8:76]-[#1]>>[#6]-[#6](=[#8])-[#8:71]-[#1].[#8:68]-[#15:69](=[#8:70])(-[#8:72])-[#8:76]-[#15:75]=[#8:74],"EVODEX.2-P6043,EVODEX.2-P6067,EVODEX.2-P6133,EVODEX.2-P6239,EVODEX.2-P6245,EVODEX.2-P6256,EVODEX.2-P6376,EVODEX.2-P6386,EVODEX.2-P6422,EVODEX.2-P6425",10517958411287257595050514211111932503395912021952387516482306905629845720199
EVODEX.2-Dm880,[#6:5]-[#6:6](=[#8:7])-[#16:8]-[#6:9].[#8]-[#15](=[#8])(-[#8:73]-[#1])-[#8]>>[#6:5]-[#6:6](=[#8:7])-[#8:73]-[#1].[#16:8](-[#6:9])-[#1],"EVODEX.2-P6054,EVODEX.2-P6077,EVODEX.2-P6081,EVODEX.2-P6085,EVODEX.2-P6110,EVODEX.2-P6121,EVODEX.2-P6129,EVODEX.2-P6189,EVODEX.2-P6197,EVODEX.2-P6200",18025063393876616405646869212651478555040702944092040454720469668091747365766
EVODEX.2-Dm34,[#8:11]=[#8:12].[#8:1]=[#6:2]-[#6@:3](-[#8:4]-[#1])(-[#6@@:5])-[#1]>>[#8:1]=[#6:2]-[#6:3](=[#8:4])-[#6@@:5].[#8:11](-[#8:12]-[#1])-[#1],"EVODEX.2-P105,EVODEX.2-P106,EVODEX.2-P107,EVODEX.2-P115,EVODEX.2-P116,EVODEX.2-P121,EVODEX.2-P122,EVODEX.2-P125,EVODEX.2-P126",110661134606698280997822621361929778500380399124718592379008814175501580915247
EVODEX.2-Dm413,[#8:1]=[#6:2]-[#8:3]-[#1]>>[#8:1]=[#6:2]-[#8:3]-[#6@](-[#8])(-[#6@])-[#1],"EVODEX.2-P1992,EVODEX.2-P1994,EVODEX.2-P2018,EVODEX.2-P2019,EVODEX.2-P2027,EVODEX.2-P2028,EVODEX.2-P2029,EVODEX.2-P2039,EVODEX.2-P2041",32652188760299913389653248993335103113343985152375754149707860875050083163468
EVODEX.2-Dm423,[#8:9]-[#6@:10](-[#8:11]-[#6@@](-[#8])(-[#6@])-[#1])(-[#6@:23])-[#1:36]>>[#8:9]-[#6:10](-[#8:11]-[#1])(-[#6@:23])-[#1:36],"EVODEX.2-P2055,EVODEX.2-P3786,EVODEX.2-P3787,EVODEX.2-P3788,EVODEX.2-P3790,EVODEX.2-P3791,EVODEX.2-P3792,EVODEX.2-P3794,EVODEX.2-P3797",61747749838249443354263268725290823873191840907926047950074183782435777801925
EVODEX.2-Dm586,[#15:2](=[#8:3])-[#8:5]-[#6:6]1:[#6:7]:[#6:8]:[#6:9](-[#7&+:10]=[#8:11]):[#6:13]:[#6:14]:1.[#8:15](-[#1])-[#1]>>[#15:2](=[#8:3])-[#8:5]-[#1].[#6:6]1(-[#8:15]-[#1]):[#6:7]:[#6:8]:[#6:9](-[#7&+:10]=[#8:11]):[#6:13]:[#6:14]:1,"EVODEX.2-P3402,EVODEX.2-P3628,EVODEX.2-P3723,EVODEX.2-P3761,EVODEX.2-P3762,EVODEX.2-P3764,EVODEX.2-P3768,EVODEX.2-P3773,EVODEX.2-P5684",84075723939898804767471665189467893796890267565362358540734074587907822793609
EVODEX.2-Dm587,[#15:2](=[#8:3])-[#8:5]-[#6]1:[#6]:[#6]:[#6](-[#7&+]=[#8]):[#6]:[#6]:1>>[#15:2](=[#8:3])-[#8:5]-[#1],"EVODEX.2-P3403,EVODEX.2-P3405,EVODEX.2-P3627,EVODEX.2-P3630,EVODEX.2-P3714,EVODEX.2-P3724,EVODEX.2-P3763,EVODEX.2-P3765,EVODEX.2-P3766",21598698995246407552703481039402628829732513428726795285701799335995254160918
EVODEX.2-Dm876,[#6:2]-[#6:3](=[#8:4])-[#16]-[#6].[#8:76]=[#15:77]-[#8:78]-[#1]>>[#6:2]-[#6:3](=[#8:4])-[#8]-[#1].[#8]-[#15](=[#8])(-[#8])-[#8:78]-[#15:77]=[#8:76],"EVODEX.2-P6044,EVODEX.2-P6047,EVODEX.2-P6049,EVODEX.2-P6056,EVODEX.2-P6066,EVODEX.2-P6115,EVODEX.2-P6118,EVODEX.2-P6127,EVODEX.2-P6192",21707528116519578422173874143845794994250368296988933527925664750294336676220
EVODEX.2-Dm882,[#6:1]-[#6:2](=[#8:3])-[#8:4]-[#1].[#8:67]-[#15:68](=[#8:69])(-[#8:70])-[#8]-[#15]=[#8]>>[#6:1]-[#6:2](=[#8:3])-[#16]-[#6].[#8:4](-[#15:68](-[#8:67])(=[#8:69])-[#8:70])-[#1],"EVODEX.2-P6061,EVODEX.2-P6142,EVODEX.2-P6146,EVODEX.2-P6150,EVODEX.2-P6151,EVODEX.2-P6156,EVODEX.2-P6165,EVODEX.2-P6170,EVODEX.2-P6204",40346362925832453186193097424267639066383797498546158486095123936660417957034
EVODEX.2-Dm21,[#6:2](=[#8:3])-[#6:4]1=[#6:5](-[#7:6](-[#6@@:7])-[#6:42](=[#6:43](-[#6:44]-1(-[#1:83])-[#1])-[#1:82])-[#1:81])-[#1:58].[#6:50]-[#6:51](=[#8:52])-[#6:53]=[#8:54]>>[#6:2](=[#8:3])-[#6:4]1:[#6:5](:[#7&+:6](-[#6@@:7]):[#6:42](:[#6:43](:[#6:44]:1-[#1:83])-[#1:82])-[#1:81])-[#1:58].[#6:50]-[#6:51](-[#8:52]-[#1])(-[#6:53]=[#8:54])-[#1],"EVODEX.2-P36,EVODEX.2-P46,EVODEX.2-P66,EVODEX.2-P86,EVODEX.2-P89,EVODEX.2-P895,EVODEX.2-P896,EVODEX.2-P897",92141577249141066005770656990436838866408669525590067806962271036513112067426
EVODEX.2-Dm23,[#6:1]-[#6:2](=[#8:3])-[#6:4]=[#6:5].[#6:14](=[#8:15])-[#6:16]1=[#6:17](-[#7:18](-[#6@@:19])-[#6:58](=[#6:59](-[#6:60]-1(-[#1:101])-[#1])-[#1:100])-[#1:99])-[#1:75]>>[#6:1]-[#6:2](-[#8:3]-[#1])(-[#6:4]=[#6:5])-[#1].[#6:14](=[#8:15])-[#6:16]1:[#6:17](:[#7&+:18](-[#6@@:19]):[#6:58](:[#6:59](:[#6:60]:1-[#1:101])-[#1:100])-[#1:99])-[#1:75],"EVODEX.2-P48,EVODEX.2-P55,EVODEX.2-P56,EVODEX.2-P67,EVODEX.2-P68,EVODEX.2-P82,EVODEX.2-P83,EVODEX.2-P88",28622032730136067827482794042547621868731301174108642100874367050411999608161
EVODEX.2-Dm53,[#6:15]-[#6:16](-[#6:17])(-[#1:36])-[#1]>>[#6:15]-[#6:16](-[#6:17])(-[#8]-[#1])-[#1:36],"EVODEX.2-P189,EVODEX.2-P204,EVODEX.2-P211,EVODEX.2-P212,EVODEX.2-P367,EVODEX.2-P380,EVODEX.2-P620,EVODEX.2-P701",35915619584559722382571061287442282266104322305393568785588199555841439379533
EVODEX.2-Dm588,[#15:2](=[#8:3])-[#8:5]-[#6:6]1:[#6:7]:[#6:8]:[#6:9](-[#7&+:10]=[#8:11]):[#6:13]:[#6:14]:1>>[#15:2](=[#8:3])-[#8:5]-[#1].[#6:6]1(-[#8]-[#1]):[#6:7]:[#6:8]:[#6:9](-[#7&+:10]=[#8:11]):[#6:13]:[#6:14]:1,"EVODEX.2-P3404,EVODEX.2-P3406,EVODEX.2-P3631,EVODEX.2-P3716,EVODEX.2-P3760,EVODEX.2-P3767,EVODEX.2-P3769,EVODEX.2-P5683",61702087381441823907935141234058967775341076681123497577241537187109633165269
EVODEX.2-Dm606,[#6:2]-[#6:3](-[#6:4])(-[#8:8]-[#6:6]=[#8:7])-[#1:15]>>([#6:2]-[#6:3](-[#6:4])(-[#8]-[#1])-[#1:15].[#6:6](=[#8:7])-[#8:8]-[#1]),"EVODEX.2-P3486,EVODEX.2-P3487,EVODEX.2-P3496,EVODEX.2-P3502,EVODEX.2-P3504,EVODEX.2-P3505,EVODEX.2-P3578,EVODEX.2-P3623",98884437071076886903878987701121121383261709703452568571088505850970180735684
EVODEX.2-Dm607,[#6:7]-[#6:8](-[#6:9])(-[#8:13]-[#6:11]=[#8:12])-[#1:30].[#8:14](-[#1])-[#1]>>([#6:7]-[#6:8](-[#6:9])(-[#8:14]-[#1])-[#1:30].[#6:11](=[#8:12])-[#8:13]-[#1]),"EVODEX.2-P3491,EVODEX.2-P3493,EVODEX.2-P3494,EVODEX.2-P3495,EVODEX.2-P3497,EVODEX.2-P3499,EVODEX.2-P3503,EVODEX.2-P3622",49908032013752572750695652115853228251269699773274218960248442495171849257208
EVODEX.2-Dm877,[#6:5]-[#6:6](=[#8:7])-[#16:8]-[#6:9].[#8:70]-[#15:71](=[#8:72])(-[#8:73]-[#1])-[#8:74]>>[#6:5]-[#6:6](=[#8:7])-[#8:73]-[#1].[#8:70]-[#15:71](=[#8:72])(-[#8:74])-[#8]-[#15]=[#8].[#16:8](-[#6:9])-[#1],"EVODEX.2-P6046,EVODEX.2-P6057,EVODEX.2-P6069,EVODEX.2-P6080,EVODEX.2-P6088,EVODEX.2-P6128,EVODEX.2-P6179,EVODEX.2-P6186",50255843821198127258528017084068514881001582192336594399843874253624859742824
EVODEX.2-Dm878,[#6:6]-[#6:7](=[#8:8])-[#16]-[#6].[#8:71]-[#15:72](=[#8:73])(-[#8:74]-[#1])-[#8:75]>>[#6:6]-[#6:7](=[#8:8])-[#8:74]-[#1].[#8:71]-[#15:72](=[#8:73])(-[#8:75])-[#8]-[#15]=[#8],"EVODEX.2-P6048,EVODEX.2-P6058,EVODEX.2-P6059,EVODEX.2-P6086,EVODEX.2-P6113,EVODEX.2-P6140,EVODEX.2-P6180,EVODEX.2-P6201",98102178300650286527242399341697442555843460025906507340387475476050542357991
EVODEX.2-Dm890,[#6]-[#6](=[#8])-[#8:4]-[#1].[#8:71]-[#15:72](=[#8:73])(-[#8:74])-[#8]-[#15]=[#8]>>[#8:4](-[#15:72](-[#8:71])(=[#8:73])-[#8:74])-[#1],"EVODEX.2-P6135,EVODEX.2-P6226,EVODEX.2-P6247,EVODEX.2-P6252,EVODEX.2-P6414,EVODEX.2-P6423,EVODEX.2-P6530,EVODEX.2-P6533",36207008894945114139263158757485665156963148495473339020917850634393284511406
EVODEX.2-Dm895,[#8:29]-[#15:30](=[#8:31])(-[#8:32])-[#8]-[#15]=[#8].[#7:1](-[#6@@:2])(-[#1])-[#1].[#6:46]-[#6:52](=[#8:53])-[#8:54]-[#1]>>[#8:29]-[#15:30](=[#8:31])(-[#8:32])-[#8:54]-[#1].[#7:1](-[#6@@:2])(-[#6:52](-[#6:46])=[#8:53])-[#1],"EVODEX.2-P6225,EVODEX.2-P6289,EVODEX.2-P6308,EVODEX.2-P6313,EVODEX.2-P6526,EVODEX.2-P6544,EVODEX.2-P6615,EVODEX.2-P6948",38372166272565750027232021496127572485811475669617114030517850779348604915456
EVODEX.2-Dm185,[#6:5]/[#6:6](=[#6:7](/[#6:8]=[#8:9])-[#1:77])-[#1:76].[#6:18](=[#8:19])-[#6:20]1=[#6:21](-[#7:22](-[#6@@:23])-[#6:62](=[#6:63](-[#6:64]-1(-[#1:114])-[#1])-[#1:113])-[#1:112])-[#1:88]>>[#6:5]-[#6:6](-[#6:7](-[#6:8]=[#8:9])(-[#1:77])-[#1])(-[#1:76])-[#1].[#6:18](=[#8:19])-[#6:20]1:[#6:21](:[#7&+:22](-[#6@@:23]):[#6:62](:[#6:63](:[#6:64]:1-[#1:114])-[#1:113])-[#1:112])-[#1:88],"EVODEX.2-P888,EVODEX.2-P893,EVODEX.2-P898,EVODEX.2-P899,EVODEX.2-P900,EVODEX.2-P901,EVODEX.2-P903",37308457844595999875978605111544895192692382859406555266433058065744209544075
EVODEX.2-Dm72,[#8:17]-[#15:18](=[#8:19])(-[#8:20])-[#8]-[#15]=[#8].[#8:31]=[#6:32]-[#8:33]-[#1]>>[#8:17]-[#15:18](=[#8:19])(-[#8:20])-[#8:33]-[#6:32]=[#8:31],"EVODEX.2-P246,EVODEX.2-P251,EVODEX.2-P6219,EVODEX.2-P6257,EVODEX.2-P6258,EVODEX.2-P6950",74045962444269291053129297780068415864706084751146168190989495332916200381205
EVODEX.2-Dm300,[#6:2]=[#6:4](-[#6:5])-[#1]>>[#6:2]=[#6:4](-[#6:5])-[#6](-[#1])(-[#1])-[#1],"EVODEX.2-P1377,EVODEX.2-P2593,EVODEX.2-P2601,EVODEX.2-P2603,EVODEX.2-P2610,EVODEX.2-P2617",52288950140544925532802885423245951570300955447451332811718768978989459334027
EVODEX.2-Dm425,[#8](-[#6@@])-[#6@@:9](-[#8:10])(-[#6@:18])-[#1:87].[#8:79](-[#6@@:78])-[#1]>>[#8:79](-[#6@@:9](-[#8:10])(-[#6@:18])-[#1:87])-[#6@@:78],"EVODEX.2-P2083,EVODEX.2-P2084,EVODEX.2-P2097,EVODEX.2-P2098,EVODEX.2-P2119,EVODEX.2-P4742",76614027031666915580505966949839017782581366928498118831556055808255161427468
EVODEX.2-Dm2,[#6:2](=[#8:3])-[#6:4]1:[#6:5](:[#6:6](:[#6:7](:[#7&+:8](-[#6@@:9]):[#6:44]:1-[#1:84])-[#1:61])-[#1:60])-[#1:59].[#6:55](-[#6@:53])(-[#8:56]-[#1])(-[#1:92])-[#1]>>[#6:2](=[#8:3])-[#6:4]1=[#6:44](-[#7:8](-[#6@@:9])-[#6:7](=[#6:6](-[#6:5]-1(-[#1:59])-[#1])-[#1:60])-[#1:61])-[#1:84].[#6:55](-[#6@:53])(=[#8:56])-[#1:92],"EVODEX.2-P2,EVODEX.2-P45,EVODEX.2-P6,EVODEX.2-P77,EVODEX.2-P78",100056721964783563959398024869351272065087555207274203842345554940788825637085
EVODEX.2-Dm3,[#6:1]-[#6:2](=[#8:3])-[#6:4]1:[#6:5]:[#6:6]:[#6:7]:[#6:8]:[#6:9]:1>>[#6:1]-[#6:2](-[#8:3]-[#1])(-[#6:4]1:[#6:5]:[#6:6]:[#6:7]:[#6:8]:[#6:9]:1)-[#1],"EVODEX.2-P26,EVODEX.2-P3,EVODEX.2-P4,EVODEX.2-P7,EVODEX.2-P8",102285336974737611308313941066034701335597153158779505253677933234255971850921
EVODEX.2-Dm4,[#8:2]-[#6:3]1=[#6:4](-[#8:5])-[#6:7](=[#8:8])-[#6:9](-[#6:10])=[#6:15](-[#6:16])-[#6:17]-1=[#8:18]>>[#8:2]-[#6:3]1:[#6:4](-[#8:5]):[#6:7](-[#8:8]-[#1]):[#6:9](-[#6:10]):[#6:15](-[#6:16]):[#6:17]:1-[#8:18]-[#1],"EVODEX.2-P1310,EVODEX.2-P151,EVODEX.2-P156,EVODEX.2-P5,EVODEX.2-P908",44351532499408876091891177208151501631971379659340873528145558396074473675980
EVODEX.2-Dm5,[#6:7]-[#6:8](=[#8:9])-[#8:10]-[#6:11]1:[#6:12]:[#6:13]:[#6:14](-[#7&+:15]=[#8:16]):[#6:18]:[#6:19]:1>>[#6:7]-[#6:8](=[#8:9])-[#8]-[#1].[#8:10](-[#6:11]1:[#6:12]:[#6:13]:[#6:14](-[#7&+:15]=[#8:16]):[#6:18]:[#6:19]:1)-[#1],"EVODEX.2-P3525,EVODEX.2-P3527,EVODEX.2-P4853,EVODEX.2-P4909,EVODEX.2-P9",65763017962526006839128695225875908034422999413199012159606650483016298773359
EVODEX.2-Dm6,[#8:48]-[#6:49](-[#8:50]-[#1])(-[#6@@:51])-[#1]>>[#8:48]-[#6:49](=[#8:50])-[#6@@:51],"EVODEX.2-P10,EVODEX.2-P103,EVODEX.2-P16,EVODEX.2-P19,EVODEX.2-P3907",30868145203254645516405443994785381955697075598229015491357226390419293850850
EVODEX.2-Dm9,[#6:2](=[#8:3])-[#6:4]1:[#6:5](:[#6:6](:[#6:7](:[#7&+:8](-[#6@@:9]):[#6:48]:1-[#1:87])-[#1:63])-[#1:62])-[#1:61].[#8:52]-[#6:53](-[#8:54]-[#1])(-[#6@@:55])-[#1]>>[#6:2](=[#8:3])-[#6:4]1=[#6:48](-[#7:8](-[#6@@:9])-[#6:7](=[#6:6](-[#6:5]-1(-[#1:61])-[#1])-[#1:62])-[#1:63])-[#1:87].[#8:52]-[#6:53](=[#8:54])-[#6@@:55],"EVODEX.2-P15,EVODEX.2-P39,EVODEX.2-P57,EVODEX.2-P94,EVODEX.2-P95",109472746702600617131669588280520156514876965107343925593054973578108720082114
EVODEX.2-Dm10,[#6:2](=[#8:3])-[#6:4]1:[#6:5](:[#6:6](:[#6:7](:[#7&+:8](-[#6@@:9]):[#6:48]:1-[#1:89])-[#1:65])-[#1:64])-[#1:63].([#8:49]=[#6:50](-[#6@@:51])-[#1].[#8:58](-[#6@@:57])-[#1])>>[#6:2](=[#8:3])-[#6:4]1=[#6:48](-[#7:8](-[#6@@:9])-[#6:7](=[#6:6](-[#6:5]-1(-[#1:63])-[#1])-[#1:64])-[#1:65])-[#1:89].[#8:49]=[#6:50](-[#6@@:51])-[#8:58]-[#6@:57],"EVODEX.2-P17,EVODEX.2-P18,EVODEX.2-P21,EVODEX.2-P38,EVODEX.2-P60",28404424727080973762910586063664314331162558536191017494082271009770429347575
EVODEX.2-Dm11,[#7&+:31]1(-[#6@@:30]):[#6:32](:[#6:33](:[#6:34](:[#6:35](-[#6:36]=[#8:38]):[#6:39]:1-[#1:88])-[#1:85])-[#1:84])-[#1:83]>>[#7:31]1(-[#6@@:30])-[#6:32](=[#6:33](-[#6:34](-[#6:35](-[#6:36]=[#8:38])=[#6:39]-1-[#1:88])(-[#1:85])-[#1])-[#1:84])-[#1:83],"EVODEX.2-P181,EVODEX.2-P20,EVODEX.2-P751,EVODEX.2-P92,EVODEX.2-P998",38301073618535725661532674561217357060195602088561305992727199009231589694353
EVODEX.2-Dm12,[#6:2](=[#8:3])-[#6:4]1=[#6:5](-[#7:6](-[#6@@:7])-[#6:42](=[#6:43](-[#6:44]-1(-[#1:82])-[#1])-[#1:81])-[#1:80])-[#1:57].[#6:49]-[#8:50]-[#6:51](=[#8:52])-[#6@:53]>>[#6:2](=[#8:3])-[#6:4]1:[#6:5](:[#7&+:6](-[#6@@:7]):[#6:42](:[#6:43](:[#6:44]:1-[#1:82])-[#1:81])-[#1:80])-[#1:57].([#6:49]-[#8:50]-[#1].[#6:51](-[#6@@:53])(=[#8:52])-[#1]),"EVODEX.2-P22,EVODEX.2-P37,EVODEX.2-P59,EVODEX.2-P61,EVODEX.2-P85",57070716754433448063770084647068942340735891349865107820071452880454266828113
EVODEX.2-Dm13,[#6:41](=[#8:42])-[#6:43]1=[#6:44](-[#7:45](-[#6@@:46])-[#6:81](=[#6:82](-[#6:83]-1(-[#1:155])-[#1])-[#1:154])-[#1:153])-[#1:130].[#6:85](=[#8:86])-[#6:87]1=[#6:88](-[#7:89](-[#6@@:90])-[#6:125](=[#6:126](-[#6:127]-1(-[#1:184])-[#1])-[#1:183])-[#1:182])-[#1:159].[#6:28](-[#6@:27])(=[#8])-[#8:30]>>[#6:41](=[#8:42])-[#6:43]1:[#6:44](:[#7&+:45](-[#6@@:46]):[#6:81](:[#6:82](:[#6:83]:1-[#1:155])-[#1:154])-[#1:153])-[#1:130].[#6:85](=[#8:86])-[#6:87]1:[#6:88](:[#7&+:89](-[#6@@:90]):[#6:125](:[#6:126](:[#6:127]:1-[#1:184])-[#1:183])-[#1:182])-[#1:159].[#6:28](-[#6@:27])(-[#8:30])(-[#1])-[#1],"EVODEX.2-P23,EVODEX.2-P760,EVODEX.2-P774,EVODEX.2-P820,EVODEX.2-P865",82624758716464764542783115304865014649548241135793118943104741861374476258120
EVODEX.2-Dm14,[#6:6]-[#6@:7](-[#8:8]-[#1])(-[#6:9]=[#6:10])-[#1]>>[#6:6]-[#6:7](=[#8:8])-[#6:9]=[#6:10],"EVODEX.2-P24,EVODEX.2-P28,EVODEX.2-P49,EVODEX.2-P64,EVODEX.2-P65",49513247145409494488433324008229173410805273068828912321773328638904609926756
EVODEX.2-Dm16,[#6:13](-[#6@@:12])(=[#8:14])-[#6:15].[#6:28](=[#8:29])-[#6:30]1=[#6:31](-[#7:32](-[#6@@:33])-[#6:68](=[#6:69](-[#6:70]-1(-[#1:126])-[#1])-[#1:125])-[#1:124])-[#1:101]>>[#8:14](-[#6@:13](-[#6@@:12])(-[#6:15])-[#1])-[#1].[#6:28](=[#8:29])-[#6:30]1:[#6:31](:[#7&+:32](-[#6@@:33]):[#6:68](:[#6:69](:[#6:70]:1-[#1:126])-[#1:125])-[#1:124])-[#1:101],"EVODEX.2-P27,EVODEX.2-P41,EVODEX.2-P43,EVODEX.2-P62,EVODEX.2-P71",33600311537123965375104059020539235757800738949675380245292811068816743088311
EVODEX.2-Dm18,[#8:20](-[#6@@:19](-[#6@@:18])(-[#6:21])-[#1])-[#1]>>[#6:19](-[#6@@:18])(=[#8:20])-[#6:21],"EVODEX.2-P31,EVODEX.2-P3157,EVODEX.2-P32,EVODEX.2-P3356,EVODEX.2-P93",107097420777248083802390982694167156687044516505244249913996903386201589571974
EVODEX.2-Dm19,[#8:45](-[#6:46](-[#6:47])(-[#1:82])-[#1])-[#1]>>[#8:45]=[#6:46](-[#6:47])-[#1:82],"EVODEX.2-P138,EVODEX.2-P33,EVODEX.2-P70,EVODEX.2-P76,EVODEX.2-P79",95006850840548232705553638244190727187356753586600461766847586953704529192991
EVODEX.2-Dm20,[#8:31](-[#6@@:30](-[#6@:28])(-[#6:32])-[#1])-[#1].[#8:1]=[#6:2]1-[#6:3](=[#6:4](-[#6:5](=[#7:6]-[#6:7]2:[#6:8]:[#6:9]:[#6:11]:[#6:13]:[#6:15]:2)-[#6:16](=[#6:17]-1-[#1:55])-[#1:54])-[#1:50])-[#1:49]>>[#6:30](-[#6@:28])(=[#8:31])-[#6:32].[#8:1](-[#6:2]1:[#6:3](:[#6:4](:[#6:5](-[#7:6](-[#6:7]2:[#6:8]:[#6:9]:[#6:11]:[#6:13]:[#6:15]:2)-[#1]):[#6:16](:[#6:17]:1-[#1:55])-[#1:54])-[#1:50])-[#1:49])-[#1],"EVODEX.2-P154,EVODEX.2-P173,EVODEX.2-P174,EVODEX.2-P175,EVODEX.2-P35",35023430411832230473916541876589727932944599660707171766974970055971516193124
EVODEX.2-Dm22,[#6:2](=[#8:3])-[#6:4]1=[#6:5](-[#7:6](-[#6@@:7])-[#6:46](=[#6:47](-[#6:48]-1(-[#1:87])-[#1])-[#1:86])-[#1:85])-[#1:61].[#8:49]=[#6:50](-[#6:51])-[#6:53]1:[#6:54]:[#6:55]:[#6:56]:[#6:57]:[#6:58]:1>>[#6:2](=[#8:3])-[#6:4]1:[#6:5](:[#7&+:6](-[#6@@:7]):[#6:46](:[#6:47](:[#6:48]:1-[#1:87])-[#1:86])-[#1:85])-[#1:61].[#8:49](-[#6@:50](-[#6:51])(-[#6:53]1:[#6:54]:[#6:55]:[#6:56]:[#6:57]:[#6:58]:1)-[#1])-[#1],"EVODEX.2-P42,EVODEX.2-P44,EVODEX.2-P50,EVODEX.2-P90,EVODEX.2-P91",110402786009180951519050498495209610788279839431682051919991686198790706743911
EVODEX.2-Dm24,[#6:9]-[#6:10](=[#8:11])-[#8:12]>>[#6:9]-[#6:10](-[#8:12])(-[#1])-[#1].[#8:11](-[#1])-[#1],"EVODEX.2-P51,EVODEX.2-P773,EVODEX.2-P775,EVODEX.2-P776,EVODEX.2-P817",99192994637493012286012898003513343824642595403061410485609985758151297525579
EVODEX.2-Dm25,[#6:27]-[#6:28](-[#8:29])(-[#1])-[#1].[#8:118](-[#1])-[#1]>>[#6:27]-[#6:28](-[#8:29])=[#8:118],"EVODEX.2-P52,EVODEX.2-P761,EVODEX.2-P762,EVODEX.2-P770,EVODEX.2-P771",46365950712874601554465938044106396352830216894420721422485788751160082009907
EVODEX.2-Dm26,[#6:13]-[#6:14](=[#8:15])-[#8:16].[#6:62](=[#8:63])-[#6:64]1=[#6:65](-[#7:66](-[#6@@:67])-[#6:102](=[#6:103](-[#6:104]-1(-[#1:189])-[#1])-[#1:188])-[#1:187])-[#1:164]>>[#6:13]-[#6:14](-[#8:16])(-[#1])-[#1].[#6:62](=[#8:63])-[#6:64]1:[#6:65](:[#7&+:66](-[#6@@:67]):[#6:102](:[#6:103](:[#6:104]:1-[#1:189])-[#1:188])-[#1:187])-[#1:164].[#8:15](-[#1])-[#1],"EVODEX.2-P53,EVODEX.2-P54,EVODEX.2-P777,EVODEX.2-P778,EVODEX.2-P780",1067290440954951105500753620824125050563344411777164759536056655998895414300
EVODEX.2-Dm27,[#6:1]-[#6:2](=[#8:3])-[#16:4]-[#6:5]>>[#6:1]-[#6:2](=[#8:3])-[#1].[#16:4](-[#6:5])-[#1],"EVODEX.2-P58,EVODEX.2-P719,EVODEX.2-P830,EVODEX.2-P852,EVODEX.2-P859",7992935377119924900636702267395383725761829318771133173638097268532318341379
EVODEX.2-Dm28,[#6:2](=[#8:3])-[#6:4]1:[#6:5](:[#6:6](:[#6:7](:[#7&+:8](-[#6@@:9]):[#6:44]:1-[#1:85])-[#1:62])-[#1:61])-[#1:60].[#6:48]-[#6:49](-[#6:50](=[#8:51])-[#8:52]-[#1])(-[#6:53](-[#8:54]-[#1])(-[#6:55]=[#8:56])-[#1])-[#1:89]>>[#6:50](=[#8:51])=[#8:52].[#6:2](=[#8:3])-[#6:4]1=[#6:44](-[#7:8](-[#6@@:9])-[#6:7](=[#6:6](-[#6:5]-1(-[#1:60])-[#1])-[#1:61])-[#1:62])-[#1:85].[#6:48]-[#6:49](-[#6:53](=[#8:54])-[#6:55]=[#8:56])(-[#1:89])-[#1],"EVODEX.2-P101,EVODEX.2-P72,EVODEX.2-P73,EVODEX.2-P97,EVODEX.2-P99",98364201839254369841510851302724637689554263711986635013875904535158528432384
EVODEX.2-Dm29,[#6:2](=[#8:3])-[#6:4]1:[#6:5](:[#6:6](:[#6:7](:[#7&+:8](-[#6@@:9]):[#6:44]:1-[#1:86])-[#1:63])-[#1:62])-[#1:61].[#6:49]-[#6@:50](-[#6](=[#8])-[#8])(-[#6@@:54](-[#8:55]-[#1])(-[#6:56]=[#8:57])-[#1])-[#1:92]>>[#6:2](=[#8:3])-[#6:4]1=[#6:44](-[#7:8](-[#6@@:9])-[#6:7](=[#6:6](-[#6:5]-1(-[#1:61])-[#1])-[#1:62])-[#1:63])-[#1:86].[#6:49]-[#6:50](-[#6:54](=[#8:55])-[#6:56]=[#8:57])(-[#1:92])-[#1],"EVODEX.2-P100,EVODEX.2-P74,EVODEX.2-P75,EVODEX.2-P96,EVODEX.2-P98",48514245576340940636069405496622737872238805970691214239933587498649098817895
EVODEX.2-Dm30,[#6]-[#16]-[#6:49](=[#8:50])-[#6:51]>>[#6:49](-[#8:50]-[#1])(-[#6:51])(-[#1])-[#1],"EVODEX.2-P723,EVODEX.2-P80,EVODEX.2-P827,EVODEX.2-P854,EVODEX.2-P858",77068411779577406983754843853071345257212087124971854871423822457288725570529
EVODEX.2-Dm31,[#6:52]-[#6:53](-[#8:54]-[#1])(-[#1])-[#1].[#6:108](=[#8:109])-[#6:110]1:[#6:111](:[#6:112](:[#6:113](:[#7&+:114](-[#6@@:115]):[#6:154]:1-[#1:231])-[#1:207])-[#1:206])-[#1:205].[#6:60](=[#8:61])-[#6:62]1:[#6:63](:[#6:64](:[#6:65](:[#7&+:66](-[#6@@:67]):[#6:106]:1-[#1:260])-[#1:236])-[#1:235])-[#1:234]>>[#6]-[#16]-[#6:53](-[#6:52])=[#8:54].[#6:108](=[#8:109])-[#6:110]1=[#6:154](-[#7:114](-[#6@@:115])-[#6:113](=[#6:112](-[#6:111]-1(-[#1:205])-[#1])-[#1:206])-[#1:207])-[#1:231].[#6:60](=[#8:61])-[#6:62]1=[#6:106](-[#7:66](-[#6@@:67])-[#6:65](=[#6:64](-[#6:63]-1(-[#1:234])-[#1])-[#1:235])-[#1:236])-[#1:260],"EVODEX.2-P715,EVODEX.2-P81,EVODEX.2-P835,EVODEX.2-P838,EVODEX.2-P853",81766055273572925196747891426320636348316825947763187766288763620885644725022
EVODEX.2-Dm35,[#8:1]=[#8:2].[#6:9]-[#6@@:10](-[#8:11]-[#1])(-[#6@@:12])-[#1]>>[#8:1](-[#8:2]-[#1])-[#1].[#6:9]-[#6:10](=[#8:11])-[#6@@:12],"EVODEX.2-P108,EVODEX.2-P123,EVODEX.2-P124,EVODEX.2-P139,EVODEX.2-P140",3215224486414555928388951061524629680939311273728985987979484525284026238226
EVODEX.2-Dm36,[#6:2]-[#6:3](-[#8:4]-[#1])(-[#1:12])-[#1].[#8:5]=[#8:6]>>[#6:2]-[#6:3](=[#8:4])-[#1:12].[#8:5](-[#8:6]-[#1])-[#1],"EVODEX.2-P111,EVODEX.2-P112,EVODEX.2-P113,EVODEX.2-P137,EVODEX.2-P141",107720401821464764681704991327219787525303126083376264429350203587128671972782
EVODEX.2-Dm37,[#6:4]-[#6@:5](-[#8:6])(-[#6](=[#8])-[#8])-[#1]>>[#6:4]-[#6:5](-[#8:6])=[#8],"EVODEX.2-P114,EVODEX.2-P275,EVODEX.2-P480,EVODEX.2-P658,EVODEX.2-P684",44328167083343256844918273856490462686460936772836386272325342908557541069441
EVODEX.2-Dm38,[#6:6]-[#6:7](-[#8:8]-[#1])(-[#6:9]=[#8:10])-[#1].[#8:12]=[#6:13]1-[#6:14](=[#6:15](-[#6:16](=[#7:17]-[#6:18]2:[#6:19]:[#6:20]:[#6:22]:[#6:24]:[#6:26]:2)-[#6:27](=[#6:28]-1-[#1:51])-[#1:50])-[#1:46])-[#1:45]>>[#6:6]-[#6:7](=[#8:8])-[#6:9]=[#8:10].[#8:12](-[#6:13]1:[#6:14](:[#6:15](:[#6:16](-[#7:17](-[#6:18]2:[#6:19]:[#6:20]:[#6:22]:[#6:24]:[#6:26]:2)-[#1]):[#6:27](:[#6:28]:1-[#1:51])-[#1:50])-[#1:46])-[#1:45])-[#1],"EVODEX.2-P117,EVODEX.2-P118,EVODEX.2-P119,EVODEX.2-P120,EVODEX.2-P160",25988538130180913618982928686964391848842833151410452745576260984451906726743
EVODEX.2-Dm39,[#8:1]=[#8:2].[#6:16](-[#6@:15])(-[#8:17])(-[#1])-[#1]>>[#8:1]=[#6:16](-[#6@:15])-[#8:17].[#8:2](-[#1])-[#1],"EVODEX.2-P127,EVODEX.2-P128,EVODEX.2-P130,EVODEX.2-P131,EVODEX.2-P133",25586342623718688097952050329887616936701146092213470713180568265688956123313
EVODEX.2-Dm40,[#8:1]=[#8].[#6:15](-[#6@:14])(-[#8:16])(-[#1])-[#1]>>[#8:1]=[#6:15](-[#6@:14])-[#8:16],"EVODEX.2-P129,EVODEX.2-P132,EVODEX.2-P135,EVODEX.2-P398,EVODEX.2-P619",59752937679928961455271635099486738133481488992192661953967747051115413235141
EVODEX.2-Dm41,[#6:15](-[#6@@:14])(-[#8:16])(-[#1])-[#1]>>[#6:15](-[#6@@:14])(-[#8:16])=[#8],"EVODEX.2-P134,EVODEX.2-P621,EVODEX.2-P711,EVODEX.2-P772,EVODEX.2-P779",14536949284179725652720954401544448665627205362811343844197368444153637501029
EVODEX.2-Dm42,[#6:1](-[#6:2])(-[#1:12])(-[#1])-[#1]>>[#6:1](-[#6:2])(=[#8])-[#1:12],"EVODEX.2-P136,EVODEX.2-P252,EVODEX.2-P535,EVODEX.2-P582,EVODEX.2-P656",66941863077176758523076993703477283754652075819230444061994202224142115580853
EVODEX.2-Dm43,[#6:19]-[#6@@:20](-[#8:21]-[#1])(-[#6:22]=[#8:23])-[#1].[#8:2]-[#6:3]1=[#6:4](-[#8:5])-[#6:7](=[#8:8])-[#6:9](-[#6:10])=[#6:15](-[#6:16])-[#6:17]-1=[#8:18]>>[#6:19]-[#6:20](=[#8:21])-[#6:22]=[#8:23].[#8:2]-[#6:3]1:[#6:4](-[#8:5]):[#6:7](-[#8:8]-[#1]):[#6:9](-[#6:10]):[#6:15](-[#6:16]):[#6:17]:1-[#8:18]-[#1],"EVODEX.2-P142,EVODEX.2-P143,EVODEX.2-P144,EVODEX.2-P158,EVODEX.2-P159",58512778537875510110066409481312751206230774136573604435232431484252932488951
EVODEX.2-Dm44,[#8:2]-[#6:3]1=[#6:4](-[#8:5])-[#6:7](=[#8:8])-[#6:9](-[#6:10])=[#6:60](-[#6:61])-[#6:62]-1=[#8:63].[#8:73](-[#6@@:72](-[#6@:70])(-[#6:74])-[#1])-[#1]>>[#8:2]-[#6:3]1:[#6:4](-[#8:5]):[#6:7](-[#8:8]-[#1]):[#6:9](-[#6:10]):[#6:60](-[#6:61]):[#6:62]:1-[#8:63]-[#1].[#6:72](-[#6@:70])(=[#8:73])-[#6:74],"EVODEX.2-P145,EVODEX.2-P149,EVODEX.2-P155,EVODEX.2-P157,EVODEX.2-P166",46442521395084027461814209421751989795153167001483878804266046287138811413366
EVODEX.2-Dm45,[#8:8](-[#6@@:7](-[#6@@:5])(-[#6@:9])-[#1])-[#1].[#8:13]=[#6:14]-[#6:16]1:[#6:17]:[#6:18](-[#6:19]=[#8:20]):[#6:22]2:[#6:23](:[#7:24]:1)-[#6:25](=[#8:26])-[#6:27](=[#8:28])-[#6:29]1:[#6:30]:[#6:31](-[#6:32]=[#8:33]):[#7:35]:[#6:36]:1-2>>[#6:7](-[#6@@:5])(=[#8:8])-[#6@:9].[#8:13]=[#6:14]-[#6:16]1:[#6:17]:[#6:18](-[#6:19]=[#8:20]):[#6:22]2:[#6:23](:[#7:24]:1):[#6:25](-[#8:26]-[#1]):[#6:27](-[#8:28]-[#1]):[#6:29]1:[#6:30]:[#6:31](-[#6:32]=[#8:33]):[#7:35]:[#6:36]:2:1,"EVODEX.2-P146,EVODEX.2-P167,EVODEX.2-P168,EVODEX.2-P169,EVODEX.2-P170",42765191223646155296610671460426121689340857570110821575321906568143439876820
EVODEX.2-Dm46,[#8:2]-[#6:3]1=[#6:4](-[#8:5])-[#6:7](=[#8:8])-[#6:9](-[#6:10])=[#6:60](-[#6:61])-[#6:62]-1=[#8:63].[#8:72]-[#6:73](-[#8:74]-[#1])(-[#6@@:75])-[#1]>>[#8:2]-[#6:3]1:[#6:4](-[#8:5]):[#6:7](-[#8:8]-[#1]):[#6:9](-[#6:10]):[#6:60](-[#6:61]):[#6:62]:1-[#8:63]-[#1].[#8:72]-[#6:73](=[#8:74])-[#6@@:75],"EVODEX.2-P147,EVODEX.2-P148,EVODEX.2-P150,EVODEX.2-P153,EVODEX.2-P176",114625249173909130919447126671375345056582994459090571860451713120545493212388
EVODEX.2-Dm47,[#8:1]=[#6:2]1-[#6:3](=[#6:4](-[#6:5](=[#7:6]-[#6:7]2:[#6:8]:[#6:9]:[#6:11]:[#6:13]:[#6:15]:2)-[#6:16](=[#6:17]-1-[#1:34])-[#1:33])-[#1:29])-[#1:28].[#8:18](-[#6:19](-[#8:20])(-[#6@:26])-[#1])-[#1]>>[#8:18]=[#6:19](-[#8:20])-[#6@:26].[#8:1](-[#6:2]1:[#6:3](:[#6:4](:[#6:5](-[#7:6](-[#6:7]2:[#6:8]:[#6:9]:[#6:11]:[#6:13]:[#6:15]:2)-[#1]):[#6:16](:[#6:17]:1-[#1:34])-[#1:33])-[#1:29])-[#1:28])-[#1],"EVODEX.2-P152,EVODEX.2-P177,EVODEX.2-P178,EVODEX.2-P179,EVODEX.2-P180",55310463828926893335446555001514423985540306930080745539023269494080309174162
EVODEX.2-Dm48,[#6:1]-[#6:2](-[#8:3]-[#1])(-[#1:70])-[#1].[#8:5]-[#6:6]1=[#6:7](-[#8:8])-[#6:10](=[#8:11])-[#6:12](-[#6:13])=[#6:63](-[#6:64])-[#6:65]-1=[#8:66]>>[#6:1]-[#6:2](=[#8:3])-[#1:70].[#8:5]-[#6:6]1:[#6:7](-[#8:8]):[#6:10](-[#8:11]-[#1]):[#6:12](-[#6:13]):[#6:63](-[#6:64]):[#6:65]:1-[#8:66]-[#1],"EVODEX.2-P161,EVODEX.2-P162,EVODEX.2-P163,EVODEX.2-P164,EVODEX.2-P165",62548547109438025092020020056326754301452042157956626044167950705518130876943
EVODEX.2-Dm49,[#8](-[#6@@:25](-[#6@@:6])(-[#6@@:23])-[#1:47])-[#1]>>[#6:25](-[#6@@:6])(-[#6@@:23])(-[#1:47])-[#1],"EVODEX.2-P171,EVODEX.2-P172,EVODEX.2-P266,EVODEX.2-P267,EVODEX.2-P706",82543473839625388216710905407632244959728355845219187796140139514168396071843
EVODEX.2-Dm50,[#8:2]-[#6:3]1:[#6:4](-[#8:5]-[#1]):[#6:6](-[#6:7]):[#6:8](-[#6:9]):[#6:19](-[#8:20]-[#1]):[#6:21]:1-[#8:22].[#6:25](=[#8:26])-[#6:27]1:[#6:28](:[#6:29](:[#6:30](:[#7&+:31](-[#6@@:32]):[#6:41]:1-[#1:84])-[#1:74])-[#1:73])-[#1:72]>>[#8:2]-[#6:3]1=[#6:21](-[#8:22])-[#6:19](=[#8:20])-[#6:8](-[#6:9])=[#6:6](-[#6:7])-[#6:4]-1=[#8:5].[#6:25](=[#8:26])-[#6:27]1=[#6:41](-[#7:31](-[#6@@:32])-[#6:30](=[#6:29](-[#6:28]-1(-[#1:72])-[#1])-[#1:73])-[#1:74])-[#1:84],"EVODEX.2-P1305,EVODEX.2-P1307,EVODEX.2-P1308,EVODEX.2-P1309,EVODEX.2-P182",10252113026747770895744606013235149596896510473996803579295982982495593816422
EVODEX.2-Dm51,[#6:7]-[#16:8]-[#6:9].[#8](-[#8:15]-[#1])-[#1]>>[#6:7]-[#16@@:8](-[#6:9])=[#8:15],"EVODEX.2-P183,EVODEX.2-P185,EVODEX.2-P186,EVODEX.2-P187,EVODEX.2-P544",97797455154442409920995069168001835695227156133027190184564210102121374559769
EVODEX.2-Dm52,[#6:7]-[#16:8]-[#6:9]>>[#6:7]-[#16@@:8](-[#6:9])=[#8],"EVODEX.2-P184,EVODEX.2-P188,EVODEX.2-P415,EVODEX.2-P561,EVODEX.2-P567",6682403123081896732357650502270010243080532826443864574536040965969801617741
EVODEX.2-Dm54,[#6:24](-[#6@:22])(-[#6:25])(-[#6:26])-[#1].[#8:30](-[#8:31]-[#1])-[#1]>>[#6:24](-[#6@:22])(-[#6:25])(-[#6:26])-[#8:30]-[#1].[#8:31](-[#1])-[#1],"EVODEX.2-P190,EVODEX.2-P193,EVODEX.2-P579,EVODEX.2-P581,EVODEX.2-P610",106967939233731777223696159762433341978404803031930010866101138904825787652752
EVODEX.2-Dm55,[#6:24](-[#6@:22])(-[#6:25])(-[#6:26])-[#1].[#8:30](-[#8]-[#1])-[#1]>>[#6:24](-[#6@:22])(-[#6:25])(-[#6:26])-[#8:30]-[#1],"EVODEX.2-P191,EVODEX.2-P192,EVODEX.2-P578,EVODEX.2-P609,EVODEX.2-P705",25275613411175569962682211097761475997601042810773197330367619247962447977325
EVODEX.2-Dm56,[#6:1]-[#6:2](-[#6:3])(-[#6:4])-[#1]>>[#6:1]-[#6:2](-[#6:3])(-[#6:4])-[#8]-[#1],"EVODEX.2-P194,EVODEX.2-P414,EVODEX.2-P448,EVODEX.2-P449,EVODEX.2-P580",69548189609848475979361868666060812645249890905980918325741263539738772080830
EVODEX.2-Dm57,[#6:9]-[#6:10](-[#6:11])(-[#1:40])-[#1].[#8:17](-[#8:18]-[#1])-[#1]>>[#6:9]-[#6:10](-[#6:11])(-[#8:17]-[#1])-[#1:40].[#8:18](-[#1])-[#1],"EVODEX.2-P195,EVODEX.2-P447,EVODEX.2-P590,EVODEX.2-P605,EVODEX.2-P606",104764008011395235734875304860924171259472653911309527299432547032880386039171
EVODEX.2-Dm58,[#6:2]1:[#6:3](:[#6:4]:[#6:5]:[#6:6]:[#6:7]:1)-[#1].[#8:15](-[#8:16]-[#1])-[#1].[#8](-[#8:18]-[#1])-[#1]>>[#6:2]1:[#6:3](-[#8:15]-[#1]):[#6:4]:[#6:5]:[#6:6]:[#6:7]:1.[#8:16](-[#1])-[#1].[#8:18](-[#1])-[#1],"EVODEX.2-P196,EVODEX.2-P442,EVODEX.2-P549,EVODEX.2-P550,EVODEX.2-P617",37978567946453084596728615198750638795916157197705929576808338615829637245924
EVODEX.2-Dm61,[#6:25]/[#6:26](=[#6:27](\[#6:28](-[#6:29]=[#6:30])(-[#1:90])-[#1])-[#1:89])-[#1:88]>>[#6:25]-[#6:26](-[#6:27](=[#6:28](-[#6:29]=[#6:30])-[#1:90])-[#1:89])(-[#8]-[#8])-[#1:88],"EVODEX.2-P200,EVODEX.2-P202,EVODEX.2-P203,EVODEX.2-P205,EVODEX.2-P207",58702169199162128408023347686306892898642005773167074954710541469090768114883
EVODEX.2-Dm62,[#6:12]=[#6:13]-[#6:14](/[#6:15](=[#6:16](\[#6:17])-[#1:76])-[#1:75])(-[#1:73])-[#1].[#8:49]=[#8:50]>>[#6:12]=[#6:13]/[#6:14](=[#6:15](/[#6@:16](-[#6:17])(-[#8:49]-[#8:50]-[#1])-[#1:76])-[#1:75])-[#1:73],"EVODEX.2-P201,EVODEX.2-P206,EVODEX.2-P208,EVODEX.2-P209,EVODEX.2-P210",57765647562789485917599788751741557256379766376461163036172653103236499429616
EVODEX.2-Dm63,[#6:7]-[#6@:8](-[#7:9])(-[#6:10](=[#8:11])-[#8:12]-[#1])-[#1].[#8:13]=[#8]>>[#6:10](=[#8:11])=[#8:12].[#6:7]-[#6:8](-[#7:9])=[#8:13],"EVODEX.2-P213,EVODEX.2-P221,EVODEX.2-P226,EVODEX.2-P229,EVODEX.2-P236",36292209008255522320429569813937735172489990531929919941487187657212151052102
EVODEX.2-Dm64,[#6:7]-[#6@:8](-[#7:9])(-[#6](=[#8])-[#8])-[#1].[#8:13]=[#8:14]>>[#6:7]-[#6:8](-[#7:9])=[#8:13].[#8:14](-[#1])-[#1],"EVODEX.2-P214,EVODEX.2-P222,EVODEX.2-P223,EVODEX.2-P231,EVODEX.2-P239",18898762160915057629334418551092169086663860074353134056791210088114427581700
EVODEX.2-Dm65,[#6:7]-[#6@:8](-[#7:9])(-[#6:10](=[#8:11])-[#8:12]-[#1])-[#1]>>[#6:10](=[#8:11])=[#8:12].[#6:7]-[#6:8](-[#7:9])=[#8],"EVODEX.2-P215,EVODEX.2-P220,EVODEX.2-P238,EVODEX.2-P240,EVODEX.2-P242",101162407395405129112072651554890122917849794882279964405540841975973459477083
EVODEX.2-Dm66,[#6:7]-[#6@:8](-[#7:9])(-[#6](=[#8])-[#8])-[#1]>>[#6:7]-[#6:8](-[#7:9])=[#8],"EVODEX.2-P216,EVODEX.2-P218,EVODEX.2-P230,EVODEX.2-P233,EVODEX.2-P241",822344986088086809471658032332042358003271024150769707925409985048501108253
EVODEX.2-Dm67,[#6:8]-[#6@:9](-[#7:10])(-[#6:11](=[#8:12])-[#8:13]-[#1])-[#1].[#8:14]=[#8:15]>>[#6:11](=[#8:12])=[#8:13].[#6:8]-[#6:9](-[#7:10])=[#8:14].[#8:15](-[#1])-[#1],"EVODEX.2-P217,EVODEX.2-P225,EVODEX.2-P228,EVODEX.2-P235,EVODEX.2-P243",45212944655417620100518875507806923357529658397004365696900780083766682011534
EVODEX.2-Dm68,[#7](-[#6@@:2](-[#6:3])(-[#6:11]=[#8:12])-[#1])(-[#1])-[#1]>>[#6:2](-[#6:3])(-[#6:11]=[#8:12])=[#8],"EVODEX.2-P1009,EVODEX.2-P1128,EVODEX.2-P219,EVODEX.2-P2660,EVODEX.2-P962",42886867498775620614439265537366054649120719247666694277545682561603852236941
EVODEX.2-Dm69,[#6:6]-[#6@:7](-[#7:8])(-[#6](=[#8])-[#8])-[#1].[#8:12]=[#8]>>[#6:6]-[#6:7](-[#7:8])=[#8:12],"EVODEX.2-P224,EVODEX.2-P227,EVODEX.2-P232,EVODEX.2-P234,EVODEX.2-P237",66759596668418869533204353189420594640539704519139857603766108763984981421603
EVODEX.2-Dm70,[#8]=[#6](-[#8])-[#6:4](-[#8:5])(-[#6:6])-[#1].[#8:8]=[#8]>>[#6:4](-[#8:5])(-[#6:6])=[#8:8],"EVODEX.2-P244,EVODEX.2-P253,EVODEX.2-P479,EVODEX.2-P481,EVODEX.2-P659",60669289953314153923399276852693774950612855796936852196421423975262594005868
EVODEX.2-Dm73,[#6:47]-[#16:48]-[#1].[#8:80]=[#6:81](-[#8]-[#1])-[#6@@:83]>>[#6:47]-[#16:48]-[#6:81](=[#8:80])-[#6@@:83],"EVODEX.2-P247,EVODEX.2-P6050,EVODEX.2-P6124,EVODEX.2-P6145,EVODEX.2-P6153",75078904576088930265664753000194736038844674861963514887627012415966364547513
EVODEX.2-Dm75,[#6:47]-[#16:48]-[#1].[#6:59]-[#6:60](=[#8:61])-[#8:62]-[#1].[#8:77]-[#15:78](=[#8:79])(-[#8:80])-[#8]-[#15]=[#8]>>[#6:47]-[#16:48]-[#6:60](-[#6:59])=[#8:61].[#8:62](-[#15:78](-[#8:77])(=[#8:79])-[#8:80])-[#1],"EVODEX.2-P249,EVODEX.2-P6079,EVODEX.2-P6152,EVODEX.2-P6184,EVODEX.2-P6217",18054198374359154937034248808958317549923196937222062568799215661962570624052
EVODEX.2-Dm77,[#6:5]-[#6:6](-[#6:7])(-[#1:34])-[#1].[#8:21]=[#8:22]>>[#6:5]-[#6@@:6](-[#6:7])(-[#8:21]-[#1])-[#1:34].[#6]-[#6](=[#8])-[#8:22]-[#1],"EVODEX.2-P254,EVODEX.2-P363,EVODEX.2-P390,EVODEX.2-P399,EVODEX.2-P427",56573792227570740220344706154388827546320067461348719716233476376492132010951
EVODEX.2-Dm86,[#6:17]-[#6:18](-[#6@@:19])(-[#1:39])-[#1].[#6]-[#6](=[#8])-[#6:8](=[#8:9])-[#8:10]-[#1].[#8:31]=[#8]>>[#6:8](=[#8:9])=[#8:10].[#6:17]-[#6:18](-[#8:31]-[#1])(-[#6@@:19])-[#1:39],"EVODEX.2-P265,EVODEX.2-P378,EVODEX.2-P385,EVODEX.2-P391,EVODEX.2-P416",105224340340411629049979563333257581211563639195045393251040346895663972113437
EVODEX.2-Dm87,[#6:12]-[#6:13](-[#6@:14])(-[#1:52])-[#1].[#6:30]-[#6:31](=[#8:32])-[#6:33](=[#8:34])-[#8:35]-[#1]>>[#6:33](=[#8:34])=[#8:35].[#6:12]-[#6@:13](-[#8]-[#1])(-[#6@:14])-[#1:52].[#6:30]-[#6:31](=[#8:32])-[#8]-[#1],"EVODEX.2-P268,EVODEX.2-P272,EVODEX.2-P273,EVODEX.2-P410,EVODEX.2-P418",86892269841677191611937187830624804584325331050714519697683043272848835421483
EVODEX.2-Dm88,[#6:12]-[#6:13](-[#6@:14])(-[#1:52])-[#1].[#6]-[#6](=[#8])-[#6:33](=[#8:34])-[#8:35]-[#1]>>[#6:33](=[#8:34])=[#8:35].[#6:12]-[#6@:13](-[#8]-[#1])(-[#6@:14])-[#1:52],"EVODEX.2-P269,EVODEX.2-P270,EVODEX.2-P386,EVODEX.2-P396,EVODEX.2-P408",78832859206409403556059708821524086670920412717436892050497585482102600829846
EVODEX.2-Dm89,[#6:5](-[#6@:4])(-[#6@:6])(-[#1:41])-[#1].[#6:29]-[#6:30](=[#8:31])-[#6:32](=[#8:33])-[#8:34]-[#1].[#8:35]=[#8:36]>>[#6:32](=[#8:33])=[#8:34].[#6:5](-[#6@:4])(-[#8:35]-[#1])(-[#6@:6])-[#1:41].[#6:29]-[#6:30](=[#8:31])-[#8:36]-[#1],"EVODEX.2-P271,EVODEX.2-P379,EVODEX.2-P402,EVODEX.2-P404,EVODEX.2-P426",30793836293991433818310833091968031133152311078658648192815852254130898904014
EVODEX.2-Dm90,[#6:13]-[#6:14](-[#6@:15])(-[#1:54])-[#1].[#6:30]-[#6:31](=[#8:32])-[#6](=[#8])-[#8].[#8:36]=[#8:37]>>[#6:13]-[#6@:14](-[#8:36]-[#1])(-[#6@:15])-[#1:54].[#6:30]-[#6:31](=[#8:32])-[#8:37]-[#1],"EVODEX.2-P274,EVODEX.2-P364,EVODEX.2-P368,EVODEX.2-P403,EVODEX.2-P428",98050252390671975176379977563090293401592233067996260053982476405449192926368
EVODEX.2-Dm92,[#7:113]-[#6:114](-[#6:115])(-[#1:240])-[#1].[#6:138]-[#6:139](=[#8:140])-[#6:141](=[#8:142])-[#8:143]-[#1].[#8:144]=[#8:145]>>[#6:141](=[#8:142])=[#8:143].[#7:113]-[#6:114](-[#8:144]-[#1])(-[#6:115])-[#1:240].[#6:138]-[#6:139](=[#8:140])-[#8:145]-[#1],"EVODEX.2-P351,EVODEX.2-P354,EVODEX.2-P358,EVODEX.2-P369,EVODEX.2-P698",49567120930440329156356395405916502728015490415617111965246311183114312481668
EVODEX.2-Dm93,[#7:113]-[#6:114](-[#6:115])(-[#1:240])-[#1].[#8:144]=[#8:145]>>[#7:113]-[#6:114](-[#8:144]-[#1])(-[#6:115])-[#1:240].[#6]-[#6](=[#8])-[#8:145]-[#1],"EVODEX.2-P352,EVODEX.2-P360,EVODEX.2-P387,EVODEX.2-P392,EVODEX.2-P697",44460904168373521387183837721922054072885272908618376812666011065573801059365
EVODEX.2-Dm94,[#7:113]-[#6:114](-[#6:115])(-[#1:240])-[#1].[#6:138]-[#6:139](=[#8:140])-[#6:141](=[#8:142])-[#8:143]-[#1]>>[#6:141](=[#8:142])=[#8:143].[#7:113]-[#6:114](-[#8]-[#1])(-[#6:115])-[#1:240].[#6:138]-[#6:139](=[#8:140])-[#8]-[#1],"EVODEX.2-P353,EVODEX.2-P361,EVODEX.2-P371,EVODEX.2-P375,EVODEX.2-P382",7531593969637278217271664459958550373006383273898676281414061490678651202895
EVODEX.2-Dm95,[#7:25]-[#6:26](-[#6:27])(-[#1:227])-[#1].[#6]-[#6](=[#8])-[#6:198](=[#8:199])-[#8:200]-[#1].[#8:201]=[#8]>>[#6:198](=[#8:199])=[#8:200].[#7:25]-[#6:26](-[#8:201]-[#1])(-[#6:27])-[#1:227],"EVODEX.2-P355,EVODEX.2-P359,EVODEX.2-P370,EVODEX.2-P373,EVODEX.2-P422",102849838691950767762348975925467171930541240474195710328151002958959743320436
EVODEX.2-Dm96,[#7:25]-[#6:26](-[#6:27])(-[#1:227])-[#1].[#6:195]-[#6:196](=[#8:197])-[#6](=[#8])-[#8].[#8:201]=[#8:202]>>[#7:25]-[#6:26](-[#8:201]-[#1])(-[#6:27])-[#1:227].[#6:195]-[#6:196](=[#8:197])-[#8:202]-[#1],"EVODEX.2-P356,EVODEX.2-P374,EVODEX.2-P381,EVODEX.2-P423,EVODEX.2-P699",35970663776487441626422357896893940152336128821229124696420999154484624248010
EVODEX.2-Dm97,[#6:7]-[#6:8](-[#6:9])(-[#1:43])-[#1].[#6:27]-[#6:28](=[#8:29])-[#6](=[#8])-[#8]>>[#6:7]-[#6:8](-[#8]-[#1])(-[#6:9])-[#1:43].[#6:27]-[#6:28](=[#8:29])-[#8]-[#1],"EVODEX.2-P357,EVODEX.2-P406,EVODEX.2-P407,EVODEX.2-P409,EVODEX.2-P417",66293509021541166237994079158228191449741575368341778378512476422761876460923
EVODEX.2-Dm98,[#7:141]-[#6:142](-[#6:143])(-[#1:350])-[#1].[#8:229]=[#8]>>[#7:141]-[#6:142](-[#8:229]-[#1])(-[#6:143])-[#1:350],"EVODEX.2-P362,EVODEX.2-P384,EVODEX.2-P388,EVODEX.2-P394,EVODEX.2-P628",23961424940199899014898959866280740806548438382482746698534146681723292946897
EVODEX.2-Dm99,[#6:116]-[#6:117](-[#16:118])(-[#1:287])-[#1]>>[#6:116]-[#6:117](-[#16:118])(-[#8]-[#1])-[#1:287],"EVODEX.2-P365,EVODEX.2-P413,EVODEX.2-P611,EVODEX.2-P613,EVODEX.2-P616",114384527276740837569614941440367831299126239955582386626199487639753527087249
EVODEX.2-Dm100,[#6:50]-[#6:51](-[#6:52])(-[#1:184])-[#1].[#8:137]=[#8]>>[#6:50]-[#6:51](-[#8:137]-[#1])(-[#6:52])-[#1:184],"EVODEX.2-P366,EVODEX.2-P397,EVODEX.2-P405,EVODEX.2-P411,EVODEX.2-P618",2452571173109156312953955674049792093255765239777841579033371594365487498375
EVODEX.2-Dm101,[#7:148]-[#6:149](-[#6:150])(-[#1:361])-[#1].[#6]-[#6](=[#8])-[#6:233](=[#8:234])-[#8:235]-[#1]>>[#6:233](=[#8:234])=[#8:235].[#7:148]-[#6:149](-[#8]-[#1])(-[#6:150])-[#1:361],"EVODEX.2-P372,EVODEX.2-P376,EVODEX.2-P383,EVODEX.2-P393,EVODEX.2-P424",83230262632337810248105776186528917153832776556963804926646994604791679732639
EVODEX.2-Dm102,[#7:65]-[#6:66](-[#6:67])(-[#1:213])-[#1].[#6:144]-[#6:145](=[#8:146])-[#6](=[#8])-[#8]>>[#7:65]-[#6:66](-[#8]-[#1])(-[#6:67])-[#1:213].[#6:144]-[#6:145](=[#8:146])-[#8]-[#1],"EVODEX.2-P377,EVODEX.2-P389,EVODEX.2-P395,EVODEX.2-P425,EVODEX.2-P700",77128943696886532849944574902724942168066272845279941788472128977216118350273
EVODEX.2-Dm103,[#7:29](-[#6@@:28](-[#6@:5])(-[#6@@:30])-[#1])(-[#1])-[#1]>>[#6:28](-[#6@:5])(=[#8])-[#6@@:30].[#7:29](-[#1])(-[#1])-[#1],"EVODEX.2-P1072,EVODEX.2-P1078,EVODEX.2-P400,EVODEX.2-P939,EVODEX.2-P990",25389971445795353563956493724981235550073451799880001636987185781060751859416
EVODEX.2-Dm104,[#6:29](-[#6@:6])(=[#8])-[#6@@:31].[#7:1](-[#1])(-[#1])-[#1]>>[#7:1](-[#6@@:29](-[#6@@:6])(-[#6@@:31])-[#1])(-[#1])-[#1],"EVODEX.2-P1033,EVODEX.2-P401,EVODEX.2-P931,EVODEX.2-P950,EVODEX.2-P985",89353376874450443657431393903932794079900009968895799490020001964258406820392
EVODEX.2-Dm105,[#6:6](-[#6@:5])(-[#16:7])(-[#1:30])-[#1].[#8:21]=[#8]>>[#6:6](-[#6@:5])(-[#16:7])(-[#8:21]-[#1])-[#1:30],"EVODEX.2-P412,EVODEX.2-P612,EVODEX.2-P614,EVODEX.2-P615,EVODEX.2-P622",79172073557461319022118878442703242643052099516064004218703647563809105222966
EVODEX.2-Dm106,[#6:8]-[#6:9](-[#8:10]-[#16:11](=[#8:12])=[#8:13])(-[#1:44])-[#1]>>[#6:8]-[#6:9](=[#8])-[#1:44].[#8:10](-[#16:11](=[#8:12])=[#8:13])-[#1],"EVODEX.2-P3736,EVODEX.2-P3755,EVODEX.2-P429,EVODEX.2-P430,EVODEX.2-P431",98086609346961957904096989030652584769740110095445729076916929411087675029330
EVODEX.2-Dm107,[#6:2](=[#8:3])-[#6:4]1=[#6:5](-[#7:6](-[#6@@:7])-[#6:42](=[#6:43](-[#6:44]-1(-[#1:90])-[#1])-[#1:89])-[#1:88])-[#1:65].[#8:45]=[#8:46].[#6:48]1:[#6:49]:[#6:50](:[#6:51]:[#6:61]:[#6:62]:1)-[#1]>>[#6:2](=[#8:3])-[#6:4]1:[#6:5](:[#7&+:6](-[#6@@:7]):[#6:42](:[#6:43](:[#6:44]:1-[#1:90])-[#1:89])-[#1:88])-[#1:65].[#8:46](-[#1])-[#1].[#8:45](-[#6:50]1:[#6:49]:[#6:48]:[#6:62]:[#6:61]:[#6:51]:1)-[#1],"EVODEX.2-P434,EVODEX.2-P438,EVODEX.2-P526,EVODEX.2-P533,EVODEX.2-P551",51245142381222866734796498240717930797685412542196040773373416083222349456836
EVODEX.2-Dm108,[#6:2](=[#8:3])-[#6:4]1=[#6:5](-[#7:6](-[#6@@:7])-[#6:42](=[#6:43](-[#6:44]-1(-[#1:84])-[#1])-[#1:83])-[#1:82])-[#1:59].[#8:45]=[#8].[#6:48]1:[#6:49]:[#6:50](:[#6:51]:[#6:55]:[#6:56]:1)-[#1]>>[#6:2](=[#8:3])-[#6:4]1:[#6:5](:[#7&+:6](-[#6@@:7]):[#6:42](:[#6:43](:[#6:44]:1-[#1:84])-[#1:83])-[#1:82])-[#1:59].[#8:45](-[#6:50]1:[#6:49]:[#6:48]:[#6:56]:[#6:55]:[#6:51]:1)-[#1],"EVODEX.2-P435,EVODEX.2-P531,EVODEX.2-P534,EVODEX.2-P542,EVODEX.2-P548",50814111208001171081619872717237957800104239629413199108534807031601600377402
EVODEX.2-Dm109,[#6:2](=[#8:3])-[#6:4]1=[#6:5](-[#7:6](-[#6@@:7])-[#6:42](=[#6:43](-[#6:44]-1(-[#1:84])-[#1])-[#1:83])-[#1:82])-[#1:59].[#6:48]1:[#6:49]:[#6:50](:[#6:51]:[#6:55]:[#6:56]:1)-[#1]>>[#6:2](=[#8:3])-[#6:4]1:[#6:5](:[#7&+:6](-[#6@@:7]):[#6:42](:[#6:43](:[#6:44]:1-[#1:84])-[#1:83])-[#1:82])-[#1:59].[#8](-[#6:50]1:[#6:49]:[#6:48]:[#6:56]:[#6:55]:[#6:51]:1)-[#1],"EVODEX.2-P437,EVODEX.2-P440,EVODEX.2-P541,EVODEX.2-P547,EVODEX.2-P553",8164469549290177639533009431717318442827553223682736616461755473099085903823
EVODEX.2-Dm110,[#6:6]-[#6@@:7](-[#6:8])(-[#6:9](=[#8:10])-[#6:11])-[#1:72].[#6:13](=[#8:14])-[#6:15]1=[#6:16](-[#7:17](-[#6@@:18])-[#6:57](=[#6:58](-[#6:59]-1(-[#1:106])-[#1])-[#1:105])-[#1:104])-[#1:80].[#8:60]=[#8:61]>>[#6:6]-[#6@@:7](-[#6:8])(-[#8:61]-[#6:9](=[#8:10])-[#6:11])-[#1:72].[#6:13](=[#8:14])-[#6:15]1:[#6:16](:[#7&+:17](-[#6@@:18]):[#6:57](:[#6:58](:[#6:59]:1-[#1:106])-[#1:105])-[#1:104])-[#1:80].[#8:60](-[#1])-[#1],"EVODEX.2-P443,EVODEX.2-P445,EVODEX.2-P464,EVODEX.2-P476,EVODEX.2-P483",48698979106032713383724686414570518620822452750230053947091795921178228142652
EVODEX.2-Dm111,[#6:6]-[#6@@:7](-[#6:8])(-[#6:9](=[#8:10])-[#6:11])-[#1:72]>>[#6:6]-[#6@@:7](-[#6:8])(-[#8]-[#6:9](=[#8:10])-[#6:11])-[#1:72],"EVODEX.2-P444,EVODEX.2-P465,EVODEX.2-P490,EVODEX.2-P498,EVODEX.2-P500",13823518911318609131514865415252626977817978133783424273371547739171689540179
EVODEX.2-Dm112,[#6:2]-[#6@:4](-[#6:5])(-[#6:10](-[#6:9])=[#8:11])-[#1:69].[#8:60]=[#8:61]>>[#6:2]-[#6@:4](-[#6:5])(-[#8:61]-[#6:10](-[#6:9])=[#8:11])-[#1:69].[#8:60](-[#1])-[#1],"EVODEX.2-P446,EVODEX.2-P468,EVODEX.2-P472,EVODEX.2-P475,EVODEX.2-P492",74387519984934426498811108871512060803593453349992175537130487146799372723843
EVODEX.2-Dm113,[#6:9]-[#6:10](-[#6@@:4])(-[#1:71])-[#1].[#6:12](=[#8:13])-[#6:14]1=[#6:15](-[#7:16](-[#6@@:17])-[#6:52](=[#6:53](-[#6:54]-1(-[#1:100])-[#1])-[#1:99])-[#1:98])-[#1:75].[#8:55]=[#8:56]>>[#6:9]-[#6:10](-[#6@@:4])(-[#8:55]-[#1])-[#1:71].[#6:12](=[#8:13])-[#6:14]1:[#6:15](:[#7&+:16](-[#6@@:17]):[#6:52](:[#6:53](:[#6:54]:1-[#1:100])-[#1:99])-[#1:98])-[#1:75].[#8:56](-[#1])-[#1],"EVODEX.2-P450,EVODEX.2-P508,EVODEX.2-P517,EVODEX.2-P587,EVODEX.2-P661",16816273698977404016570901642412947711351432270701324428736533522381704024475
EVODEX.2-Dm114,[#6:2]-[#6:7](-[#6:6](-[#6:5])(-[#1:69])-[#1:70])=[#8:8].[#8:57]=[#8:58]>>[#6:2]-[#6:7](-[#8:58]-[#6:6](-[#6:5])(-[#1:69])-[#1:70])=[#8:8].[#8:57](-[#1])-[#1],"EVODEX.2-P451,EVODEX.2-P455,EVODEX.2-P457,EVODEX.2-P497,EVODEX.2-P504",76941834345305812181899783592195850140237850207865764873467061331824742034258
EVODEX.2-Dm115,[#6:2](=[#8:3])-[#6:4]1=[#6:5](-[#7:6](-[#6@@:7])-[#6:46](=[#6:47](-[#6:48]-1(-[#1:87])-[#1])-[#1:86])-[#1:85])-[#1:61].[#8:49]=[#6:50](-[#6:51](-[#6:52])(-[#1:89])-[#1:90])-[#6:56]>>[#6:2](=[#8:3])-[#6:4]1:[#6:5](:[#7&+:6](-[#6@@:7]):[#6:46](:[#6:47](:[#6:48]:1-[#1:87])-[#1:86])-[#1:85])-[#1:61].[#8:49]=[#6:50](-[#6:56])-[#8]-[#6:51](-[#6:52])(-[#1:89])-[#1:90],"EVODEX.2-P452,EVODEX.2-P458,EVODEX.2-P494,EVODEX.2-P502,EVODEX.2-P503",6501201162263580324898102428979736475075749697299113381347089461686303173872
EVODEX.2-Dm116,[#8:49]=[#6:50](-[#6:51](-[#6:52])(-[#1:89])-[#1:90])-[#6:56].[#8]=[#8:58]>>[#8:49]=[#6:50](-[#6:56])-[#8:58]-[#6:51](-[#6:52])(-[#1:89])-[#1:90],"EVODEX.2-P453,EVODEX.2-P462,EVODEX.2-P488,EVODEX.2-P495,EVODEX.2-P573",89515741820235831798340281115791332615520691333630533208548604762345256584545
EVODEX.2-Dm117,[#6:2](=[#8:3])-[#6:4]1=[#6:5](-[#7:6](-[#6@@:7])-[#6:46](=[#6:47](-[#6:48]-1(-[#1:88])-[#1])-[#1:87])-[#1:86])-[#1:62].[#8:49]=[#6:50](-[#6:51](-[#6:52])(-[#1:90])-[#1:91])-[#6:57].[#8]=[#8:59]>>[#6:2](=[#8:3])-[#6:4]1:[#6:5](:[#7&+:6](-[#6@@:7]):[#6:46](:[#6:47](:[#6:48]:1-[#1:88])-[#1:87])-[#1:86])-[#1:62].[#8:49]=[#6:50](-[#6:57])-[#8:59]-[#6:51](-[#6:52])(-[#1:90])-[#1:91],"EVODEX.2-P454,EVODEX.2-P456,EVODEX.2-P460,EVODEX.2-P493,EVODEX.2-P572",37180997217028416609786566759483546955041667543685457123126869672031863469140
EVODEX.2-Dm118,[#6:5]-[#6:6](=[#8:7])-[#6:8](-[#6:9])(-[#1:68])-[#1:69]>>[#6:5]-[#6:6](=[#8:7])-[#8]-[#6:8](-[#6:9])(-[#1:68])-[#1:69],"EVODEX.2-P459,EVODEX.2-P496,EVODEX.2-P505,EVODEX.2-P569,EVODEX.2-P570",7577452170077470559795300568630423936833861825705687575409145553395555711489
EVODEX.2-Dm119,[#6:4]-[#6:5](=[#8:6])-[#6:7](-[#6:8])(-[#1:67])-[#1:68].[#6:10](=[#8:11])-[#6:12]1=[#6:13](-[#7:14](-[#6@@:15])-[#6:54](=[#6:55](-[#6:56]-1(-[#1:99])-[#1])-[#1:98])-[#1:97])-[#1:73].[#8:57]=[#8:58]>>[#6:4]-[#6:5](=[#8:6])-[#8:58]-[#6:7](-[#6:8])(-[#1:67])-[#1:68].[#6:10](=[#8:11])-[#6:12]1:[#6:13](:[#7&+:14](-[#6@@:15]):[#6:54](:[#6:55](:[#6:56]:1-[#1:99])-[#1:98])-[#1:97])-[#1:73].[#8:57](-[#1])-[#1],"EVODEX.2-P461,EVODEX.2-P463,EVODEX.2-P482,EVODEX.2-P489,EVODEX.2-P571",26518670762647400986975598514624967567370085399121258191490134194054911934069
EVODEX.2-Dm120,[#6:2]-[#6:3](-[#6:4])(-[#6:7](-[#6:6])=[#8:8])-[#1:64].[#6:10](=[#8:11])-[#6:12]1=[#6:13](-[#7:14](-[#6@@:15])-[#6:54](=[#6:55](-[#6:56]-1(-[#1:99])-[#1])-[#1:98])-[#1:97])-[#1:73]>>[#6:2]-[#6:3](-[#6:4])(-[#8]-[#6:7](-[#6:6])=[#8:8])-[#1:64].[#6:10](=[#8:11])-[#6:12]1:[#6:13](:[#7&+:14](-[#6@@:15]):[#6:54](:[#6:55](:[#6:56]:1-[#1:99])-[#1:98])-[#1:97])-[#1:73],"EVODEX.2-P466,EVODEX.2-P469,EVODEX.2-P477,EVODEX.2-P501,EVODEX.2-P537",47671112438060598719126222261779098430234431770723612430217941756915532925428
EVODEX.2-Dm121,[#6:2]-[#6:3](-[#6:4])(-[#6:7](-[#6:6])=[#8:8])-[#1:64].[#8]=[#8:58]>>[#6:2]-[#6:3](-[#6:4])(-[#8:58]-[#6:7](-[#6:6])=[#8:8])-[#1:64],"EVODEX.2-P467,EVODEX.2-P471,EVODEX.2-P474,EVODEX.2-P478,EVODEX.2-P491",98265049812378866217332582794813535601722375262691685094080264230263422977134
EVODEX.2-Dm122,[#6:1]-[#6:2](-[#6:3])(-[#6:7](-[#6:6])=[#8:8])-[#1:62].[#6:10](=[#8:11])-[#6:12]1=[#6:13](-[#7:14](-[#6@@:15])-[#6:54](=[#6:55](-[#6:56]-1(-[#1:99])-[#1])-[#1:98])-[#1:97])-[#1:73].[#8]=[#8:58]>>[#6:1]-[#6:2](-[#6:3])(-[#8:58]-[#6:7](-[#6:6])=[#8:8])-[#1:62].[#6:10](=[#8:11])-[#6:12]1:[#6:13](:[#7&+:14](-[#6@@:15]):[#6:54](:[#6:55](:[#6:56]:1-[#1:99])-[#1:98])-[#1:97])-[#1:73],"EVODEX.2-P470,EVODEX.2-P473,EVODEX.2-P484,EVODEX.2-P499,EVODEX.2-P574",57875995830156212615924955367739470080926608052247142689190577590926834917730
EVODEX.2-Dm123,[#6:1]-[#6:2](-[#6@:3])(-[#1:90])-[#1].[#6:38](=[#8:39])-[#6:40]1=[#6:41](-[#7:42](-[#6@@:43])-[#6:82](=[#6:83](-[#6:84]-1(-[#1:144])-[#1])-[#1:143])-[#1:142])-[#1:118].[#8:85]=[#8]>>[#6:1]-[#6:2](-[#6@:3])(-[#8:85]-[#1])-[#1:90].[#6:38](=[#8:39])-[#6:40]1:[#6:41](:[#7&+:42](-[#6@@:43]):[#6:82](:[#6:83](:[#6:84]:1-[#1:144])-[#1:143])-[#1:142])-[#1:118],"EVODEX.2-P485,EVODEX.2-P509,EVODEX.2-P607,EVODEX.2-P660,EVODEX.2-P663",82962005724121521314486937296991104184885537919607503790539354594897953742741
EVODEX.2-Dm124,[#6:1]-[#16:6]-[#6:5].[#6:8](=[#8:9])-[#6:10]1=[#6:11](-[#7:12](-[#6@@:13])-[#6:52](=[#6:53](-[#6:54]-1(-[#1:93])-[#1])-[#1:92])-[#1:91])-[#1:67].[#8:55]=[#8:56]>>[#6:1]-[#16:6](-[#6:5])=[#8:56].[#6:8](=[#8:9])-[#6:10]1:[#6:11](:[#7&+:12](-[#6@@:13]):[#6:52](:[#6:53](:[#6:54]:1-[#1:93])-[#1:92])-[#1:91])-[#1:67].[#8:55](-[#1])-[#1],"EVODEX.2-P486,EVODEX.2-P521,EVODEX.2-P556,EVODEX.2-P558,EVODEX.2-P566",20733597816131885482125155938291813386216072572977271572627187322123433474883
EVODEX.2-Dm125,[#6:1]-[#16:6]-[#6:5].[#8:55]=[#8:56]>>[#6:1]-[#16:6](-[#6:5])=[#8:56].[#8:55](-[#1])-[#1],"EVODEX.2-P487,EVODEX.2-P507,EVODEX.2-P559,EVODEX.2-P562,EVODEX.2-P568",1891985390950784600078607839264181707604099390373104085211837000508652520186
EVODEX.2-Dm126,[#6:1]-[#16:2]-[#6:3].[#6:7](=[#8:8])-[#6:9]1=[#6:10](-[#7:11](-[#6@@:12])-[#6:51](=[#6:52](-[#6:53]-1(-[#1:92])-[#1])-[#1:91])-[#1:90])-[#1:66]>>[#6:1]-[#16:2](-[#6:3])=[#8].[#6:7](=[#8:8])-[#6:9]1:[#6:10](:[#7&+:11](-[#6@@:12]):[#6:51](:[#6:52](:[#6:53]:1-[#1:92])-[#1:91])-[#1:90])-[#1:66],"EVODEX.2-P506,EVODEX.2-P522,EVODEX.2-P555,EVODEX.2-P557,EVODEX.2-P564",9185751755452776061532521619012261176404160997823407645818601160686857965397
EVODEX.2-Dm127,[#6:1](-[#6:2])(-[#1:56])(-[#1:57])-[#1].[#6:7](=[#8:8])-[#6:9]1=[#6:10](-[#7:11](-[#6@@:12])-[#6:51](=[#6:52](-[#6:53]-1(-[#1:94])-[#1])-[#1:93])-[#1:92])-[#1:68].[#8:54]=[#8:55]>>[#6:1](-[#6:2])(-[#8:54]-[#1])(-[#1:56])-[#1:57].[#6:7](=[#8:8])-[#6:9]1:[#6:10](:[#7&+:11](-[#6@@:12]):[#6:51](:[#6:52](:[#6:53]:1-[#1:94])-[#1:93])-[#1:92])-[#1:68].[#8:55](-[#1])-[#1],"EVODEX.2-P510,EVODEX.2-P528,EVODEX.2-P592,EVODEX.2-P603,EVODEX.2-P655",11642327915349286380962073345852296750619203903696482582388410332717977219404
EVODEX.2-Dm128,[#6:1](-[#6:2])(-[#1:56])(-[#1:57])-[#1].[#8:54]=[#8]>>[#6:1](-[#6:2])(-[#8:54]-[#1])(-[#1:56])-[#1:57],"EVODEX.2-P3961,EVODEX.2-P511,EVODEX.2-P515,EVODEX.2-P577,EVODEX.2-P604",76838686753564959450174490397304502082942086366334013255731234726181679222694
EVODEX.2-Dm129,[#6:1](-[#6:2])(-[#1:56])(-[#1:57])-[#1].[#8:54]=[#8:55]>>[#6:1](-[#6:2])(-[#8:54]-[#1])(-[#1:56])-[#1:57].[#8:55](-[#1])-[#1],"EVODEX.2-P512,EVODEX.2-P514,EVODEX.2-P583,EVODEX.2-P584,EVODEX.2-P608",10743769375722014685350535473997719624190360947287952774737916529937850283687
EVODEX.2-Dm130,[#6:1](-[#6:2])(-[#1:49])(-[#1:50])-[#1].[#6:4](=[#8:5])-[#6:6]1=[#6:7](-[#7:8](-[#6@@:9])-[#6:44](=[#6:45](-[#6:46]-1(-[#1:82])-[#1])-[#1:81])-[#1:80])-[#1:57].[#8:47]=[#8]>>[#6:1](-[#6:2])(-[#8:47]-[#1])(-[#1:49])-[#1:50].[#6:4](=[#8:5])-[#6:6]1:[#6:7](:[#7&+:8](-[#6@@:9]):[#6:44](:[#6:45](:[#6:46]:1-[#1:82])-[#1:81])-[#1:80])-[#1:57],"EVODEX.2-P513,EVODEX.2-P518,EVODEX.2-P575,EVODEX.2-P591,EVODEX.2-P593",65210143301431711128620048695094671457910495457380022990183986756359718983477
EVODEX.2-Dm131,[#6:1](-[#6:2])(-[#1:52])(-[#1:53])-[#1].[#6:7](=[#8:8])-[#6:9]1=[#6:10](-[#7:11](-[#6@@:12])-[#6:47](=[#6:48](-[#6:49]-1(-[#1:91])-[#1])-[#1:90])-[#1:89])-[#1:66]>>[#6:1](-[#6:2])(-[#8]-[#1])(-[#1:52])-[#1:53].[#6:7](=[#8:8])-[#6:9]1:[#6:10](:[#7&+:11](-[#6@@:12]):[#6:47](:[#6:48](:[#6:49]:1-[#1:91])-[#1:90])-[#1:89])-[#1:66],"EVODEX.2-P516,EVODEX.2-P527,EVODEX.2-P529,EVODEX.2-P536,EVODEX.2-P657",15825574173192713997737716192251566475752741709851253793222117465637146708765
EVODEX.2-Dm132,[#6:1](-[#7:2](-[#6:3])-[#1])(-[#1:54])(-[#1:55])-[#1]>>[#6:1](=[#8])(-[#1:54])-[#1:55].[#7:2](-[#6:3])(-[#1])-[#1],"EVODEX.2-P1285,EVODEX.2-P1289,EVODEX.2-P1296,EVODEX.2-P1301,EVODEX.2-P523",11564660650316012883411825093907581810786284991497913808871874178847560553212
EVODEX.2-Dm133,[#6:3]-[#7:4](-[#6:5](-[#6:6])(-[#1:62])-[#1])-[#1]>>[#6:3]-[#7:4](-[#1])-[#1].[#6:5](-[#6:6])(=[#8])-[#1:62],"EVODEX.2-P1159,EVODEX.2-P1258,EVODEX.2-P1299,EVODEX.2-P524,EVODEX.2-P525",2832554779809368186757448919332175690214533991094235242645792954516730738085
EVODEX.2-Dm134,[#6:2]-[#16:3]-[#6:4].[#6:17](=[#8:18])-[#6:19]1=[#6:20](-[#7:21](-[#6@@:22])-[#6:61](=[#6:62](-[#6:63]-1(-[#1:109])-[#1])-[#1:108])-[#1:107])-[#1:83].[#8]=[#8:65]>>[#6:2]-[#16:3](-[#6:4])=[#8:65].[#6:17](=[#8:18])-[#6:19]1:[#6:20](:[#7&+:21](-[#6@@:22]):[#6:61](:[#6:62](:[#6:63]:1-[#1:109])-[#1:108])-[#1:107])-[#1:83],"EVODEX.2-P545,EVODEX.2-P554,EVODEX.2-P560,EVODEX.2-P563,EVODEX.2-P565",101714757912893805150101008076356562252459543411733504845299120949144964388147
EVODEX.2-Dm135,[#6:1]-[#6:2](-[#6:3])(-[#1:81])-[#1].[#6:29](=[#8:30])-[#6:31]1=[#6:32](-[#7:33](-[#6@@:34])-[#6:73](=[#6:74](-[#6:75]-1(-[#1:126])-[#1])-[#1:125])-[#1:124])-[#1:100]>>[#6:1]-[#6@:2](-[#6:3])(-[#8]-[#1])-[#1:81].[#6:29](=[#8:30])-[#6:31]1:[#6:32](:[#7&+:33](-[#6@@:34]):[#6:73](:[#6:74](:[#6:75]:1-[#1:126])-[#1:125])-[#1:124])-[#1:100],"EVODEX.2-P576,EVODEX.2-P589,EVODEX.2-P662,EVODEX.2-P664,EVODEX.2-P665",85980952897032263927325169353728933763538935886112515715373517348489533301507
EVODEX.2-Dm136,[#8:1](/[#7:2]=[#6:3](\[#6:4])-[#1])-[#1]>>[#7:2]#[#6:3]-[#6:4].[#8:1](-[#1])-[#1],"EVODEX.2-P585,EVODEX.2-P5998,EVODEX.2-P6000,EVODEX.2-P6003,EVODEX.2-P6005",28094994647923231971638701738565738381551155750025511805538471011646621457163
EVODEX.2-Dm137,[#8](/[#7:2]=[#6:3](\[#6:4])-[#1])-[#1]>>[#7:2]#[#6:3]-[#6:4],"EVODEX.2-P586,EVODEX.2-P5999,EVODEX.2-P6001,EVODEX.2-P6002,EVODEX.2-P6004",91284436708286850415409546627839212669486062096578873077921396598643114692309
EVODEX.2-Dm138,[#6:1](-[#8:2]-[#6:3])(-[#1:53])(-[#1:54])-[#1].[#6:8](=[#8:9])-[#6:10]1=[#6:11](-[#7:12](-[#6@@:13])-[#6:48](=[#6:49](-[#6:50]-1(-[#1:92])-[#1])-[#1:91])-[#1:90])-[#1:67]>>[#6:1](=[#8])(-[#1:53])-[#1:54].[#6:8](=[#8:9])-[#6:10]1:[#6:11](:[#7&+:12](-[#6@@:13]):[#6:48](:[#6:49](:[#6:50]:1-[#1:92])-[#1:91])-[#1:90])-[#1:67].[#8:2](-[#6:3])-[#1],"EVODEX.2-P594,EVODEX.2-P598,EVODEX.2-P600,EVODEX.2-P601,EVODEX.2-P702",70407441079485493710539097354973512024680376650129750714837639414976416156216
EVODEX.2-Dm139,[#6:1](-[#8:2]-[#6:3])(-[#1:53])(-[#1:54])-[#1].[#6:8](=[#8:9])-[#6:10]1=[#6:11](-[#7:12](-[#6@@:13])-[#6:48](=[#6:49](-[#6:50]-1(-[#1:92])-[#1])-[#1:91])-[#1:90])-[#1:67].[#8:51]=[#8:52]>>[#6:1](=[#8:52])(-[#1:53])-[#1:54].[#6:8](=[#8:9])-[#6:10]1:[#6:11](:[#7&+:12](-[#6@@:13]):[#6:48](:[#6:49](:[#6:50]:1-[#1:92])-[#1:91])-[#1:90])-[#1:67].[#8:51](-[#1])-[#1].[#8:2](-[#6:3])-[#1],"EVODEX.2-P595,EVODEX.2-P597,EVODEX.2-P599,EVODEX.2-P602,EVODEX.2-P704",90570301439383617305948836671185592768847715289484070655042492922422869133472
EVODEX.2-Dm140,[#6:1](-[#8:2]-[#6:3])(-[#1:53])(-[#1:54])-[#1]>>[#6:1](=[#8])(-[#1:53])-[#1:54].[#8:2](-[#6:3])-[#1],"EVODEX.2-P2110,EVODEX.2-P3810,EVODEX.2-P3939,EVODEX.2-P596,EVODEX.2-P703",58872748326553121837156019610399182393941563060968897020682651092018709026373
EVODEX.2-Dm141,[#7:13]-[#6:14](-[#6:15]=[#8:16])(-[#1:48])-[#1].[#8:21]=[#6:22]-[#6:31](=[#6:29](-[#6@:24])-[#8:30]-[#1])-[#8:32]-[#1].[#8:33]=[#8:34]>>[#7:13]-[#6:14](-[#6:15]=[#8:16])(-[#8:33]-[#1])-[#1:48].[#8:21]=[#6:22]-[#6:31](-[#6:29](-[#6@:24])=[#8:30])=[#8:32].[#8:34](-[#1])-[#1],"EVODEX.2-P623,EVODEX.2-P624,EVODEX.2-P631,EVODEX.2-P636,EVODEX.2-P639",84045262709027079790003689176042667491379800861420045857891170065308533032386
EVODEX.2-Dm142,[#7:15]-[#6:16](-[#6:17]=[#8:18])(-[#1:43])-[#1].[#8:32]=[#8]>>[#7:15]-[#6:16](-[#6:17]=[#8:18])(-[#8:32]-[#1])-[#1:43],"EVODEX.2-P625,EVODEX.2-P626,EVODEX.2-P644,EVODEX.2-P646,EVODEX.2-P649",57947639437716827602870151941206181165602645577463810940369758911781546335696
EVODEX.2-Dm143,[#7:21]-[#6:22](-[#6:23]=[#8:24])(-[#1:57])-[#1]>>[#7:21]-[#6:22](-[#6:23]=[#8:24])(-[#8]-[#1])-[#1:57],"EVODEX.2-P627,EVODEX.2-P630,EVODEX.2-P634,EVODEX.2-P645,EVODEX.2-P647",10433235229011651498326606596214184461533549856481021665296662205633313751088
EVODEX.2-Dm144,[#7:4]-[#6:5](-[#6:6]=[#8:7])(-[#1:27])-[#1].[#8:21]=[#8].[#8:9]=[#6:10]-[#6:19](=[#6:17](-[#6@:12])-[#8:18]-[#1])-[#8:20]-[#1]>>[#7:4]-[#6:5](-[#6:6]=[#8:7])(-[#8:21]-[#1])-[#1:27].[#8:9]=[#6:10]-[#6:19](-[#6:17](-[#6@:12])=[#8:18])=[#8:20],"EVODEX.2-P629,EVODEX.2-P641,EVODEX.2-P643,EVODEX.2-P648,EVODEX.2-P650",12120874568511157687338890297039638868675049801233923135283656624029632856647
EVODEX.2-Dm145,[#7:8]-[#6:9](-[#6:10]=[#8:11])(-[#1:39])-[#1].[#8:25]=[#8:26]>>[#7:8]-[#6:9](-[#6:10]=[#8:11])(-[#8:25]-[#1])-[#1:39].[#8:26](-[#1])-[#1],"EVODEX.2-P632,EVODEX.2-P633,EVODEX.2-P635,EVODEX.2-P637,EVODEX.2-P652",104596405872938044042563478466202036247132342125142132964514741665212343577034
EVODEX.2-Dm146,[#7:26]-[#6:27](-[#6:28]=[#8:29])(-[#1:79])-[#1].[#8:31]=[#6:32]-[#6:41](=[#6:39](-[#6@:34])-[#8:40]-[#1])-[#8:42]-[#1]>>[#7:26]-[#6:27](-[#6:28]=[#8:29])(-[#8]-[#1])-[#1:79].[#8:31]=[#6:32]-[#6:41](-[#6:39](-[#6@:34])=[#8:40])=[#8:42],"EVODEX.2-P638,EVODEX.2-P640,EVODEX.2-P642,EVODEX.2-P651,EVODEX.2-P653",58425271126267433567520703210894528443602409090261690930985737021119412986527
EVODEX.2-Dm147,[#6:1](-[#6:2]1(-[#6:3])-[#16:4]-[#6@@:5]-[#7:20]-[#6@:21]-1(-[#6:22]=[#8:23])-[#1])(-[#1:37])(-[#1:38])-[#1].[#6:29]-[#6:30](=[#8:31])-[#6](=[#8])-[#8].[#8:35]=[#8]>>[#6:1]1(-[#6:2](-[#6:3])=[#6:21](-[#6:22]=[#8:23])-[#7:20]-[#6@:5]-[#16:4]-1)(-[#1:37])-[#1:38].[#6:29]-[#6:30](=[#8:31])-[#8:35]-[#1],"EVODEX.2-P666,EVODEX.2-P669,EVODEX.2-P674,EVODEX.2-P682,EVODEX.2-P688",83761456458790799309381788182892440713603248855405307402015028151197806724966
EVODEX.2-Dm148,[#6:1](-[#6:2]1(-[#6:3])-[#16:4]-[#6@@:5]-[#7:20]-[#6@:21]-1(-[#6:22]=[#8:23])-[#1])(-[#1:37])(-[#1:38])-[#1].[#6:29]-[#6:30](=[#8:31])-[#6:32](=[#8:33])-[#8:34]-[#1]>>[#6:32](=[#8:33])=[#8:34].[#6:1]1(-[#6:2](-[#6:3])=[#6:21](-[#6:22]=[#8:23])-[#7:20]-[#6@:5]-[#16:4]-1)(-[#1:37])-[#1:38].[#6:29]-[#6:30](=[#8:31])-[#8]-[#1],"EVODEX.2-P667,EVODEX.2-P670,EVODEX.2-P675,EVODEX.2-P685,EVODEX.2-P690",86896047150661444644335966568636112619824341295931060764201056961299451559277
EVODEX.2-Dm149,[#6:1](-[#6:2]1(-[#6:3])-[#16:4]-[#6@@:5]-[#7:20]-[#6@:21]-1(-[#6:22]=[#8:23])-[#1])(-[#1:37])(-[#1:38])-[#1].[#6:29]-[#6:30](=[#8:31])-[#6](=[#8])-[#8].[#8:35]=[#8:36]>>[#6:1]1(-[#6:2](-[#6:3])=[#6:21](-[#6:22]=[#8:23])-[#7:20]-[#6@:5]-[#16:4]-1)(-[#1:37])-[#1:38].[#6:29]-[#6:30](=[#8:31])-[#8:35]-[#1].[#8:36](-[#1])-[#1],"EVODEX.2-P668,EVODEX.2-P671,EVODEX.2-P680,EVODEX.2-P686,EVODEX.2-P695",68846608876762988176386905722376837195778562720859611284493031267427470713505
EVODEX.2-Dm150,[#7:16]1-[#6:17]-[#16:18]-[#6:19](-[#6:20](-[#1:60])(-[#1:61])-[#1])(-[#6:21])-[#6:22]-1(-[#6:23]=[#8:24])-[#1].[#6:30]-[#6:31](=[#8:32])-[#6:33](=[#8:34])-[#8:35]-[#1].[#8:36]=[#8]>>[#6:33](=[#8:34])=[#8:35].[#7:16]1-[#6:17]-[#16:18]-[#6:20](-[#6:19](-[#6:21])=[#6:22]-1-[#6:23]=[#8:24])(-[#1:60])-[#1:61].[#6:30]-[#6:31](=[#8:32])-[#8:36]-[#1],"EVODEX.2-P672,EVODEX.2-P676,EVODEX.2-P678,EVODEX.2-P687,EVODEX.2-P691",29310853092482205820084415498829465854075113776328213651592923402477541338728
EVODEX.2-Dm151,[#7:16]1-[#6:17]-[#16:18]-[#6:19](-[#6:20](-[#1:60])(-[#1:61])-[#1])(-[#6:21])-[#6:22]-1(-[#6:23]=[#8:24])-[#1].[#6:30]-[#6:31](=[#8:32])-[#6:33](=[#8:34])-[#8:35]-[#1].[#8:36]=[#8:37]>>[#6:33](=[#8:34])=[#8:35].[#7:16]1-[#6:17]-[#16:18]-[#6:20](-[#6:19](-[#6:21])=[#6:22]-1-[#6:23]=[#8:24])(-[#1:60])-[#1:61].[#6:30]-[#6:31](=[#8:32])-[#8:36]-[#1].[#8:37](-[#1])-[#1],"EVODEX.2-P673,EVODEX.2-P681,EVODEX.2-P692,EVODEX.2-P693,EVODEX.2-P696",6420348222698295884122363548738801914636986094358000958883907758691351520381
EVODEX.2-Dm152,[#7:11]1-[#6:12]-[#16:13]-[#6:14](-[#6:15](-[#1:45])(-[#1:46])-[#1])(-[#6:16])-[#6:17]-1(-[#6:18]=[#8:19])-[#1].[#6:25]-[#6:26](=[#8:27])-[#6](=[#8])-[#8]>>[#7:11]1-[#6:12]-[#16:13]-[#6:15](-[#6:14](-[#6:16])=[#6:17]-1-[#6:18]=[#8:19])(-[#1:45])-[#1:46].[#6:25]-[#6:26](=[#8:27])-[#8]-[#1],"EVODEX.2-P677,EVODEX.2-P679,EVODEX.2-P683,EVODEX.2-P689,EVODEX.2-P694",102681656529004174425924086227897331128617001658465490804789627406063684833765
EVODEX.2-Dm153,[#6:1]-[#6:2](=[#8:3])-[#1].[#8:5]=[#8:6].[#8:4](-[#1])-[#1]>>[#6:1]-[#6:2](=[#8:3])-[#8:4]-[#1].[#8:5](-[#8:6]-[#1])-[#1],"EVODEX.2-P707,EVODEX.2-P709,EVODEX.2-P712,EVODEX.2-P869,EVODEX.2-P871",107969168196646518420987688307659777829776463421854340649448446476886023948268
EVODEX.2-Dm154,[#6:2]-[#6:3](=[#8:4])-[#1].[#8:6]=[#8:7]>>[#6:2]-[#6:3](=[#8:4])-[#8]-[#1].[#8:6](-[#8:7]-[#1])-[#1],"EVODEX.2-P708,EVODEX.2-P710,EVODEX.2-P867,EVODEX.2-P868,EVODEX.2-P870",83323039778938750095044534480524752146795467641355952005448752305880434073132
EVODEX.2-Dm155,[#6:49]-[#6:50](=[#8:51])-[#1]>>[#6]-[#16]-[#6:50](-[#6:49])=[#8:51],"EVODEX.2-P713,EVODEX.2-P769,EVODEX.2-P829,EVODEX.2-P833,EVODEX.2-P849",59748233551397721080586110457874978899084402641938716766349620223330366139000
EVODEX.2-Dm156,[#6:2]-[#6:3](=[#8:4])-[#16]-[#6].[#6:54](=[#8:55])-[#6:56]1=[#6:57](-[#7:58](-[#6@@:59])-[#6:94](=[#6:95](-[#6:96]-1(-[#1:164])-[#1])-[#1:163])-[#1:162])-[#1:139]>>[#6:2]-[#6:3](=[#8:4])-[#1].[#6:54](=[#8:55])-[#6:56]1:[#6:57](:[#7&+:58](-[#6@@:59]):[#6:94](:[#6:95](:[#6:96]:1-[#1:164])-[#1:163])-[#1:162])-[#1:139],"EVODEX.2-P714,EVODEX.2-P722,EVODEX.2-P826,EVODEX.2-P836,EVODEX.2-P860",45635010019165103486505686428520218993222089541136850534654853784980397582481
EVODEX.2-Dm157,[#6:47]-[#16:48]-[#1].[#6:55]-[#6:56](=[#8:57])-[#1]>>[#6:47]-[#16:48]-[#6:56](-[#6:55])=[#8:57],"EVODEX.2-P716,EVODEX.2-P720,EVODEX.2-P768,EVODEX.2-P828,EVODEX.2-P832",112527165009483802380498055116191295213400098922571302189137081511342997661727
EVODEX.2-Dm158,[#6:7]-[#6:8](=[#8:9])-[#16:10]-[#6:11].[#6:59](=[#8:60])-[#6:61]1=[#6:62](-[#7:63](-[#6@@:64])-[#6:99](=[#6:100](-[#6:101]-1(-[#1:179])-[#1])-[#1:178])-[#1:177])-[#1:154]>>[#6:7]-[#6:8](=[#8:9])-[#1].[#6:59](=[#8:60])-[#6:61]1:[#6:62](:[#7&+:63](-[#6@@:64]):[#6:99](:[#6:100](:[#6:101]:1-[#1:179])-[#1:178])-[#1:177])-[#1:154].[#16:10](-[#6:11])-[#1],"EVODEX.2-P717,EVODEX.2-P718,EVODEX.2-P837,EVODEX.2-P841,EVODEX.2-P855",2981168741084559638094217724926849276152767446938483348962554971845580264832
EVODEX.2-Dm159,[#6:47]-[#16:48]-[#1].[#6:50](=[#8:51])-[#6:52]1:[#6:53](:[#6:54](:[#6:55](:[#7&+:56](-[#6@@:57]):[#6:92]:1-[#1:163])-[#1:140])-[#1:139])-[#1:138].[#8:93]=[#6:94](-[#6:95])-[#1]>>[#6:47]-[#16:48]-[#6:94](=[#8:93])-[#6:95].[#6:50](=[#8:51])-[#6:52]1=[#6:92](-[#7:56](-[#6@@:57])-[#6:55](=[#6:54](-[#6:53]-1(-[#1:138])-[#1])-[#1:139])-[#1:140])-[#1:163],"EVODEX.2-P721,EVODEX.2-P831,EVODEX.2-P834,EVODEX.2-P839,EVODEX.2-P856",34567051138525331794365690517999169202826568104328516793577385789763163418911
EVODEX.2-Dm160,[#6:2](=[#8:3])-[#6:4]1=[#6:5](-[#7:6](-[#6@@:7])-[#6:46](=[#6:47](-[#6:48]-1(-[#1:121])-[#1])-[#1:120])-[#1:119])-[#1:95].[#6:59](-[#6@@:50])(=[#8:60])-[#8:61]-[#1]>>[#6:2](=[#8:3])-[#6:4]1:[#6:5](:[#7&+:6](-[#6@@:7]):[#6:46](:[#6:47](:[#6:48]:1-[#1:121])-[#1:120])-[#1:119])-[#1:95].[#6:59](-[#6@@:50])(=[#8:60])-[#1].[#8:61](-[#15](-[#8])(=[#8])-[#8])-[#1],"EVODEX.2-P724,EVODEX.2-P796,EVODEX.2-P808,EVODEX.2-P813,EVODEX.2-P864",41399124947821636135078903153079048675115374863843531523309451004709352807943
EVODEX.2-Dm161,[#6:1]-[#6:2](=[#8:3])-[#6:4](=[#8:5])-[#8:6]-[#1]>>[#6:4](=[#8:5])=[#8:6].[#6:1]-[#6:2](=[#8:3])-[#16]-[#6],"EVODEX.2-P725,EVODEX.2-P733,EVODEX.2-P766,EVODEX.2-P767,EVODEX.2-P875",106059508991673599792019953265681706603539592578824067693383559788187886932042
EVODEX.2-Dm162,[#6:1]-[#6:2](=[#8:3])-[#6:4](=[#8:5])-[#8:6]-[#1].[#6:56](=[#8:57])-[#6:58]1:[#6:59](:[#6:60](:[#6:61](:[#7&+:62](-[#6@@:63]):[#6:98]:1-[#1:166])-[#1:143])-[#1:142])-[#1:141]>>[#6:4](=[#8:5])=[#8:6].[#6:1]-[#6:2](=[#8:3])-[#16]-[#6].[#6:56](=[#8:57])-[#6:58]1=[#6:98](-[#7:62](-[#6@@:63])-[#6:61](=[#6:60](-[#6:59]-1(-[#1:141])-[#1])-[#1:142])-[#1:143])-[#1:166],"EVODEX.2-P726,EVODEX.2-P730,EVODEX.2-P738,EVODEX.2-P742,EVODEX.2-P845",90731723600641247892968268836955046886080308087890788445250610215334622421961
EVODEX.2-Dm163,[#6:1]-[#6:2](=[#8:3])-[#6:4](=[#8:5])-[#8:6]-[#1].[#6:53]-[#16:54]-[#1]>>[#6:4](=[#8:5])=[#8:6].[#6:1]-[#6:2](=[#8:3])-[#16:54]-[#6:53],"EVODEX.2-P727,EVODEX.2-P734,EVODEX.2-P765,EVODEX.2-P874,EVODEX.2-P877",111011242904403227448734664841667021554514079387467942294347844281855295465054
EVODEX.2-Dm164,[#6:47]-[#16:48]-[#1].[#6:50]-[#6:52](=[#8:53])-[#6:54](=[#8:55])-[#8:56]-[#1].[#6:58](=[#8:59])-[#6:60]1:[#6:61](:[#6:62](:[#6:63](:[#7&+:64](-[#6@@:65]):[#6:100]:1-[#1:172])-[#1:149])-[#1:148])-[#1:147]>>[#6:54](=[#8:55])=[#8:56].[#6:47]-[#16:48]-[#6:52](-[#6:50])=[#8:53].[#6:58](=[#8:59])-[#6:60]1=[#6:100](-[#7:64](-[#6@@:65])-[#6:63](=[#6:62](-[#6:61]-1(-[#1:147])-[#1])-[#1:148])-[#1:149])-[#1:172],"EVODEX.2-P728,EVODEX.2-P736,EVODEX.2-P740,EVODEX.2-P844,EVODEX.2-P848",102983394277264564690697666410985297509719810524585356055913819492299731618767
EVODEX.2-Dm165,[#6:50]-[#6:52](=[#8:53])-[#6](=[#8])-[#8].[#6:58](=[#8:59])-[#6:60]1:[#6:61](:[#6:62](:[#6:63](:[#7&+:64](-[#6@@:65]):[#6:100]:1-[#1:172])-[#1:149])-[#1:148])-[#1:147]>>[#6]-[#16]-[#6:52](-[#6:50])=[#8:53].[#6:58](=[#8:59])-[#6:60]1=[#6:100](-[#7:64](-[#6@@:65])-[#6:63](=[#6:62](-[#6:61]-1(-[#1:147])-[#1])-[#1:148])-[#1:149])-[#1:172],"EVODEX.2-P729,EVODEX.2-P731,EVODEX.2-P737,EVODEX.2-P741,EVODEX.2-P843",63511454812182821995909660259359412498595785969866371061843732090742032359388
EVODEX.2-Dm166,[#6:47]-[#16:48]-[#1].[#6:50]-[#6:51](=[#8:52])-[#6](=[#8])-[#8]>>[#6:47]-[#16:48]-[#6:51](-[#6:50])=[#8:52],"EVODEX.2-P1756,EVODEX.2-P732,EVODEX.2-P739,EVODEX.2-P846,EVODEX.2-P873",14604271676366494650038100888279202672743048138784994197555375042840323456901
EVODEX.2-Dm167,[#6:47]-[#16:48]-[#1].[#6:50](=[#8:51])-[#6:52]1:[#6:53](:[#6:54](:[#6:55](:[#7&+:56](-[#6@@:57]):[#6:92]:1-[#1:166])-[#1:143])-[#1:142])-[#1:141].[#6:97]-[#6:98](=[#8:99])-[#6](=[#8])-[#8]>>[#6:47]-[#16:48]-[#6:98](-[#6:97])=[#8:99].[#6:50](=[#8:51])-[#6:52]1=[#6:92](-[#7:56](-[#6@@:57])-[#6:55](=[#6:54](-[#6:53]-1(-[#1:141])-[#1])-[#1:142])-[#1:143])-[#1:166],"EVODEX.2-P735,EVODEX.2-P842,EVODEX.2-P847,EVODEX.2-P872,EVODEX.2-P876",94193048116814713349798687140523894787162765227508487530975646610575102294657
EVODEX.2-Dm168,[#6:2](=[#8:3])-[#6:4]1:[#6:5](:[#6:6](:[#6:7](:[#7&+:8](-[#6@@:9]):[#6:48]:1-[#1:90])-[#1:66])-[#1:65])-[#1:64].[#6:51]-[#6:52](=[#8:53])-[#1]>>[#6:2](=[#8:3])-[#6:4]1=[#6:48](-[#7:8](-[#6@@:9])-[#6:7](=[#6:6](-[#6:5]-1(-[#1:64])-[#1])-[#1:65])-[#1:66])-[#1:90].[#6:51]-[#6:52](=[#8:53])-[#8]-[#15]=[#8],"EVODEX.2-P743,EVODEX.2-P748,EVODEX.2-P753,EVODEX.2-P754,EVODEX.2-P757",91642270979973604115220446872250689349666185528993096204238975003161838244351
EVODEX.2-Dm169,[#6:2](=[#8:3])-[#6:4]1=[#6:5](-[#7:6](-[#6@@:7])-[#6:46](=[#6:47](-[#6:48]-1(-[#1:90])-[#1])-[#1:89])-[#1:88])-[#1:64].[#6:51]-[#6:52](=[#8:53])-[#8:54]-[#15:55]=[#8:56]>>[#6:2](=[#8:3])-[#6:4]1:[#6:5](:[#7&+:6](-[#6@@:7]):[#6:46](:[#6:47](:[#6:48]:1-[#1:90])-[#1:89])-[#1:88])-[#1:64].[#6:51]-[#6:52](=[#8:53])-[#1].[#8:54](-[#15:55]=[#8:56])-[#1],"EVODEX.2-P744,EVODEX.2-P749,EVODEX.2-P755,EVODEX.2-P758,EVODEX.2-P823",3876050773135154894365241674511950299558625477946856487184514470031549838460
EVODEX.2-Dm170,[#6:2](=[#8:3])-[#6:4]1=[#6:5](-[#7:6](-[#6@@:7])-[#6:46](=[#6:47](-[#6:48]-1(-[#1:90])-[#1])-[#1:89])-[#1:88])-[#1:64].[#6:51]-[#6:52](=[#8:53])-[#8]-[#15]=[#8]>>[#6:2](=[#8:3])-[#6:4]1:[#6:5](:[#7&+:6](-[#6@@:7]):[#6:46](:[#6:47](:[#6:48]:1-[#1:90])-[#1:89])-[#1:88])-[#1:64].[#6:51]-[#6:52](=[#8:53])-[#1],"EVODEX.2-P745,EVODEX.2-P746,EVODEX.2-P759,EVODEX.2-P819,EVODEX.2-P824",59543892173097094052555291503164926403893400930567845541335755522630439937747
EVODEX.2-Dm171,[#6:2]-[#6:3](=[#8:4])-[#1].[#6:11](=[#8:12])-[#6:13]1:[#6:14](:[#6:15](:[#6:16](:[#7&+:17](-[#6@@:18]):[#6:57]:1-[#1:100])-[#1:76])-[#1:75])-[#1:74].[#8:58]=[#15:59]-[#8:60]-[#1]>>[#6:2]-[#6:3](=[#8:4])-[#8:60]-[#15:59]=[#8:58].[#6:11](=[#8:12])-[#6:13]1=[#6:57](-[#7:17](-[#6@@:18])-[#6:16](=[#6:15](-[#6:14]-1(-[#1:74])-[#1])-[#1:75])-[#1:76])-[#1:100],"EVODEX.2-P747,EVODEX.2-P750,EVODEX.2-P752,EVODEX.2-P756,EVODEX.2-P825",66450452333229810610726599633254555171275834315133705670804816956545871519878
EVODEX.2-Dm172,[#6:9]-[#6:10](=[#8:11])-[#1].[#6:13](=[#8:14])-[#6:15]1:[#6:16](:[#6:17](:[#6:18](:[#7&+:19](-[#6@@:20]):[#6:55]:1-[#1:99])-[#1:76])-[#1:75])-[#1:74]>>[#6:9]-[#6:10](=[#8:11])-[#8]-[#1].[#6:13](=[#8:14])-[#6:15]1=[#6:55](-[#7:19](-[#6@@:20])-[#6:18](=[#6:17](-[#6:16]-1(-[#1:74])-[#1])-[#1:75])-[#1:76])-[#1:99],"EVODEX.2-P763,EVODEX.2-P764,EVODEX.2-P821,EVODEX.2-P840,EVODEX.2-P857",91698277521027247199012504124184607606192763187047101653377334070459439034936
EVODEX.2-Dm173,[#6:17]-[#6:18](=[#8:19])-[#8:20]-[#1].[#8:83]-[#15:84](=[#8:85])(-[#8:86])-[#8:87]-[#15:88]=[#8:89]>>[#6:17]-[#6:18](=[#8:19])-[#1].[#8:20](-[#15:84](-[#8:83])(=[#8:85])-[#8:86])-[#1].[#8:87](-[#15:88]=[#8:89])-[#1],"EVODEX.2-P781,EVODEX.2-P783,EVODEX.2-P803,EVODEX.2-P811,EVODEX.2-P863",24758645201044416065151801414162058570471587684724923594258958160649160738783
EVODEX.2-Dm174,[#6:17]-[#6:18](=[#8:19])-[#8:20]-[#1]>>[#6:17]-[#6:18](=[#8:19])-[#1].[#8:20](-[#15](-[#8])(=[#8])-[#8])-[#1],"EVODEX.2-P782,EVODEX.2-P784,EVODEX.2-P793,EVODEX.2-P798,EVODEX.2-P815",97600918657521331556579146495240738825104561703245782176622555283085497082066
EVODEX.2-Dm175,[#6:3]-[#6:4](=[#8:5])-[#8:6]-[#1].[#8:69]-[#15:70](=[#8:71])(-[#8:72])-[#8:73]-[#15:74]=[#8:75].[#6:8](=[#8:9])-[#6:10]1=[#6:11](-[#7:12](-[#6@@:13])-[#6:52](=[#6:53](-[#6:54]-1(-[#1:138])-[#1])-[#1:137])-[#1:136])-[#1:112]>>[#6:3]-[#6:4](=[#8:5])-[#1].[#6:8](=[#8:9])-[#6:10]1:[#6:11](:[#7&+:12](-[#6@@:13]):[#6:52](:[#6:53](:[#6:54]:1-[#1:138])-[#1:137])-[#1:136])-[#1:112].[#8:6](-[#15:70](-[#8:69])(=[#8:71])-[#8:72])-[#1].[#8:73](-[#15:74]=[#8:75])-[#1],"EVODEX.2-P785,EVODEX.2-P791,EVODEX.2-P794,EVODEX.2-P799,EVODEX.2-P804",57036440251738702487220282627540832032305178048510425585786260884605459955265
EVODEX.2-Dm176,[#6:2](=[#8:3])-[#6:4]1=[#6:5](-[#7:6](-[#6@@:7])-[#6:46](=[#6:47](-[#6:48]-1(-[#1:120])-[#1])-[#1:119])-[#1:118])-[#1:94].[#8:63]-[#15:64](=[#8:65])(-[#8:66])-[#8]-[#15]=[#8].[#8:80]=[#6:81](-[#8:82]-[#1])-[#6:83]>>[#6:2](=[#8:3])-[#6:4]1:[#6:5](:[#7&+:6](-[#6@@:7]):[#6:46](:[#6:47](:[#6:48]:1-[#1:120])-[#1:119])-[#1:118])-[#1:94].[#8:63]-[#15:64](=[#8:65])(-[#8:66])-[#8:82]-[#1].[#8:80]=[#6:81](-[#6:83])-[#1],"EVODEX.2-P786,EVODEX.2-P790,EVODEX.2-P807,EVODEX.2-P810,EVODEX.2-P814",70270901310663548756057897698979746823242888874117316730262962599028837102798
EVODEX.2-Dm177,[#8]-[#15](=[#8])(-[#8])-[#8:67]-[#15:68]=[#8:69].[#8:80]=[#6:81](-[#8]-[#1])-[#6:83]>>[#8:80]=[#6:81](-[#6:83])-[#1].[#8:67](-[#15:68]=[#8:69])-[#1],"EVODEX.2-P787,EVODEX.2-P797,EVODEX.2-P800,EVODEX.2-P812,EVODEX.2-P816",54868291932817599872118045147205834780631872132222486385673558250600733390718
EVODEX.2-Dm178,[#6:2](=[#8:3])-[#6:4]1=[#6:5](-[#7:6](-[#6@@:7])-[#6:46](=[#6:47](-[#6:48]-1(-[#1:119])-[#1])-[#1:118])-[#1:117])-[#1:93].[#8]-[#15](=[#8])(-[#8])-[#8:67]-[#15:68]=[#8:69].[#8:80]=[#6:81](-[#8]-[#1])-[#6:83]>>[#6:2](=[#8:3])-[#6:4]1:[#6:5](:[#7&+:6](-[#6@@:7]):[#6:46](:[#6:47](:[#6:48]:1-[#1:119])-[#1:118])-[#1:117])-[#1:93].[#8:80]=[#6:81](-[#6:83])-[#1].[#8:67](-[#15:68]=[#8:69])-[#1],"EVODEX.2-P788,EVODEX.2-P795,EVODEX.2-P801,EVODEX.2-P805,EVODEX.2-P866",1648798195610854141300484991770278092097611450430845455777692951011963787968
EVODEX.2-Dm179,[#8:63]-[#15:64](=[#8:65])(-[#8:66])-[#8]-[#15]=[#8].[#8:80]=[#6:81](-[#8:82]-[#1])-[#6:83]>>[#8:63]-[#15:64](=[#8:65])(-[#8:66])-[#8:82]-[#1].[#8:80]=[#6:81](-[#6:83])-[#1],"EVODEX.2-P789,EVODEX.2-P792,EVODEX.2-P802,EVODEX.2-P806,EVODEX.2-P809",46145417480286577904910736618602735631300614553130520097428243345110693739938
EVODEX.2-Dm180,[#6:2]-[#6:4](=[#8:5])-[#1].[#6:12](=[#8:13])-[#6:14]1:[#6:15](:[#6:16](:[#6:17](:[#7&+:18](-[#6@@:19]):[#6:54]:1-[#1:93])-[#1:70])-[#1:69])-[#1:68].[#8:55](-[#1])-[#1]>>[#6:2]-[#6:4](=[#8:5])-[#8:55]-[#1].[#6:12](=[#8:13])-[#6:14]1=[#6:54](-[#7:18](-[#6@@:19])-[#6:17](=[#6:16](-[#6:15]-1(-[#1:68])-[#1])-[#1:69])-[#1:70])-[#1:93],"EVODEX.2-P818,EVODEX.2-P822,EVODEX.2-P850,EVODEX.2-P851,EVODEX.2-P861",112444328523587339874605196145242497916922428238842990037068044175262010895400
EVODEX.2-Dm184,[#8:3]=[#6:4](-[#6:5])-[#1].[#8:2](-[#1])-[#1].[#6:31]-[#7&+:32]1:[#6:33](:[#6:34](:[#6:35](-[#6:36]2:[#6:37](:[#6:38](:[#7&+:39](-[#6:40]):[#6:47](:[#6:48]:2-[#1:92])-[#1:91])-[#1:83])-[#1:82]):[#6:49](:[#6:50]:1-[#1:94])-[#1:93])-[#1:81])-[#1:80]>>[#8:2](-[#6:4](=[#8:3])-[#6:5])-[#1].[#6:31]-[#7:32]1-[#6:33](=[#6:34](-[#6:35](-[#6:36]2(-[#6:37](=[#6:38](-[#7:39](-[#6:40])-[#6:47](=[#6:48]-2-[#1:92])-[#1:91])-[#1:83])-[#1:82])-[#1])(-[#6:49](=[#6:50]-1-[#1:94])-[#1:93])-[#1])-[#1:81])-[#1:80],"EVODEX.2-P880,EVODEX.2-P881,EVODEX.2-P882,EVODEX.2-P883,EVODEX.2-P884",10646511579584628830275009036996318321203348546269529387299721002646878804510
EVODEX.2-Dm186,[#6:5]/[#6:6](=[#6:7](/[#6:8]=[#8:9])-[#1:77])-[#1:76]>>[#6:5]-[#6:6](-[#6:7](-[#6:8]=[#8:9])(-[#1:77])-[#1])(-[#1:76])-[#1],"EVODEX.2-P889,EVODEX.2-P890,EVODEX.2-P891,EVODEX.2-P892,EVODEX.2-P894",3144838209796901056733350305988573389167859640200123239236004832237173607277
EVODEX.2-Dm189,[#6:1]-[#6@:2](-[#7](-[#1])-[#1])(-[#6:4]=[#8:5])-[#1].[#6:8](=[#8:9])-[#6:10]1:[#6:11](:[#6:12](:[#6:13](:[#7&+:14](-[#6@@:15]):[#6:50]:1-[#1:86])-[#1:63])-[#1:62])-[#1:61].[#8:51](-[#1])-[#1]>>[#6:1]-[#6:2](-[#6:4]=[#8:5])=[#8:51].[#6:8](=[#8:9])-[#6:10]1=[#6:50](-[#7:14](-[#6@@:15])-[#6:13](=[#6:12](-[#6:11]-1(-[#1:61])-[#1])-[#1:62])-[#1:63])-[#1:86],"EVODEX.2-P1040,EVODEX.2-P909,EVODEX.2-P921,EVODEX.2-P960,EVODEX.2-P963",9859684403062843307595941742596424047137508083540816367764973336448616968721
EVODEX.2-Dm190,[#7](-[#6@@:5](-[#6@:3])(-[#6:7]=[#8:8])-[#1])(-[#1])-[#1].[#6:11](=[#8:12])-[#6:13]1:[#6:14](:[#6:15](:[#6:16](:[#7&+:17](-[#6@@:18]):[#6:53]:1-[#1:95])-[#1:72])-[#1:71])-[#1:70]>>[#6:5](-[#6@:3])(-[#6:7]=[#8:8])=[#8].[#6:11](=[#8:12])-[#6:13]1=[#6:53](-[#7:17](-[#6@@:18])-[#6:16](=[#6:15](-[#6:14]-1(-[#1:70])-[#1])-[#1:71])-[#1:72])-[#1:95],"EVODEX.2-P1041,EVODEX.2-P1047,EVODEX.2-P910,EVODEX.2-P920,EVODEX.2-P922",31322650287936160728964688427199169687389472068828155596472659668875284362163
EVODEX.2-Dm191,[#6:5](-[#6@:3])(=[#8:6])-[#6:7]=[#8:8].[#7:10](-[#1])(-[#1])-[#1]>>[#6:7](-[#6@:5](-[#6@:3])(-[#7:10](-[#1])-[#1])-[#1])=[#8:8].[#8:6](-[#1])-[#1],"EVODEX.2-P1011,EVODEX.2-P1044,EVODEX.2-P1114,EVODEX.2-P1122,EVODEX.2-P911",41091081136623220630843168160170913009609232816365828228131584572168973310714
EVODEX.2-Dm192,[#7:45](-[#6@@:46](-[#6:47])(-[#6:49]=[#8:50])-[#1])(-[#1])-[#1].[#8:52](-[#1])-[#1]>>[#6:46](-[#6:47])(-[#6:49]=[#8:50])=[#8:52].[#7:45](-[#1])(-[#1])-[#1],"EVODEX.2-P1002,EVODEX.2-P1069,EVODEX.2-P1126,EVODEX.2-P912,EVODEX.2-P916",96617564646920675994093832960281676825623192444623409619573782137579959809395
EVODEX.2-Dm193,[#6:2]-[#6:4](=[#8])-[#6:6]=[#8:7].[#6:11](=[#8:12])-[#6:13]1=[#6:14](-[#7:15](-[#6@@:16])-[#6:51](=[#6:52](-[#6:53]-1(-[#1:89])-[#1])-[#1:88])-[#1:87])-[#1:64].[#7:9](-[#1])(-[#1])-[#1]>>[#6:2]-[#6@@:4](-[#6:6]=[#8:7])(-[#7:9](-[#1])-[#1])-[#1].[#6:11](=[#8:12])-[#6:13]1:[#6:14](:[#7&+:15](-[#6@@:16]):[#6:51](:[#6:52](:[#6:53]:1-[#1:89])-[#1:88])-[#1:87])-[#1:64],"EVODEX.2-P1000,EVODEX.2-P1012,EVODEX.2-P1045,EVODEX.2-P913,EVODEX.2-P935",21003398828150671228468600052458032720561644375661064373743752786294708328405
EVODEX.2-Dm194,[#6:4]-[#6:5](=[#8:6])-[#6:7]=[#8:8]>>[#6:4]-[#6@@:5](-[#6:7]=[#8:8])(-[#7](-[#1])-[#1])-[#1].[#8:6](-[#1])-[#1],"EVODEX.2-P1001,EVODEX.2-P1005,EVODEX.2-P1046,EVODEX.2-P914,EVODEX.2-P954",38032999921640748504568564539699060430676560386752287626394310908807786238988
EVODEX.2-Dm195,[#6:4]-[#6:5](=[#8])-[#6:7]=[#8:8].[#7:10](-[#1])(-[#1])-[#1]>>[#6:4]-[#6@@:5](-[#6:7]=[#8:8])(-[#7:10](-[#1])-[#1])-[#1],"EVODEX.2-P1004,EVODEX.2-P1007,EVODEX.2-P1008,EVODEX.2-P1030,EVODEX.2-P915",72142973340147261914680715306470636735111309753848123398567898363895751313498
EVODEX.2-Dm196,[#6:2]-[#6:3](=[#8])-[#6:5]=[#8:6].[#6:10](=[#8:11])-[#6:12]1=[#6:13](-[#7:14](-[#6@@:15])-[#6:50](=[#6:51](-[#6:52]-1(-[#1:86])-[#1])-[#1:85])-[#1:84])-[#1:61]>>[#6:2]-[#6@@:3](-[#6:5]=[#8:6])(-[#7](-[#1])-[#1])-[#1].[#6:10](=[#8:11])-[#6:12]1:[#6:13](:[#7&+:14](-[#6@@:15]):[#6:50](:[#6:51](:[#6:52]:1-[#1:86])-[#1:85])-[#1:84])-[#1:61],"EVODEX.2-P1003,EVODEX.2-P1038,EVODEX.2-P917,EVODEX.2-P955,EVODEX.2-P957",1598847508615689497919058529272918041899605551708527549115559927378093520501
EVODEX.2-Dm197,[#6:3]-[#6@:4](-[#7:5](-[#1])-[#1])(-[#6:6]=[#8:7])-[#1].[#6:10](=[#8:11])-[#6:12]1:[#6:13](:[#6:14](:[#6:15](:[#7&+:16](-[#6@@:17]):[#6:52]:1-[#1:92])-[#1:69])-[#1:68])-[#1:67].[#8:53](-[#1])-[#1]>>[#6:3]-[#6:4](-[#6:6]=[#8:7])=[#8:53].[#6:10](=[#8:11])-[#6:12]1=[#6:52](-[#7:16](-[#6@@:17])-[#6:15](=[#6:14](-[#6:13]-1(-[#1:67])-[#1])-[#1:68])-[#1:69])-[#1:92].[#7:5](-[#1])(-[#1])-[#1],"EVODEX.2-P1010,EVODEX.2-P918,EVODEX.2-P926,EVODEX.2-P927,EVODEX.2-P958",23514339395044739115837704675398619393128912161246314106764844320152465254516
EVODEX.2-Dm198,[#6:4]-[#6:5](-[#7:6](-[#1])-[#1])(-[#6:7]=[#8:8])-[#1].[#6:11](=[#8:12])-[#6:13]1:[#6:14](:[#6:15](:[#6:16](:[#7&+:17](-[#6@@:18]):[#6:53]:1-[#1:95])-[#1:72])-[#1:71])-[#1:70]>>[#6:4]-[#6:5](-[#6:7]=[#8:8])=[#8].[#6:11](=[#8:12])-[#6:13]1=[#6:53](-[#7:17](-[#6@@:18])-[#6:16](=[#6:15](-[#6:14]-1(-[#1:70])-[#1])-[#1:71])-[#1:72])-[#1:95].[#7:6](-[#1])(-[#1])-[#1],"EVODEX.2-P1026,EVODEX.2-P1037,EVODEX.2-P1042,EVODEX.2-P919,EVODEX.2-P924",79191983603372356554556178369230979373914124238740738083470303491336168328583
EVODEX.2-Dm199,[#6:1]-[#6:2](=[#8:3])-[#6:4]=[#8:5].[#6:9](=[#8:10])-[#6:11]1=[#6:12](-[#7:13](-[#6@@:14])-[#6:51](=[#6:52](-[#6:53]-1(-[#1:85])-[#1])-[#1:84])-[#1:83])-[#1:60].[#7:7](-[#1])(-[#1])-[#1]>>[#6:1]-[#6@@:2](-[#6:4]=[#8:5])(-[#7:7](-[#1])-[#1])-[#1].[#6:9](=[#8:10])-[#6:11]1:[#6:12](:[#7&+:13](-[#6@@:14]):[#6:51](:[#6:52](:[#6:53]:1-[#1:85])-[#1:84])-[#1:83])-[#1:60].[#8:3](-[#1])-[#1],"EVODEX.2-P1006,EVODEX.2-P1029,EVODEX.2-P923,EVODEX.2-P956,EVODEX.2-P999",64865109247956651120389001888241857571354855079836643410614310322852092357878
EVODEX.2-Dm200,[#6:3](=[#8:4])-[#6:5]1=[#6:6](-[#7:7](-[#6@@:8])-[#6:43](=[#6:44](-[#6:45]-1(-[#1:82])-[#1])-[#1:81])-[#1:80])-[#1:57].[#6:49]-[#6:50](=[#8:51])-[#6:52]=[#8:53]>>[#7](-[#6@@:50](-[#6:49])(-[#6:52]=[#8:53])-[#1])(-[#1])-[#1].[#6:3](=[#8:4])-[#6:5]1:[#6:6](:[#7&+:7](-[#6@@:8]):[#6:43](:[#6:44](:[#6:45]:1-[#1:82])-[#1:81])-[#1:80])-[#1:57].[#8:51](-[#1])-[#1],"EVODEX.2-P1013,EVODEX.2-P1027,EVODEX.2-P1039,EVODEX.2-P925,EVODEX.2-P961",94480257357849211022858486989111703710475707393831869463402447847878724045638
EVODEX.2-Dm201,[#6:2]-[#6:3](=[#8:4])-[#6:5].[#6:11](=[#8:12])-[#6:13]1=[#6:14](-[#7:15](-[#6@@:16])-[#6:51](=[#6:52](-[#6:53]-1(-[#1:89])-[#1])-[#1:88])-[#1:87])-[#1:64].[#7:9](-[#1])(-[#1])-[#1]>>[#6:2]-[#6:3](-[#6:5])(-[#7:9](-[#1])-[#1])-[#1].[#6:11](=[#8:12])-[#6:13]1:[#6:14](:[#7&+:15](-[#6@@:16]):[#6:51](:[#6:52](:[#6:53]:1-[#1:89])-[#1:88])-[#1:87])-[#1:64].[#8:4](-[#1])-[#1],"EVODEX.2-P928,EVODEX.2-P947,EVODEX.2-P971,EVODEX.2-P975,EVODEX.2-P983",95660957086450844111990638882102627096569163416820898517335381290691125797251
EVODEX.2-Dm202,[#6:2]-[#6:3](=[#8])-[#6:5].[#6:11](=[#8:12])-[#6:13]1=[#6:14](-[#7:15](-[#6@@:16])-[#6:51](=[#6:52](-[#6:53]-1(-[#1:89])-[#1])-[#1:88])-[#1:87])-[#1:64]>>[#6:2]-[#6:3](-[#6:5])(-[#7](-[#1])-[#1])-[#1].[#6:11](=[#8:12])-[#6:13]1:[#6:14](:[#7&+:15](-[#6@@:16]):[#6:51](:[#6:52](:[#6:53]:1-[#1:89])-[#1:88])-[#1:87])-[#1:64],"EVODEX.2-P1015,EVODEX.2-P929,EVODEX.2-P940,EVODEX.2-P984,EVODEX.2-P991",76203906717986837157500207674408943077929822381750302137791082906737110171216
EVODEX.2-Dm203,[#6:2]-[#6:3](=[#8])-[#6:5].[#6:11](=[#8:12])-[#6:13]1=[#6:14](-[#7:15](-[#6@@:16])-[#6:51](=[#6:52](-[#6:53]-1(-[#1:89])-[#1])-[#1:88])-[#1:87])-[#1:64].[#7:9](-[#1])(-[#1])-[#1]>>[#6:2]-[#6:3](-[#6:5])(-[#7:9](-[#1])-[#1])-[#1].[#6:11](=[#8:12])-[#6:13]1:[#6:14](:[#7&+:15](-[#6@@:16]):[#6:51](:[#6:52](:[#6:53]:1-[#1:89])-[#1:88])-[#1:87])-[#1:64],"EVODEX.2-P1021,EVODEX.2-P1034,EVODEX.2-P930,EVODEX.2-P948,EVODEX.2-P992",17353065819028026531588343501199013514089786955255643965153645087344016117690
EVODEX.2-Dm204,[#6:2]-[#6:3](-[#7](-[#1])-[#1])(-[#6:5])-[#1]>>[#6:2]-[#6:3](-[#6:5])=[#8],"EVODEX.2-P2393,EVODEX.2-P2473,EVODEX.2-P5787,EVODEX.2-P932,EVODEX.2-P980",114211310289156425240574022209876500450463932156630676766992236563040979236570
EVODEX.2-Dm205,[#6:2]-[#6:3](-[#7](-[#1])-[#1])(-[#6:5])-[#1].[#6:10](=[#8:11])-[#6:12]1:[#6:13](:[#6:14](:[#6:15](:[#7&+:16](-[#6@@:17]):[#6:52]:1-[#1:92])-[#1:69])-[#1:68])-[#1:67]>>[#6:2]-[#6:3](-[#6:5])=[#8].[#6:10](=[#8:11])-[#6:12]1=[#6:52](-[#7:16](-[#6@@:17])-[#6:15](=[#6:14](-[#6:13]-1(-[#1:67])-[#1])-[#1:68])-[#1:69])-[#1:92],"EVODEX.2-P933,EVODEX.2-P937,EVODEX.2-P952,EVODEX.2-P977,EVODEX.2-P997",100474553059777430695508253462929325031680031287730320329878511814756883580337
EVODEX.2-Dm206,[#6:2]-[#6:3](-[#7](-[#1])-[#1])(-[#6:5])-[#1].[#6:10](=[#8:11])-[#6:12]1:[#6:13](:[#6:14](:[#6:15](:[#7&+:16](-[#6@@:17]):[#6:52]:1-[#1:92])-[#1:69])-[#1:68])-[#1:67].[#8:53](-[#1])-[#1]>>[#6:2]-[#6:3](-[#6:5])=[#8:53].[#6:10](=[#8:11])-[#6:12]1=[#6:52](-[#7:16](-[#6@@:17])-[#6:15](=[#6:14](-[#6:13]-1(-[#1:67])-[#1])-[#1:68])-[#1:69])-[#1:92],"EVODEX.2-P1031,EVODEX.2-P934,EVODEX.2-P944,EVODEX.2-P974,EVODEX.2-P988",47079470981313269224607140884896429552721537996469156679485113786641536562323
EVODEX.2-Dm207,[#6:4]-[#6@:5](-[#7:6](-[#1])-[#1])(-[#6:7])-[#1].[#8:55](-[#1])-[#1]>>[#6:4]-[#6:5](-[#6:7])=[#8:55].[#7:6](-[#1])(-[#1])-[#1],"EVODEX.2-P1019,EVODEX.2-P1073,EVODEX.2-P936,EVODEX.2-P981,EVODEX.2-P996",52056295485783500247500136880363823693229051051650306815608271932000220573630
EVODEX.2-Dm208,[#6:4]-[#6@:5](-[#7:6](-[#1])-[#1])(-[#6:7])-[#1].[#6:12](=[#8:13])-[#6:14]1:[#6:15](:[#6:16](:[#6:17](:[#7&+:18](-[#6@@:19]):[#6:54]:1-[#1:97])-[#1:74])-[#1:73])-[#1:72]>>[#6:4]-[#6:5](-[#6:7])=[#8].[#6:12](=[#8:13])-[#6:14]1=[#6:54](-[#7:18](-[#6@@:19])-[#6:17](=[#6:16](-[#6:15]-1(-[#1:72])-[#1])-[#1:73])-[#1:74])-[#1:97].[#7:6](-[#1])(-[#1])-[#1],"EVODEX.2-P1024,EVODEX.2-P938,EVODEX.2-P943,EVODEX.2-P945,EVODEX.2-P989",100649263737589925800865784673141933069075921304436921858149132463471287618448
EVODEX.2-Dm209,[#6:4]-[#6:5](=[#8:6])-[#6:7].[#6:13](=[#8:14])-[#6:15]1=[#6:16](-[#7:17](-[#6@@:18])-[#6:53](=[#6:54](-[#6:55]-1(-[#1:94])-[#1])-[#1:93])-[#1:92])-[#1:69]>>[#6:4]-[#6@@:5](-[#6:7])(-[#7](-[#1])-[#1])-[#1].[#6:13](=[#8:14])-[#6:15]1:[#6:16](:[#7&+:17](-[#6@@:18]):[#6:53](:[#6:54](:[#6:55]:1-[#1:94])-[#1:93])-[#1:92])-[#1:69].[#8:6](-[#1])-[#1],"EVODEX.2-P1016,EVODEX.2-P941,EVODEX.2-P951,EVODEX.2-P976,EVODEX.2-P986",75546905773904844912083297859657764134728450790477472832261599477114951145343
EVODEX.2-Dm210,[#6:4]-[#6:5](=[#8:6])-[#6:7].[#7:11](-[#1])(-[#1])-[#1]>>[#6:4]-[#6@@:5](-[#6:7])(-[#7:11](-[#1])-[#1])-[#1].[#8:6](-[#1])-[#1],"EVODEX.2-P1017,EVODEX.2-P1022,EVODEX.2-P1035,EVODEX.2-P942,EVODEX.2-P994",79038358818603228994470112897798495158297424225962963040071816905885337621312
EVODEX.2-Dm211,[#6:1]-[#6:2](-[#7:3](-[#1])-[#1])(-[#6:4])-[#1].[#6:11](=[#8:12])-[#6:13]1:[#6:14](:[#6:15](:[#6:16](:[#7&+:17](-[#6@@:18]):[#6:57]:1-[#1:99])-[#1:75])-[#1:74])-[#1:73].[#8:58](-[#1])-[#1]>>[#6:1]-[#6:2](-[#6:4])=[#8:58].[#6:11](=[#8:12])-[#6:13]1=[#6:57](-[#7:17](-[#6@@:18])-[#6:16](=[#6:15](-[#6:14]-1(-[#1:73])-[#1])-[#1:74])-[#1:75])-[#1:99].[#7:3](-[#1])(-[#1])-[#1],"EVODEX.2-P1020,EVODEX.2-P1025,EVODEX.2-P1032,EVODEX.2-P946,EVODEX.2-P982",75302922929822839810285975602548189193014781970964264095829982566963431951275
EVODEX.2-Dm212,[#6:1]-[#6:2](=[#8:3])-[#6:4]>>[#6:1]-[#6:2](-[#6:4])(-[#7](-[#1])-[#1])-[#1].[#8:3](-[#1])-[#1],"EVODEX.2-P1036,EVODEX.2-P949,EVODEX.2-P973,EVODEX.2-P979,EVODEX.2-P993",56123410599302102935815105936518158588072493034389501372223755553874647937796
EVODEX.2-Dm213,[#6:54]-[#6:55](=[#8])-[#6:57]=[#8:58]>>[#7](-[#6@:55](-[#6:54])(-[#6:57]=[#8:58])-[#1])(-[#1])-[#1],"EVODEX.2-P1115,EVODEX.2-P2629,EVODEX.2-P2698,EVODEX.2-P953,EVODEX.2-P959",9063441996963024233592088054992223878826563145514836221568793808711294026263
EVODEX.2-Dm214,[#7](-[#6:50](-[#8:51])(-[#6:52])-[#1])(-[#1])-[#1]>>[#6:50](-[#8:51])(-[#6:52])=[#8],"EVODEX.2-P4202,EVODEX.2-P4817,EVODEX.2-P4913,EVODEX.2-P5424,EVODEX.2-P964",17238314664820860473844749027295672293525192106779341422614325960578696026086
EVODEX.2-Dm215,[#6:1]-[#6:2](=[#8:3])-[#6:4]=[#8:5].[#6:7]-[#7:8](-[#1])-[#1].[#6:10](=[#8:11])-[#6:12]1=[#6:13](-[#7:14](-[#6@@:15])-[#6:54](=[#6:55](-[#6:56]-1(-[#1:94])-[#1])-[#1:93])-[#1:92])-[#1:68]>>[#6:1]-[#6@@:2](-[#6:4]=[#8:5])(-[#7:8](-[#6:7])-[#1])-[#1].[#6:10](=[#8:11])-[#6:12]1:[#6:13](:[#7&+:14](-[#6@@:15]):[#6:54](:[#6:55](:[#6:56]:1-[#1:94])-[#1:93])-[#1:92])-[#1:68].[#8:3](-[#1])-[#1],"EVODEX.2-P1208,EVODEX.2-P1228,EVODEX.2-P1232,EVODEX.2-P1234,EVODEX.2-P965",49660745842642936169425845650020342375048013453567596477670471032078867105532
EVODEX.2-Dm216,[#6:1]-[#7:2](-[#6@@:3](-[#6:4])(-[#6:5]=[#8:6])-[#1])-[#1].[#8:56](-[#1])-[#1]>>[#6:3](-[#6:4])(-[#6:5]=[#8:6])=[#8:56].[#6:1]-[#7:2](-[#1])-[#1],"EVODEX.2-P1049,EVODEX.2-P1223,EVODEX.2-P1236,EVODEX.2-P1245,EVODEX.2-P966",87836826748379734189399774950113835704407932223696140988132315609529171915626
EVODEX.2-Dm217,[#6:1]-[#7:2](-[#6@@:3](-[#6:4])(-[#6:5]=[#8:6])-[#1])-[#1]>>[#6:3](-[#6:4])(-[#6:5]=[#8:6])=[#8].[#6:1]-[#7:2](-[#1])-[#1],"EVODEX.2-P1220,EVODEX.2-P1231,EVODEX.2-P1243,EVODEX.2-P1247,EVODEX.2-P967",20579190271869759909979946871879538684154601762640104295157964382174671445652
EVODEX.2-Dm218,[#6:1]-[#7:2](-[#6@@:3](-[#6:4])(-[#6:5]=[#8:6])-[#1])-[#1].[#6:9](=[#8:10])-[#6:11]1:[#6:12](:[#6:13](:[#6:14](:[#7&+:15](-[#6@@:16]):[#6:55]:1-[#1:94])-[#1:70])-[#1:69])-[#1:68].[#8:56](-[#1])-[#1]>>[#6:3](-[#6:4])(-[#6:5]=[#8:6])=[#8:56].[#6:1]-[#7:2](-[#1])-[#1].[#6:9](=[#8:10])-[#6:11]1=[#6:55](-[#7:15](-[#6@@:16])-[#6:14](=[#6:13](-[#6:12]-1(-[#1:68])-[#1])-[#1:69])-[#1:70])-[#1:94],"EVODEX.2-P1204,EVODEX.2-P1218,EVODEX.2-P1237,EVODEX.2-P1244,EVODEX.2-P968",57397966056101811093909600894165698702949615271567811335206735455015658437810
EVODEX.2-Dm219,[#6:1]-[#7:2](-[#6@@](-[#6])(-[#6]=[#8])-[#1])-[#1]>>[#6:1]-[#7:2](-[#1])-[#1],"EVODEX.2-P1203,EVODEX.2-P1216,EVODEX.2-P1222,EVODEX.2-P1241,EVODEX.2-P969",57089119029727252985482477767230706543389983809904479780151401688345624124481
EVODEX.2-Dm220,[#6:1]-[#7:2](-[#6@@](-[#6])(-[#6]=[#8])-[#1])-[#1].[#6:9](=[#8:10])-[#6:11]1:[#6:12](:[#6:13](:[#6:14](:[#7&+:15](-[#6@@:16]):[#6:55]:1-[#1:94])-[#1:70])-[#1:69])-[#1:68]>>[#6:1]-[#7:2](-[#1])-[#1].[#6:9](=[#8:10])-[#6:11]1=[#6:55](-[#7:15](-[#6@@:16])-[#6:14](=[#6:13](-[#6:12]-1(-[#1:68])-[#1])-[#1:69])-[#1:70])-[#1:94],"EVODEX.2-P1215,EVODEX.2-P1219,EVODEX.2-P1235,EVODEX.2-P1240,EVODEX.2-P970",28792417409351197464879641194675675419560548291846077032270012395089865196823
EVODEX.2-Dm221,[#6:1]-[#6:2](=[#8])-[#6:4]>>[#6:1]-[#6@:2](-[#6:4])(-[#7](-[#1])-[#1])-[#1],"EVODEX.2-P1730,EVODEX.2-P2392,EVODEX.2-P2786,EVODEX.2-P2791,EVODEX.2-P972",80603344065132408421296250900184627709670159574895735068450688166840012700699
EVODEX.2-Dm222,[#7:1](-[#1])(-[#1])-[#1].[#6:51]-[#6:52](=[#8:53])-[#8:54]>>[#7:1](-[#6:52](-[#6:51])(-[#8:54])-[#1])(-[#1])-[#1].[#8:53](-[#1])-[#1],"EVODEX.2-P4876,EVODEX.2-P5327,EVODEX.2-P5407,EVODEX.2-P5417,EVODEX.2-P978",28700876840881897847359380287736033919259132002514261978954313741668085800320
EVODEX.2-Dm223,[#6:4]-[#6@@:5](-[#6:6])(-[#7](-[#1])-[#1])-[#1].[#8:52](-[#1])-[#1]>>[#6:4]-[#6:5](-[#6:6])=[#8:52],"EVODEX.2-P1018,EVODEX.2-P1023,EVODEX.2-P1091,EVODEX.2-P987,EVODEX.2-P995",16556625160858582069365410582613669194201665241879292840363452504295345110683
EVODEX.2-Dm224,[#7:45](-[#6@@:46](-[#6:47])(-[#6:57]=[#8:58])-[#1])(-[#1])-[#1]>>[#6:46](-[#6:47])(-[#6:57]=[#8:58])=[#8].[#7:45](-[#1])(-[#1])-[#1],"EVODEX.2-P1014,EVODEX.2-P1043,EVODEX.2-P1051,EVODEX.2-P1127,EVODEX.2-P1130",73741118259347952591342479266288299092838503690061966734739008964673665965023
EVODEX.2-Dm225,[#6:5]-[#6@:6](-[#7](-[#1])-[#1])(-[#6:8]=[#8:9])-[#1].[#8:55](-[#1])-[#1]>>[#6:5]-[#6:6](-[#6:8]=[#8:9])=[#8:55],"EVODEX.2-P1028,EVODEX.2-P1048,EVODEX.2-P1050,EVODEX.2-P1102,EVODEX.2-P1123",71485213571492812337043279469070830350215328377884738584950146426998968132927
EVODEX.2-Dm226,[#7](-[#6:2](-[#6:3])(-[#6:8]=[#8:9])-[#1])(-[#1])-[#1].[#8:12]=[#8:13]>>[#6:2](-[#6:3])(-[#6:8]=[#8:9])=[#8].[#8:12](-[#8:13]-[#1])-[#1],"EVODEX.2-P1052,EVODEX.2-P1055,EVODEX.2-P1117,EVODEX.2-P1124,EVODEX.2-P1131",34536786430187433302649371583245035969069157703741069317384878747878092323471
EVODEX.2-Dm227,[#7](-[#6@:2](-[#6:3])(-[#6:9]=[#8:10])-[#1])(-[#1])-[#1].[#8:13]=[#8:14].[#8:12](-[#1])-[#1]>>[#6:2](-[#6:3])(-[#6:9]=[#8:10])=[#8:12].[#8:13](-[#8:14]-[#1])-[#1],"EVODEX.2-P1053,EVODEX.2-P1099,EVODEX.2-P1100,EVODEX.2-P1104,EVODEX.2-P1129",39398913084218926435867135231921105411085115135566275179604085625534178369788
EVODEX.2-Dm228,[#7:1](-[#6@:2](-[#6:3])(-[#6:9]=[#8:10])-[#1])(-[#1])-[#1].[#8:13]=[#8:14]>>[#6:2](-[#6:3])(-[#6:9]=[#8:10])=[#8].[#7:1](-[#1])(-[#1])-[#1].[#8:13](-[#8:14]-[#1])-[#1],"EVODEX.2-P1054,EVODEX.2-P1056,EVODEX.2-P1094,EVODEX.2-P1125,EVODEX.2-P1155",22701134821655222125361174295535389932112696194887110367208048202938242312747
EVODEX.2-Dm229,[#6:5]-[#6:6](=[#8:7])-[#6:8]=[#8:9].[#7:1](-[#1])(-[#1])-[#1].[#8:11](-[#8:12]-[#1])-[#1]>>[#7:1](-[#6@:6](-[#6:5])(-[#6:8]=[#8:9])-[#1])(-[#1])-[#1].[#8:11]=[#8:12].[#8:7](-[#1])-[#1],"EVODEX.2-P1057,EVODEX.2-P1096,EVODEX.2-P1105,EVODEX.2-P1118,EVODEX.2-P1120",29327012697952001624299488725959233347940835807052133352445639804042637118427
EVODEX.2-Dm230,[#6:5]-[#6:6](=[#8:7])-[#6:8]=[#8:9].[#8:11](-[#8:12]-[#1])-[#1]>>[#7](-[#6@:6](-[#6:5])(-[#6:8]=[#8:9])-[#1])(-[#1])-[#1].[#8:11]=[#8:12].[#8:7](-[#1])-[#1],"EVODEX.2-P1058,EVODEX.2-P1095,EVODEX.2-P1107,EVODEX.2-P1108,EVODEX.2-P1157",28367553257935289136358537801099990402077023765220017950423797736892473348199
EVODEX.2-Dm231,[#7:1](-[#6:2](-[#6:3])(-[#1:11])-[#1])(-[#1])-[#1].[#8:7]=[#8:8].[#8:6](-[#1])-[#1]>>[#6:2](-[#6:3])(=[#8:6])-[#1:11].[#7:1](-[#1])(-[#1])-[#1].[#8:7](-[#8:8]-[#1])-[#1],"EVODEX.2-P1059,EVODEX.2-P1063,EVODEX.2-P1065,EVODEX.2-P1139,EVODEX.2-P1145",105697902053715144020677968431812093549675673249773253283426162816050925211032
EVODEX.2-Dm232,[#7](-[#6:2](-[#6:3])(-[#1:14])-[#1])(-[#1])-[#1].[#8:10]=[#8:11].[#8:9](-[#1])-[#1]>>[#6:2](-[#6:3])(=[#8:9])-[#1:14].[#8:10](-[#8:11]-[#1])-[#1],"EVODEX.2-P1060,EVODEX.2-P1066,EVODEX.2-P1137,EVODEX.2-P1147,EVODEX.2-P1163",109173534066700858382476404621650757309676416957940704197666721692837876046640
EVODEX.2-Dm233,[#7:1](-[#6:2](-[#6:3])(-[#1:14])-[#1])(-[#1])-[#1]>>[#6:2](-[#6:3])(=[#8])-[#1:14].[#7:1](-[#1])(-[#1])-[#1],"EVODEX.2-P1061,EVODEX.2-P1134,EVODEX.2-P1146,EVODEX.2-P1166,EVODEX.2-P1167",65121692123924789347715761644044025015042544266003048480171627572850665079498
EVODEX.2-Dm234,[#7:1](-[#6:2](-[#6:3])(-[#1:14])-[#1])(-[#1])-[#1].[#8:10]=[#8:11]>>[#6:2](-[#6:3])(=[#8])-[#1:14].[#7:1](-[#1])(-[#1])-[#1].[#8:10](-[#8:11]-[#1])-[#1],"EVODEX.2-P1062,EVODEX.2-P1132,EVODEX.2-P1143,EVODEX.2-P1165,EVODEX.2-P1199",10651657403810438141969918795021218069548250704445647448156804238358659132486
EVODEX.2-Dm235,[#7](-[#6:2](-[#6:3])(-[#1:12])-[#1])(-[#1])-[#1].[#8:7](-[#1])-[#1]>>[#6:2](-[#6:3])(=[#8:7])-[#1:12],"EVODEX.2-P1064,EVODEX.2-P1135,EVODEX.2-P1142,EVODEX.2-P1164,EVODEX.2-P1198",99218357923659859868403297212550083755371574705645726088489132387211093216510
EVODEX.2-Dm236,[#7](-[#6:2](-[#6:3])(-[#1:18])-[#1])(-[#1])-[#1]>>[#6:2](-[#6:3])(=[#8])-[#1:18],"EVODEX.2-P1067,EVODEX.2-P1140,EVODEX.2-P1161,EVODEX.2-P2434,EVODEX.2-P2479",77788936391560326393437055599852171781029407124267411172537730416316591345896
EVODEX.2-Dm237,[#7:1](-[#6:2](-[#6:3])(-[#1:18])-[#1])(-[#1])-[#1].[#8:13](-[#1])-[#1]>>[#6:2](-[#6:3])(=[#8:13])-[#1:18].[#7:1](-[#1])(-[#1])-[#1],"EVODEX.2-P1068,EVODEX.2-P1136,EVODEX.2-P1144,EVODEX.2-P1149,EVODEX.2-P1158",93610484167804916561165485953074489662593812013156425811690955369950263469875
EVODEX.2-Dm238,[#7:1](-[#6:2](-[#6:3])(-[#6:7])-[#1])(-[#1])-[#1].[#8:9]=[#8:10]>>[#6:2](=[#8])(-[#6:3])-[#6:7].[#7:1](-[#1])(-[#1])-[#1].[#8:9](-[#8:10]-[#1])-[#1],"EVODEX.2-P1070,EVODEX.2-P1076,EVODEX.2-P1079,EVODEX.2-P1085,EVODEX.2-P1138",64375817807996790792835063939861007971845903256443002330037134862089035058954
EVODEX.2-Dm239,[#7](-[#6:2](-[#6:3])(-[#6:6])-[#1])(-[#1])-[#1].[#8:8]=[#8:9].[#8:7](-[#1])-[#1]>>[#6:2](=[#8:7])(-[#6:3])-[#6:6].[#8:8](-[#8:9]-[#1])-[#1],"EVODEX.2-P1071,EVODEX.2-P1077,EVODEX.2-P1082,EVODEX.2-P1084,EVODEX.2-P1090",35763073129130879999160092214466507481043778378619575861581448382656345464950
EVODEX.2-Dm240,[#6:2]-[#6:3](-[#6:4])(-[#7](-[#1])-[#1])-[#1].[#8:7]=[#8:8]>>[#6:2]-[#6:3](-[#6:4])=[#8].[#8:7](-[#8:8]-[#1])-[#1],"EVODEX.2-P1074,EVODEX.2-P1080,EVODEX.2-P1081,EVODEX.2-P1087,EVODEX.2-P1092",112500318081458918196306294916092408410212397336620451872758362610986077377422
EVODEX.2-Dm241,[#7:1](-[#6:2](-[#6:3])(-[#6:8])-[#1])(-[#1])-[#1].[#8:10]=[#8:11].[#8:9](-[#1])-[#1]>>[#6:2](=[#8:9])(-[#6:3])-[#6:8].[#7:1](-[#1])(-[#1])-[#1].[#8:10](-[#8:11]-[#1])-[#1],"EVODEX.2-P1075,EVODEX.2-P1083,EVODEX.2-P1086,EVODEX.2-P1089,EVODEX.2-P1133",15809957880348683810965099968482418810395206034891488125022014906419680773729
EVODEX.2-Dm242,[#6:5]-[#6:8](-[#7](-[#1])-[#1])(-[#1:28])-[#1].[#8:11]=[#8:12]>>[#6:5]-[#6:8](=[#8])-[#1:28].[#8:11](-[#8:12]-[#1])-[#1],"EVODEX.2-P1088,EVODEX.2-P1141,EVODEX.2-P1148,EVODEX.2-P1151,EVODEX.2-P1162",14982220169204762112426481346750743544740307386713064555682009635666690553715
EVODEX.2-Dm243,[#6:1]-[#6@@:2](-[#7:3](-[#1])-[#1])(-[#6:4]=[#8:5])-[#1].[#8:8]=[#8:9].[#8:7](-[#1])-[#1]>>[#6:1]-[#6:2](-[#6:4]=[#8:5])=[#8:7].[#7:3](-[#1])(-[#1])-[#1].[#8:8](-[#8:9]-[#1])-[#1],"EVODEX.2-P1093,EVODEX.2-P1098,EVODEX.2-P1101,EVODEX.2-P1113,EVODEX.2-P1116",105489185545275599195691665739458149744802439972771622917885494350816961761391
EVODEX.2-Dm244,[#6:6]-[#6:7](=[#8])-[#6:9]=[#8:10].[#8:12](-[#8:13]-[#1])-[#1]>>[#7](-[#6@@:7](-[#6:6])(-[#6:9]=[#8:10])-[#1])(-[#1])-[#1].[#8:12]=[#8:13],"EVODEX.2-P1097,EVODEX.2-P1103,EVODEX.2-P1109,EVODEX.2-P1112,EVODEX.2-P1156",42160694253742771490013124842431397179203737748574408803950223671881154108798
EVODEX.2-Dm245,[#6:6]-[#6:7](=[#8])-[#6:9]=[#8:10].[#7:1](-[#1])(-[#1])-[#1].[#8:12](-[#8:13]-[#1])-[#1]>>[#7:1](-[#6@@:7](-[#6:6])(-[#6:9]=[#8:10])-[#1])(-[#1])-[#1].[#8:12]=[#8:13],"EVODEX.2-P1106,EVODEX.2-P1110,EVODEX.2-P1111,EVODEX.2-P1119,EVODEX.2-P1121",11586474432561357916043124660567183677825141108277773381074933374411733069716
EVODEX.2-Dm246,[#6:6]-[#6:7](=[#8])-[#1:21]>>[#7](-[#6:7](-[#6:6])(-[#1:21])-[#1])(-[#1])-[#1],"EVODEX.2-P1150,EVODEX.2-P1152,EVODEX.2-P1200,EVODEX.2-P2674,EVODEX.2-P2781",87334559267457328885605362491442899834043225443700203641192012271745669360384
EVODEX.2-Dm247,[#6:1]-[#7:2](-[#6:3](-[#6:4])(-[#1:21])-[#1])-[#1].[#8:14](-[#1])-[#1]>>[#6:1]-[#7:2](-[#1])-[#1].[#6:3](-[#6:4])(=[#8:14])-[#1:21],"EVODEX.2-P1153,EVODEX.2-P1201,EVODEX.2-P1257,EVODEX.2-P1259,EVODEX.2-P1266",93053661074214709684281460188106814454906792754639901762596245949908511869411
EVODEX.2-Dm248,[#6:1]-[#7:2](-[#6:3](-[#6:4])(-[#1:21])-[#1])-[#1].[#8:15]=[#8:16]>>[#6:1]-[#7:2](-[#1])-[#1].[#6:3](-[#6:4])(=[#8])-[#1:21].[#8:15](-[#8:16]-[#1])-[#1],"EVODEX.2-P1154,EVODEX.2-P1160,EVODEX.2-P1276,EVODEX.2-P1278,EVODEX.2-P1280",21965342753788436277900806622838003726340166656995256694516869411508589683431
EVODEX.2-Dm249,[#6:2]1:[#7:3]:[#6:4]:[#6:5]:[#6:12](-[#6:13](-[#7:14](-[#6:15])-[#1])(-[#1:32])-[#1]):[#6:19]:1.[#8:22]=[#8:23].[#8:21](-[#1])-[#1]>>[#6:2]1:[#7:3]:[#6:4]:[#6:5]:[#6:12](-[#6:13](=[#8:21])-[#1:32]):[#6:19]:1.[#7:14](-[#6:15])(-[#1])-[#1].[#8:22](-[#8:23]-[#1])-[#1],"EVODEX.2-P1168,EVODEX.2-P1170,EVODEX.2-P1172,EVODEX.2-P1179,EVODEX.2-P1187",92741874441399334657846873557617436528345781528194294476061421447905436138708
EVODEX.2-Dm250,[#6:2]1:[#7:3]:[#6:4]:[#6:5]:[#6:12](-[#6:13](-[#7:14](-[#6@@:15])-[#1])(-[#1:33])-[#1]):[#6:20]:1.[#8:23]=[#8:24]>>[#6:2]1:[#7:3]:[#6:4]:[#6:5]:[#6:12](-[#6:13](=[#8])-[#1:33]):[#6:20]:1.[#7:14](-[#6@@:15])(-[#1])-[#1].[#8:23](-[#8:24]-[#1])-[#1],"EVODEX.2-P1169,EVODEX.2-P1173,EVODEX.2-P1182,EVODEX.2-P1183,EVODEX.2-P1194",76748053083731846194662668934830132806205891253416677564877928993435009716278
EVODEX.2-Dm251,[#6]1:[#7]:[#6]:[#6]:[#6](-[#6](-[#7:14](-[#6@@:15])-[#1])(-[#1])-[#1]):[#6]:1>>[#7:14](-[#6@@:15])(-[#1])-[#1],"EVODEX.2-P1171,EVODEX.2-P1177,EVODEX.2-P1180,EVODEX.2-P1185,EVODEX.2-P1197",90422624296377546851709107431976413368708248695710124020518912857599037786330
EVODEX.2-Dm252,[#6]1:[#7]:[#6]:[#6]:[#6](-[#6](-[#7:14](-[#6:15])-[#1])(-[#1])-[#1]):[#6]:1.[#8:25]=[#8:26]>>[#7:14](-[#6:15])(-[#1])-[#1].[#8:25](-[#8:26]-[#1])-[#1],"EVODEX.2-P1174,EVODEX.2-P1178,EVODEX.2-P1184,EVODEX.2-P1186,EVODEX.2-P1195",5192703803599934728062853166081001650640360182310461970098153954138470860275
EVODEX.2-Dm253,[#6:2]1:[#7:3]:[#6:4]:[#6:5]:[#6:12](-[#6:13](-[#7:14](-[#6@@:15])-[#1])(-[#1:39])-[#1]):[#6:26]:1>>[#6:2]1:[#7:3]:[#6:4]:[#6:5]:[#6:12](-[#6:13](=[#8])-[#1:39]):[#6:26]:1.[#7:14](-[#6@@:15])(-[#1])-[#1],"EVODEX.2-P1175,EVODEX.2-P1188,EVODEX.2-P1190,EVODEX.2-P1192,EVODEX.2-P1196",84279718564247693918585918094419010907885200157392549223134230802082643917623
EVODEX.2-Dm254,[#6:2]1:[#7:3]:[#6:4]:[#6:5]:[#6:12](-[#6:13](-[#7:14](-[#6@@:15])-[#1])(-[#1:39])-[#1]):[#6:26]:1.[#8:28](-[#1])-[#1]>>[#6:2]1:[#7:3]:[#6:4]:[#6:5]:[#6:12](-[#6:13](=[#8:28])-[#1:39]):[#6:26]:1.[#7:14](-[#6@@:15])(-[#1])-[#1],"EVODEX.2-P1176,EVODEX.2-P1181,EVODEX.2-P1189,EVODEX.2-P1191,EVODEX.2-P1193",112366511245335041962407196553139271879552463478447745364356909729238319595228
EVODEX.2-Dm255,[#6:20](=[#8:21])-[#6:22]1=[#6:23](-[#7:24](-[#6@@:25])-[#6:60](=[#6:61](-[#6:62]-1(-[#1:94])-[#1])-[#1:93])-[#1:92])-[#1:69].[#7:15](-[#6@:14])(-[#1])-[#1]>>[#6]-[#6@](-[#6]=[#8])(-[#7:15](-[#6@@:14])-[#1])-[#1].[#6:20](=[#8:21])-[#6:22]1:[#6:23](:[#7&+:24](-[#6@@:25]):[#6:60](:[#6:61](:[#6:62]:1-[#1:94])-[#1:93])-[#1:92])-[#1:69],"EVODEX.2-P1202,EVODEX.2-P1206,EVODEX.2-P1213,EVODEX.2-P1233,EVODEX.2-P1239",20516159593487718508029211502627235179819198124081597589716677609764806677355
EVODEX.2-Dm256,[#7:56](-[#6@:55])(-[#1])-[#1]>>[#6]-[#6@](-[#6]=[#8])(-[#7:56](-[#6@@:55])-[#1])-[#1],"EVODEX.2-P1205,EVODEX.2-P1207,EVODEX.2-P1214,EVODEX.2-P1221,EVODEX.2-P1249",48754839208248679280166186915244555501907920185884013930679981369829147953020
EVODEX.2-Dm257,[#6:1]-[#6:2](=[#8])-[#6:4]=[#8:5].[#6:20](=[#8:21])-[#6:22]1=[#6:23](-[#7:24](-[#6@@:25])-[#6:60](=[#6:61](-[#6:62]-1(-[#1:94])-[#1])-[#1:93])-[#1:92])-[#1:69].[#7:15](-[#6@:14])(-[#1])-[#1]>>[#6:1]-[#6@:2](-[#6:4]=[#8:5])(-[#7:15](-[#6@@:14])-[#1])-[#1].[#6:20](=[#8:21])-[#6:22]1:[#6:23](:[#7&+:24](-[#6@@:25]):[#6:60](:[#6:61](:[#6:62]:1-[#1:94])-[#1:93])-[#1:92])-[#1:69],"EVODEX.2-P1209,EVODEX.2-P1212,EVODEX.2-P1225,EVODEX.2-P1260,EVODEX.2-P1263",54303401114644163860586628516951381271696699256380559050264960298760989449765
EVODEX.2-Dm258,[#6:1]-[#6:2](=[#8])-[#6:4]=[#8:5].[#7:15](-[#6@:14])(-[#1])-[#1]>>[#6:1]-[#6@:2](-[#6:4]=[#8:5])(-[#7:15](-[#6@@:14])-[#1])-[#1],"EVODEX.2-P1210,EVODEX.2-P1211,EVODEX.2-P1229,EVODEX.2-P1250,EVODEX.2-P1251",4577429213220542769396267463616184192747199718834798295686085161084197694447
EVODEX.2-Dm259,[#6:1]-[#6@@:2](-[#7:3](-[#6@@:4])-[#1])(-[#6:13]=[#8:14])-[#1].[#6:17](=[#8:18])-[#6:19]1:[#6:20](:[#6:21](:[#6:22](:[#7&+:23](-[#6@@:24]):[#6:63]:1-[#1:111])-[#1:87])-[#1:86])-[#1:85]>>[#6:1]-[#6:2](-[#6:13]=[#8:14])=[#8].[#6:17](=[#8:18])-[#6:19]1=[#6:63](-[#7:23](-[#6@@:24])-[#6:22](=[#6:21](-[#6:20]-1(-[#1:85])-[#1])-[#1:86])-[#1:87])-[#1:111].[#7:3](-[#6@@:4])(-[#1])-[#1],"EVODEX.2-P1217,EVODEX.2-P1230,EVODEX.2-P1242,EVODEX.2-P1246,EVODEX.2-P1262",3469108952489303039545383831032897807624034577109454653247844865363426585115
EVODEX.2-Dm260,[#6:1]-[#6:2](=[#8:3])-[#6:4]=[#8:5].[#7:51](-[#6:52])(-[#1])-[#1]>>[#6:1]-[#6@:2](-[#6:4]=[#8:5])(-[#7:51](-[#6:52])-[#1])-[#1].[#8:3](-[#1])-[#1],"EVODEX.2-P1224,EVODEX.2-P1226,EVODEX.2-P1227,EVODEX.2-P1238,EVODEX.2-P1248",52595247037027268824438628759061769997755869990156662247884092147965817716011
EVODEX.2-Dm264,[#6:9]-[#7:10](-[#6](=[#8])-[#1])-[#6:13]1:[#6:14]:[#6:15]:[#6:16](-[#6:17]=[#8:18]):[#6:56]:[#6:57]:1>>[#6:9]-[#7:10](-[#6:13]1:[#6:14]:[#6:15]:[#6:16](-[#6:17]=[#8:18]):[#6:56]:[#6:57]:1)-[#1],"EVODEX.2-P1261,EVODEX.2-P1447,EVODEX.2-P1448,EVODEX.2-P1451,EVODEX.2-P1452",41239950257659539177207071702633891746274012525373218881087469822730465310195
EVODEX.2-Dm265,[#6:1](-[#7:2](-[#6:3])-[#1])(-[#1:10])(-[#1:11])-[#1].[#8:8]=[#8:9]>>[#6:1](=[#8])(-[#1:10])-[#1:11].[#7:2](-[#6:3])(-[#1])-[#1].[#8:8](-[#8:9]-[#1])-[#1],"EVODEX.2-P1264,EVODEX.2-P1267,EVODEX.2-P1274,EVODEX.2-P1293,EVODEX.2-P1297",16228608327529929992655634292949386359572466965143037721316964147432807426684
EVODEX.2-Dm266,[#6](-[#7:2](-[#6:3])-[#1])(-[#1])(-[#1])-[#1]>>[#7:2](-[#6:3])(-[#1])-[#1],"EVODEX.2-P1265,EVODEX.2-P1284,EVODEX.2-P1287,EVODEX.2-P1294,EVODEX.2-P1367",69098608650157158773719731517364651169142823736018675901417447786624176502539
EVODEX.2-Dm267,[#6](-[#7:2](-[#6@@:3])-[#1])(-[#1])(-[#1])-[#1].[#8:9]=[#8:10]>>[#7:2](-[#6@@:3])(-[#1])-[#1].[#8:9](-[#8:10]-[#1])-[#1],"EVODEX.2-P1268,EVODEX.2-P1272,EVODEX.2-P1283,EVODEX.2-P1291,EVODEX.2-P1298",102043069938664559371176539249504483013277355665756001111755714275448382745065
EVODEX.2-Dm268,[#7:5](-[#6@:4])(-[#1])-[#1]>>[#6](-[#7:5](-[#6@@:4])-[#1])(-[#1])(-[#1])-[#1],"EVODEX.2-P1269,EVODEX.2-P1335,EVODEX.2-P1366,EVODEX.2-P1378,EVODEX.2-P1387",11749754539410886952970647985306150441840744004405444223846398708142507732677
EVODEX.2-Dm269,[#6:1](-[#7:2](-[#6@@:3])-[#1])(-[#1:14])(-[#1:15])-[#1].[#8:12]=[#8:13].[#8:11](-[#1])-[#1]>>[#6:1](=[#8:11])(-[#1:14])-[#1:15].[#7:2](-[#6@@:3])(-[#1])-[#1].[#8:12](-[#8:13]-[#1])-[#1],"EVODEX.2-P1270,EVODEX.2-P1282,EVODEX.2-P1288,EVODEX.2-P1295,EVODEX.2-P1300",37367144477168484891855747987293328746337930216484376062659824197199482436816
EVODEX.2-Dm270,[#6:1](-[#7:2](-[#6@@:3])-[#1])(-[#1:14])(-[#1:15])-[#1].[#8:11](-[#1])-[#1]>>[#6:1](=[#8:11])(-[#1:14])-[#1:15].[#7:2](-[#6@@:3])(-[#1])-[#1],"EVODEX.2-P1271,EVODEX.2-P1273,EVODEX.2-P1286,EVODEX.2-P1290,EVODEX.2-P1292",111878707719762780573053370008132050577936410111737078126110530897349977293757
EVODEX.2-Dm271,[#6:12]-[#7:13](-[#6:14](-[#6:15])(-[#1:44])-[#1])-[#1].[#8:22]=[#8:23].[#8:21](-[#1])-[#1]>>[#6:12]-[#7:13](-[#1])-[#1].[#6:14](-[#6:15])(=[#8:21])-[#1:44].[#8:22](-[#8:23]-[#1])-[#1],"EVODEX.2-P1275,EVODEX.2-P1277,EVODEX.2-P1279,EVODEX.2-P1281,EVODEX.2-P1302",93761251401928255132364933484035966303055529695659327363315131641221345787953
EVODEX.2-Dm275,[#6:47]-[#16:48]-[#16:49]-[#6:50]>>[#6:47]-[#16:48]-[#1].[#16:49](-[#6:50])-[#1],"EVODEX.2-P1311,EVODEX.2-P1313,EVODEX.2-P1318,EVODEX.2-P1319,EVODEX.2-P1320",252982795141860807456405692478670868489497510985006949944588841346049869454
EVODEX.2-Dm276,[#6:6]-[#16:7]-[#16:8]-[#6:9].[#6:66](=[#8:67])-[#6:68]1=[#6:69](-[#7:70](-[#6@@:71])-[#6:110](=[#6:111](-[#6:112]-1(-[#1:199])-[#1])-[#1:198])-[#1:197])-[#1:173]>>[#6:6]-[#16:7]-[#1].[#6:66](=[#8:67])-[#6:68]1:[#6:69](:[#7&+:70](-[#6@@:71]):[#6:110](:[#6:111](:[#6:112]:1-[#1:199])-[#1:198])-[#1:197])-[#1:173].[#16:8](-[#6:9])-[#1],"EVODEX.2-P1312,EVODEX.2-P1314,EVODEX.2-P1315,EVODEX.2-P1316,EVODEX.2-P1317",91578368032053541469805016661557457465278435533793149594936785256685495627325
EVODEX.2-Dm277,[#6](-[#16&+:2](-[#6:3])-[#6:10])(-[#1])(-[#1])-[#1]>>[#16:2](-[#6:3])-[#6:10],"EVODEX.2-P1321,EVODEX.2-P1382,EVODEX.2-P1383,EVODEX.2-P1396,EVODEX.2-P1441",33322233096333202668436166373782915996459771452581859563166091790701019031564
EVODEX.2-Dm279,[#6:30]-[#16:31]-[#1]>>[#6](-[#16:31]-[#6:30])(-[#1])(-[#1])-[#1],"EVODEX.2-P1323,EVODEX.2-P1402,EVODEX.2-P1432,EVODEX.2-P1435,EVODEX.2-P1439",12027058843288345130727543315306357426357243816137529399245762060422195204056
EVODEX.2-Dm280,[#6:18](=[#8:19])-[#8:20]-[#1].[#6:21](-[#16&+:22](-[#6:23])-[#6:30])(-[#1:76])(-[#1:77])-[#1:78]>>[#6:18](=[#8:19])-[#8:20]-[#6:21](-[#1:76])(-[#1:77])-[#1:78].[#16:22](-[#6:23])-[#6:30],"EVODEX.2-P1324,EVODEX.2-P1326,EVODEX.2-P1327,EVODEX.2-P1331,EVODEX.2-P1385",83701271464108519830357305747340780780256122702049188735752276382087201138010
EVODEX.2-Dm281,[#6:25](=[#8:26])-[#8:27]-[#1]>>[#6:25](=[#8:26])-[#8:27]-[#6](-[#1])(-[#1])-[#1],"EVODEX.2-P1325,EVODEX.2-P1329,EVODEX.2-P1332,EVODEX.2-P1333,EVODEX.2-P3550",76258243124153995439667438847727655081631709643666936858947901670276330601138
EVODEX.2-Dm282,[#6:60](=[#8:61])-[#8:62]-[#1].[#6:63](-[#16&+](-[#6])-[#6])(-[#1:166])(-[#1:167])-[#1:168]>>[#6:60](=[#8:61])-[#8:62]-[#6:63](-[#1:166])(-[#1:167])-[#1:168],"EVODEX.2-P1328,EVODEX.2-P1330,EVODEX.2-P1334,EVODEX.2-P1364,EVODEX.2-P1394",67170795922799955828138564206079414967454931751634938252882377906752735716478
EVODEX.2-Dm283,[#6:1](-[#16&+](-[#6])-[#6])(-[#1:68])(-[#1:69])-[#1:70].[#8:67](-[#6@@:66])-[#1]>>[#6:1](-[#8:67]-[#6@@:66])(-[#1:68])(-[#1:69])-[#1:70],"EVODEX.2-P1336,EVODEX.2-P1370,EVODEX.2-P1374,EVODEX.2-P1399,EVODEX.2-P1400",14504510765769325066654184577566599252859276197628775448394087763660051700414
EVODEX.2-Dm284,[#7:9](-[#6@@:8])(-[#6:10])-[#1]>>[#7:9](-[#6@@:8])(-[#6](-[#1])(-[#1])-[#1])-[#6:10],"EVODEX.2-P1337,EVODEX.2-P1356,EVODEX.2-P1390,EVODEX.2-P1421,EVODEX.2-P1423",6039622031122019727818100527951922280023081385522120666134168921725845592907
EVODEX.2-Dm285,[#7:19](-[#6@:10])(-[#6:20])-[#1].[#6:22](-[#16&+:23](-[#6:24])-[#6:31])(-[#1:68])(-[#1:69])-[#1:70]>>[#7:19](-[#6@:10])(-[#6:22](-[#1:68])(-[#1:69])-[#1:70])-[#6:20].[#16:23](-[#6:24])-[#6:31],"EVODEX.2-P1338,EVODEX.2-P1353,EVODEX.2-P1355,EVODEX.2-P1422,EVODEX.2-P1424",23083909457987625475166292175849075712347410069125073021612669562391416455778
EVODEX.2-Dm286,[#7:19](-[#6@:10])(-[#6:20])-[#1].[#6:22](-[#16&+](-[#6])-[#6])(-[#1:68])(-[#1:69])-[#1:70]>>[#7:19](-[#6@:10])(-[#6:22](-[#1:68])(-[#1:69])-[#1:70])-[#6:20],"EVODEX.2-P1339,EVODEX.2-P1354,EVODEX.2-P1372,EVODEX.2-P1397,EVODEX.2-P1420",83311992360345544536003523031769704074122501207506226944489575664431357512509
EVODEX.2-Dm287,[#6:38]-[#16:39]-[#6:40]>>[#6](-[#16&+:39](-[#6:38])-[#6:40])(-[#1])(-[#1])-[#1],"EVODEX.2-P1340,EVODEX.2-P1384,EVODEX.2-P1442,EVODEX.2-P1443,EVODEX.2-P1444",26857882265751741215848642272549678594463475957055505290184681869813696061569
EVODEX.2-Dm288,[#6:3]1:[#6:4]:[#6:5]:[#6:6]:[#6:7]:[#6:8]:1-[#8:9]-[#1].[#6:26](-[#16&+:27](-[#6:28])-[#6:35])(-[#1:76])(-[#1:77])-[#1:78]>>[#6:3]1:[#6:4]:[#6:5]:[#6:6]:[#6:7]:[#6:8]:1-[#8:9]-[#6:26](-[#1:76])(-[#1:77])-[#1:78].[#16:27](-[#6:28])-[#6:35],"EVODEX.2-P1341,EVODEX.2-P1344,EVODEX.2-P1349,EVODEX.2-P1351,EVODEX.2-P1428",27968639531974669249066373523439143396654795863843714564927891076745356145720
EVODEX.2-Dm289,[#6:3]1:[#6:4]:[#6:5]:[#6:6]:[#6:7]:[#6:8]:1-[#8:9]-[#1]>>[#6:3]1:[#6:4]:[#6:5]:[#6:6]:[#6:7]:[#6:8]:1-[#8:9]-[#6](-[#1])(-[#1])-[#1],"EVODEX.2-P1342,EVODEX.2-P1346,EVODEX.2-P1348,EVODEX.2-P1350,EVODEX.2-P1427",106525745255237858431745515237148751297721407942352940598324370212209813211500
EVODEX.2-Dm290,[#6:1](-[#16&+](-[#6])-[#6])(-[#1:38])(-[#1:39])-[#1:40].[#7:34](-[#6@:33])(-[#1])-[#1]>>[#6:1](-[#7:34](-[#6@@:33])-[#1])(-[#1:38])(-[#1:39])-[#1:40],"EVODEX.2-P1343,EVODEX.2-P1386,EVODEX.2-P1389,EVODEX.2-P1404,EVODEX.2-P1409",59066008678245277213705007728546303565209055272697155644206231156389343441607
EVODEX.2-Dm291,[#6:1](-[#16&+](-[#6])-[#6])(-[#1:49])(-[#1:50])-[#1:51].[#6:38]1:[#6:39]:[#6:40](-[#8:41]-[#1]):[#6:42]:[#6:44]:[#6:45]:1>>[#6:1](-[#8:41]-[#6:40]1:[#6:39]:[#6:38]:[#6:45]:[#6:44]:[#6:42]:1)(-[#1:49])(-[#1:50])-[#1:51],"EVODEX.2-P1345,EVODEX.2-P1347,EVODEX.2-P1395,EVODEX.2-P1429,EVODEX.2-P1431",74044971405483438581182811187336698930926174381410870869347266008720999354774
EVODEX.2-Dm292,[#8:10](-[#6@@:9])-[#1].[#6:35](-[#16&+:36](-[#6:37])-[#6:44])(-[#1:86])(-[#1:87])-[#1:88]>>[#8:10](-[#6@@:9])-[#6:35](-[#1:86])(-[#1:87])-[#1:88].[#16:36](-[#6:37])-[#6:44],"EVODEX.2-P1352,EVODEX.2-P1373,EVODEX.2-P1393,EVODEX.2-P1398,EVODEX.2-P1406",24563271286313887360187550423730611937223701641265160768093960603662640800794
EVODEX.2-Dm293,[#6:1]-[#6:2](-[#6:3])=[#6:4](-[#6:5])-[#1].[#6:32](-[#16&+:33](-[#6:34])-[#6:41])(-[#1:109])(-[#1:110])-[#1]>>[#6:1]-[#6:2](-[#6:3])(-[#6:4](-[#6:5])=[#6:32](-[#1:109])-[#1:110])-[#1].[#16:33](-[#6:34])-[#6:41],"EVODEX.2-P1357,EVODEX.2-P1360,EVODEX.2-P1362,EVODEX.2-P1381,EVODEX.2-P1407",73833722941236016025477463217099755223065774282617003745336239567329276214585
EVODEX.2-Dm296,[#6:1](-[#16&+:2](-[#6:3])-[#6:10])(-[#1:33])(-[#1:34])-[#1:35].[#7:28](-[#6:29])(-[#1])-[#1]>>[#6:1](-[#7:28](-[#6:29])-[#1])(-[#1:33])(-[#1:34])-[#1:35].[#16:2](-[#6:3])-[#6:10],"EVODEX.2-P1365,EVODEX.2-P1388,EVODEX.2-P1391,EVODEX.2-P1403,EVODEX.2-P1425",86286716206522349876395649273233179955898718293792366919481381324257680162422
EVODEX.2-Dm297,[#6:2]-[#6:3](-[#7](-[#1])-[#1])(-[#1:20])-[#1:21].[#7:5](-[#6@@:6])(-[#1])-[#1]>>[#6:2]-[#6:3](-[#7:5](-[#6@@:6])-[#1])(-[#1:20])-[#1:21],"EVODEX.2-P1368,EVODEX.2-P1369,EVODEX.2-P1873,EVODEX.2-P2261,EVODEX.2-P2266",83348530488465835901031409911859713721490844616626724632866436418579774700768
EVODEX.2-Dm298,[#6:38]-[#8:41]-[#1]>>[#6:38]-[#8:41]-[#6](-[#1])(-[#1])-[#1],"EVODEX.2-P1371,EVODEX.2-P1405,EVODEX.2-P1426,EVODEX.2-P2009,EVODEX.2-P2111",7487319707321849381415161596346416305135968914730396545450423338596141580632
EVODEX.2-Dm305,[#7:35](-[#6@:36])(-[#1])-[#1]>>[#6](=[#8])(-[#7:35](-[#6@:36])-[#1])-[#1],"EVODEX.2-P1445,EVODEX.2-P1446,EVODEX.2-P1450,EVODEX.2-P5495,EVODEX.2-P5496",90734177525964463974616539959198827979858140209780222422475977779960910770674
EVODEX.2-Dm306,[#8:47](-[#6@@:46])-[#1].[#8:78](-[#6@@:77])-[#15:79](=[#8:80])(-[#8:81])-[#8:82]>>[#8:47](-[#6@@:46])-[#15:79](=[#8:80])(-[#8:81])-[#8:82].[#8:78](-[#6@@:77])-[#1],"EVODEX.2-P1453,EVODEX.2-P1636,EVODEX.2-P2983,EVODEX.2-P2993,EVODEX.2-P3007",104934643399156969260271886022841864876420745687383274084897482880641581210118
EVODEX.2-Dm307,[#6:8]-[#7:9](-[#1])-[#1].[#7:13]-[#6:14](=[#8:15])-[#8:16]-[#15:17]=[#8:18]>>[#6:8]-[#7:9](-[#6:14](-[#7:13])=[#8:15])-[#1].[#8:16](-[#15:17]=[#8:18])-[#1],"EVODEX.2-P1454,EVODEX.2-P1460,EVODEX.2-P1463,EVODEX.2-P1465,EVODEX.2-P1468",113714461636024265379736607910996329860607737626362640692880214252225623239854
EVODEX.2-Dm308,[#6:8]-[#7:9](-[#1])-[#1].[#7:13]-[#6:14](=[#8:15])-[#8]-[#15]=[#8]>>[#6:8]-[#7:9](-[#6:14](-[#7:13])=[#8:15])-[#1],"EVODEX.2-P1455,EVODEX.2-P1456,EVODEX.2-P1461,EVODEX.2-P1464,EVODEX.2-P1469",73203951149052173695530455979850810603106546485762224750287253760806569592767
EVODEX.2-Dm309,[#7:9](-[#6:10])(-[#1])-[#1]>>[#7]-[#6](=[#8])-[#7:9](-[#6:10])-[#1],"EVODEX.2-P1457,EVODEX.2-P1459,EVODEX.2-P1462,EVODEX.2-P1466,EVODEX.2-P1467",18989158729408560754191426200884028045681331001895824241215952316379815540114
EVODEX.2-Dm310,[#7]-[#6](=[#8])-[#7:4](-[#6:5])-[#1]>>[#7:4](-[#6:5])(-[#1])-[#1],"EVODEX.2-P1458,EVODEX.2-P5439,EVODEX.2-P5448,EVODEX.2-P5483,EVODEX.2-P5622",78351838536406200502538460798440271884212724607906660838467153696662014202741
EVODEX.2-Dm311,[#7:13](-[#6:14])(-[#1])-[#1].[#7:1]=[#6:2](-[#7:3])-[#7:4](-[#6:5])-[#1]>>[#7:4](-[#6:5])(-[#1])-[#1].[#7:1]=[#6:2](-[#7:3])-[#7:13](-[#6:14])-[#1],"EVODEX.2-P1470,EVODEX.2-P1472,EVODEX.2-P1475,EVODEX.2-P1478,EVODEX.2-P1479",30826825438350027371166068901523902586281949433787522583240722103137494887022
EVODEX.2-Dm312,[#7]=[#6](-[#7])-[#7:4](-[#6:5])-[#1]>>[#7:4](-[#6:5])(-[#1])-[#1],"EVODEX.2-P1471,EVODEX.2-P4718,EVODEX.2-P4839,EVODEX.2-P5618,EVODEX.2-P5621",82952730738992680130187672692497590162588156675751517342261552497947591610049
EVODEX.2-Dm313,[#7:13](-[#6:14])(-[#1])-[#1]>>[#7]=[#6](-[#7])-[#7:13](-[#6:14])-[#1],"EVODEX.2-P1473,EVODEX.2-P1474,EVODEX.2-P1476,EVODEX.2-P1477,EVODEX.2-P4961",33019492467120225969246801888175038299408521418833479286666042865075991812204
EVODEX.2-Dm314,[#8:15]=[#6:16](-[#6@:17])-[#1:29].[#8:1]=[#6:2](-[#6:3])-[#6@@](-[#8])(-[#6@])-[#1]>>[#8:1]=[#6:2](-[#6:3])-[#6@@:16](-[#8:15]-[#1])(-[#6@:17])-[#1:29],"EVODEX.2-P1480,EVODEX.2-P1494,EVODEX.2-P1495,EVODEX.2-P1496,EVODEX.2-P1497",37138989364073186293137766519596677357856846991136605828487188997544181491964
EVODEX.2-Dm315,[#8:1]=[#6:2](-[#8:3]-[#1])-[#6:4](=[#8:5])-[#6:6].[#8:8]=[#6:9](-[#6:10])-[#1:21]>>[#6:4](=[#8:5])(-[#6:6])-[#6@@:9](-[#8:8]-[#1])(-[#6:10])-[#1:21].[#8:1]=[#6:2]=[#8:3],"EVODEX.2-P1481,EVODEX.2-P1487,EVODEX.2-P1488,EVODEX.2-P1490,EVODEX.2-P1507",51776565900209690792307580167458043004686620144843744482590811385776545190725
EVODEX.2-Dm316,[#8]=[#6](-[#8])-[#6:4](=[#8:5])-[#6:6].[#8:8]=[#6:9](-[#6:10])-[#1:21]>>[#6:4](=[#8:5])(-[#6:6])-[#6@@:9](-[#8:8]-[#1])(-[#6:10])-[#1:21],"EVODEX.2-P1482,EVODEX.2-P1485,EVODEX.2-P1499,EVODEX.2-P1502,EVODEX.2-P1508",13458408625803938746375655257793559868925501486668120655969360521853461500962
EVODEX.2-Dm318,[#6:2]-[#6:4](=[#8:5])-[#6](=[#8])-[#8]>>[#6:2]-[#6:4](=[#8:5])-[#1],"EVODEX.2-P1500,EVODEX.2-P5763,EVODEX.2-P5771,EVODEX.2-P5774,EVODEX.2-P5805",46617232570627386861289209973965239262620167174808892370802348545335970139613
EVODEX.2-Dm319,[#6:2]-[#6:4](=[#8:5])-[#6:6](=[#8:7])-[#8:8]-[#1]>>[#6:6](=[#8:7])=[#8:8].[#6:2]-[#6:4](=[#8:5])-[#1],"EVODEX.2-P1501,EVODEX.2-P5764,EVODEX.2-P5772,EVODEX.2-P5775,EVODEX.2-P5778",95305312180509765870931046288729002907539878653721926449013040149728960033326
EVODEX.2-Dm324,[#6:47]-[#16:48]-[#1].[#8:77](-[#6@@:76])-[#6:78](-[#6:79])=[#8:80]>>[#6:47]-[#16:48]-[#6:78](-[#6:79])=[#8:80].[#8:77](-[#6@@:76])-[#1],"EVODEX.2-P1513,EVODEX.2-P1575,EVODEX.2-P1678,EVODEX.2-P1702,EVODEX.2-P1709",40240897339127859080234344300017056800457985999958936917722817158671123176001
EVODEX.2-Dm325,[#6:47]-[#16:48]-[#6:49](=[#8:50])-[#6:51].[#7:65](-[#6@:64])(-[#1])-[#1]>>[#6:49](=[#8:50])(-[#6:51])-[#7:65](-[#6@@:64])-[#1].[#6:47]-[#16:48]-[#1],"EVODEX.2-P1514,EVODEX.2-P1596,EVODEX.2-P1761,EVODEX.2-P1763,EVODEX.2-P1828",25439903088884650670672343047798953545063452462813442286757298586723272331813
EVODEX.2-Dm327,[#6:47]-[#16:48]-[#6:49](=[#8:50])/[#6:51]=[#6:52]/[#6:53]1:[#6:54]:[#6:55]:[#6:56]:[#6:58]:[#6:60]:1.[#7:61](-[#6:62])(-[#1])-[#1]>>[#6:49](=[#8:50])(/[#6:51]=[#6:52]/[#6:53]1:[#6:54]:[#6:55]:[#6:56]:[#6:58]:[#6:60]:1)-[#7:61](-[#6:62])-[#1].[#6:47]-[#16:48]-[#1],"EVODEX.2-P1516,EVODEX.2-P1520,EVODEX.2-P1521,EVODEX.2-P1560,EVODEX.2-P1562",62135858262088003449983782797485708179630198048267793124858637299038618798446
EVODEX.2-Dm328,[#6:3]1:[#6:4]:[#6:5](/[#6:6]=[#6:7]/[#6:8](=[#8:9])-[#16]-[#6]):[#6:58]:[#6:59]:[#6:60]:1.[#7:62](-[#6:63])(-[#1])-[#1]>>[#6:3]1:[#6:4]:[#6:5](/[#6:6]=[#6:7]/[#6:8](=[#8:9])-[#7:62](-[#6:63])-[#1]):[#6:58]:[#6:59]:[#6:60]:1,"EVODEX.2-P1518,EVODEX.2-P1523,EVODEX.2-P1524,EVODEX.2-P1563,EVODEX.2-P1565",4406484583302462401437387406027788877123727198993686563698902437955679305665
EVODEX.2-Dm330,[#6]-[#16]-[#6:49](=[#8:50])-[#6:51].[#7:56](-[#6:57])(-[#1])-[#1]>>[#6:49](=[#8:50])(-[#6:51])-[#7:56](-[#6:57])-[#1],"EVODEX.2-P1529,EVODEX.2-P1757,EVODEX.2-P1762,EVODEX.2-P1774,EVODEX.2-P1851",99468790388926551949575538329210161607862721575144642041797744870844663411601
EVODEX.2-Dm331,[#6:2]-[#6:3](=[#8:4])-[#16]-[#6].[#7:65]-[#8:66]-[#1]>>[#6:2]-[#6:3](=[#8:4])-[#8:66]-[#7:65],"EVODEX.2-P1530,EVODEX.2-P1533,EVODEX.2-P1536,EVODEX.2-P1538,EVODEX.2-P1539",40905259464831948309559767706960947723083656993909568999560834815587053914867
EVODEX.2-Dm332,[#6:47]-[#16:48]-[#6:49](=[#8:50])-[#6:51].[#7:67]-[#8:68]-[#1]>>[#6:49](=[#8:50])(-[#6:51])-[#8:68]-[#7:67].[#6:47]-[#16:48]-[#1],"EVODEX.2-P1531,EVODEX.2-P1532,EVODEX.2-P1534,EVODEX.2-P1535,EVODEX.2-P1537",70320696516817096551805331329783942580810154226147365980611119034580856702906
EVODEX.2-Dm333,[#6:62]-[#16:63]-[#1].[#6:1]-[#6:2](=[#8:3])-[#16:4]-[#6:5]>>[#6:1]-[#6:2](=[#8:3])-[#16:63]-[#6:62].[#16:4](-[#6:5])-[#1],"EVODEX.2-P1540,EVODEX.2-P1608,EVODEX.2-P1690,EVODEX.2-P1766,EVODEX.2-P1777",19611295887699835791012557402198313561163125869515581903166471337320872407320
EVODEX.2-Dm334,[#6:28]-[#6:60](=[#8:61])-[#8:62]-[#6:63].[#6:155]-[#8:156]-[#1]>>[#6:28]-[#6:60](=[#8:61])-[#8:156]-[#6:155].[#8:62](-[#6:63])-[#1],"EVODEX.2-P1541,EVODEX.2-P1599,EVODEX.2-P1600,EVODEX.2-P2006,EVODEX.2-P4445",13506241152826062860281417544279515341355476392516613389020723309562219528311
EVODEX.2-Dm337,[#6:61]-[#7:62](-[#1])-[#1]>>[#6](=[#8])(-[#6]1:[#6]:[#6]:[#6]:[#6]:[#6]:1)-[#7:62](-[#6:61])-[#1],"EVODEX.2-P1544,EVODEX.2-P1546,EVODEX.2-P1773,EVODEX.2-P5491,EVODEX.2-P5492",61903841426069176145156191829660730118432070768242061104597615463881187254787
EVODEX.2-Dm338,[#6:4]-[#6:5](=[#8:6])-[#16]-[#6]>>[#6:4]-[#6:5](=[#8:6])-[#7](-[#6])-[#1],"EVODEX.2-P1547,EVODEX.2-P1548,EVODEX.2-P1663,EVODEX.2-P1769,EVODEX.2-P1775",11930006520924745485283019828021789258948264494150042346590261642907474263144
EVODEX.2-Dm339,[#6]1:[#6]:[#6](/[#6]=[#6]/[#6](=[#8])-[#8:58]-[#6@@:59]):[#6]:[#6]:[#6]:1>>[#8:58](-[#6@@:59])-[#1],"EVODEX.2-P1557,EVODEX.2-P3588,EVODEX.2-P3590,EVODEX.2-P3592,EVODEX.2-P3599",107390208578949953535728143312828387908290658623994435981143925595229657950652
EVODEX.2-Dm341,[#6:17]-[#6:18](=[#8:19])-[#16]-[#6]>>[#6:17]-[#6:18](=[#8:19])-[#8]-[#6],"EVODEX.2-P1577,EVODEX.2-P1578,EVODEX.2-P1579,EVODEX.2-P1582,EVODEX.2-P1718",28588631370616842055624418515240645436759804941415370670584097735415184141031
EVODEX.2-Dm343,[#6:1](-[#6:2]=[#8:3])(-[#1:115])(-[#1:116])-[#1].[#6:64]-[#6:65](=[#8:66])-[#16:67]-[#6:68]>>[#6:1](-[#6:2]=[#8:3])(-[#6:65](-[#6:64])=[#8:66])(-[#1:115])-[#1:116].[#16:67](-[#6:68])-[#1],"EVODEX.2-P1586,EVODEX.2-P1589,EVODEX.2-P1829,EVODEX.2-P1832,EVODEX.2-P1835",82873939750382051112785752344979991428689399383090163793576597631455538372926
EVODEX.2-Dm344,[#6:64]-[#6:65](=[#8:66])-[#16:67]-[#6:68]>>[#6](-[#6]=[#8])(-[#6:65](-[#6:64])=[#8:66])(-[#1])-[#1].[#16:67](-[#6:68])-[#1],"EVODEX.2-P1587,EVODEX.2-P1594,EVODEX.2-P1595,EVODEX.2-P1673,EVODEX.2-P1674",35323777802052811661596151593785473732636297781472200832725742759543364921135
EVODEX.2-Dm345,[#6:47]-[#16:48]-[#1].[#6:61]-[#6:62](=[#8:63])-[#6:64](-[#6:65]=[#8:66])(-[#1:178])-[#1:179]>>[#6:47]-[#16:48]-[#6:62](-[#6:61])=[#8:63].[#6:64](-[#6:65]=[#8:66])(-[#1:178])(-[#1:179])-[#1],"EVODEX.2-P1588,EVODEX.2-P1591,EVODEX.2-P1612,EVODEX.2-P1834,EVODEX.2-P1838",71262229391263163362657284269497824298977325015025657828277939877706002367628
EVODEX.2-Dm346,[#6:1](-[#6:2]=[#8:3])(-[#1:105])(-[#1:106])-[#1].[#6:54]-[#6:55](=[#8:56])-[#16]-[#6]>>[#6:1](-[#6:2]=[#8:3])(-[#6:55](-[#6:54])=[#8:56])(-[#1:105])-[#1:106],"EVODEX.2-P1590,EVODEX.2-P1593,EVODEX.2-P1833,EVODEX.2-P1836,EVODEX.2-P1837",26327975934964422165966096487480147391215165415528554609495888596533127751692
EVODEX.2-Dm347,[#6:53]-[#6:54](=[#8:55])-[#6:56](-[#6:57]=[#8:58])(-[#1:154])-[#1:155]>>[#6]-[#16]-[#6:54](-[#6:53])=[#8:55].[#6:56](-[#6:57]=[#8:58])(-[#1:154])(-[#1:155])-[#1],"EVODEX.2-P1592,EVODEX.2-P1613,EVODEX.2-P1830,EVODEX.2-P1831,EVODEX.2-P1839",36370529790677580899239098025248399441304754978666881665659260348089840480510
EVODEX.2-Dm348,[#6:1]-[#6:2](=[#8:3])-[#16]-[#6].[#8:52](-[#1])-[#1]>>[#6:1]-[#6:2](=[#8:3])-[#8:52]-[#1],"EVODEX.2-P1602,EVODEX.2-P3634,EVODEX.2-P3636,EVODEX.2-P3638,EVODEX.2-P5427",81186985281946547434755297077938249942304269486996867253913445917824481960129
EVODEX.2-Dm349,[#6:5]-[#6:6](=[#8:7])-[#16]-[#6]>>[#6:5]-[#6:6](=[#8:7])-[#8]-[#1],"EVODEX.2-P1603,EVODEX.2-P3337,EVODEX.2-P3639,EVODEX.2-P3641,EVODEX.2-P6177",42685992062099595630360608656639995031465243764495240581244895375248944037681
EVODEX.2-Dm352,[#8:26](-[#6@:25])-[#1].[#6:87]-[#16:88]-[#6:89](=[#8:90])-[#6:91]1:[#6:92]:[#6:93]:[#6:94]:[#6:95]:[#6:96]:1>>[#8:26](-[#6@:25])-[#6:89](=[#8:90])-[#6:91]1:[#6:92]:[#6:93]:[#6:94]:[#6:95]:[#6:96]:1.[#6:87]-[#16:88]-[#1],"EVODEX.2-P1606,EVODEX.2-P1664,EVODEX.2-P1666,EVODEX.2-P1668,EVODEX.2-P1670",106231736432694453300752969618783548554485535166802112193548912069382634532714
EVODEX.2-Dm353,[#6:1]=[#6:2]-[#8:3]-[#6:4](-[#6:5])=[#8:6].[#8:23](-[#6@:22])-[#1]>>[#6:4](-[#6:5])(=[#8:6])-[#8:23]-[#6@:22].[#6:1]=[#6:2]-[#8:3]-[#1],"EVODEX.2-P1607,EVODEX.2-P3513,EVODEX.2-P3519,EVODEX.2-P3601,EVODEX.2-P3604",107306128218523256518512124421310638247778656300289950166268139931506621005513
EVODEX.2-Dm354,[#6:2]-[#6:6](=[#8:7])-[#16:8]-[#6:9].[#8:56](-[#6:57])-[#1]>>[#6:2]-[#6:6](=[#8:7])-[#8:56]-[#6:57].[#16:8](-[#6:9])-[#1],"EVODEX.2-P1611,EVODEX.2-P1708,EVODEX.2-P1711,EVODEX.2-P1793,EVODEX.2-P1811",7597368785571762351418189385295788562128969554901677492243341965336682233958
EVODEX.2-Dm356,[#6:41]-[#8:42]-[#1].[#6:6]-[#16:7]-[#6:8](=[#8:9])-[#6:10]=[#6:12]>>[#6:8](=[#8:9])(-[#6:10]=[#6:12])-[#8:42]-[#6:41].[#6:6]-[#16:7]-[#1],"EVODEX.2-P1617,EVODEX.2-P1624,EVODEX.2-P1626,EVODEX.2-P1631,EVODEX.2-P1842",100199069190161698741876019816212538510103809742827921866528780151526139006937
EVODEX.2-Dm357,[#6:2]=[#6:3]-[#6:5](=[#8:6])-[#16]-[#6].[#6:63]-[#8:64]-[#1]>>[#6:2]=[#6:3]-[#6:5](=[#8:6])-[#8:64]-[#6:63],"EVODEX.2-P1625,EVODEX.2-P1627,EVODEX.2-P1630,EVODEX.2-P1632,EVODEX.2-P1635",110306063913424595830859648372999523989090792449843564859391919576729858763938
EVODEX.2-Dm359,[#6:1]-[#6:2](=[#8:3])-[#16]-[#6].[#8:52](-[#6:53](-[#6:54])(-[#6:59])-[#1:103])-[#1]>>[#6:1]-[#6:2](=[#8:3])-[#8:52]-[#6@@:53](-[#6:54])(-[#6:59])-[#1:103],"EVODEX.2-P1629,EVODEX.2-P1691,EVODEX.2-P1727,EVODEX.2-P1844,EVODEX.2-P1846",66871254503697648013331219143005535743876130659001837560985854373608355757224
EVODEX.2-Dm360,[#6:3]-[#6:4](=[#8:5])-[#16]-[#6].[#8:54]=[#15:55]-[#8:56]-[#1]>>[#6:3]-[#6:4](=[#8:5])-[#8:56]-[#15:55]=[#8:54],"EVODEX.2-P1643,EVODEX.2-P1651,EVODEX.2-P1653,EVODEX.2-P1656,EVODEX.2-P1722",108258838327242597732194337087715980446569781292281298221207682174299864653746
EVODEX.2-Dm361,[#6:3]-[#6:4](=[#8:5])-[#16]-[#6]>>[#6:3]-[#6:4](=[#8:5])-[#8]-[#15]=[#8],"EVODEX.2-P1644,EVODEX.2-P1646,EVODEX.2-P1652,EVODEX.2-P1657,EVODEX.2-P1661",23087233170428935180772350229552451991965843503990232020213964171455443652931
EVODEX.2-Dm362,[#6:3]-[#6:4](=[#8:5])-[#16:6]-[#6:7]>>[#6:3]-[#6:4](=[#8:5])-[#8]-[#15]=[#8].[#16:6](-[#6:7])-[#1],"EVODEX.2-P1645,EVODEX.2-P1647,EVODEX.2-P1649,EVODEX.2-P1658,EVODEX.2-P1660",8357788316056999568950109165480045738936877431339485347617758678507895401148
EVODEX.2-Dm363,[#6:1]-[#6:2](=[#8:3])-[#16:4]-[#6:5].[#8:52]=[#15:53]-[#8:54]-[#1]>>[#6:1]-[#6:2](=[#8:3])-[#8:54]-[#15:53]=[#8:52].[#16:4](-[#6:5])-[#1],"EVODEX.2-P1648,EVODEX.2-P1650,EVODEX.2-P1654,EVODEX.2-P1655,EVODEX.2-P1659",48413580732341484724947298484144289105242521059935228946452835301160213935505
EVODEX.2-Dm364,[#8:57](-[#6:58])-[#1]>>[#6](=[#8])(-[#6]1:[#6]:[#6]:[#6]:[#6]:[#6]:1)-[#8:57]-[#6:58],"EVODEX.2-P1665,EVODEX.2-P1667,EVODEX.2-P1669,EVODEX.2-P1671,EVODEX.2-P1847",12036432731073785417095978655840077348757271345380499830813271377415882017216
EVODEX.2-Dm365,[#6:45]-[#16:46]-[#1].[#6:64]-[#6:65](=[#8:66])-[#16]-[#6]>>[#6:45]-[#16:46]-[#6:65](-[#6:64])=[#8:66],"EVODEX.2-P1688,EVODEX.2-P1689,EVODEX.2-P1765,EVODEX.2-P1767,EVODEX.2-P1778",28775830211586185559319479996666332186773280932929161970243527217015099439785
EVODEX.2-Dm366,[#6:19]-[#6@@:20](-[#8:21]-[#1])(-[#6:22])-[#1:131].[#6:47]-[#6:48](=[#8:49])-[#16:50]-[#6:51]>>[#6:19]-[#6:20](-[#8:21]-[#6:48](-[#6:47])=[#8:49])(-[#6:22])-[#1:131].[#16:50](-[#6:51])-[#1],"EVODEX.2-P1692,EVODEX.2-P1726,EVODEX.2-P1754,EVODEX.2-P1843,EVODEX.2-P1845",38558258636700519620466874018349138541800362863022622740035244949033472418267
EVODEX.2-Dm367,[#6:1]-[#6:2](=[#8:3])-[#16:4]-[#6:5].[#6:57]-[#7:58](-[#6@@:55])-[#1]>>[#6:1]-[#6:2](=[#8:3])-[#7:58](-[#6@:55])-[#6:57].[#16:4](-[#6:5])-[#1],"EVODEX.2-P1700,EVODEX.2-P1758,EVODEX.2-P1760,EVODEX.2-P1816,EVODEX.2-P1820",107102005719918266820014460829850106432508980150672585729623386013939061791092
EVODEX.2-Dm368,[#6:56]-[#7:57](-[#6:58])-[#1]>>[#6]-[#6](=[#8])-[#7:57](-[#6:56])-[#6:58],"EVODEX.2-P1701,EVODEX.2-P1759,EVODEX.2-P1815,EVODEX.2-P1818,EVODEX.2-P1821",77173152256711592283454537695113333337838473085441575333475537047903780982128
EVODEX.2-Dm369,[#6:1]-[#6:2](=[#8:3])-[#8:4]-[#6:5]>>[#6:1]-[#6:2](=[#8:3])-[#16]-[#6].[#8:4](-[#6:5])-[#1],"EVODEX.2-P1703,EVODEX.2-P1710,EVODEX.2-P1720,EVODEX.2-P1721,EVODEX.2-P1723",15344347473882634885820818379552918147582336569799658485608168020348141682841
EVODEX.2-Dm370,[#6:1]-[#6:2](=[#8:3])-[#7:4](-[#6@@:5])-[#1].[#7:13](-[#6@@:14])(-[#1])-[#1]>>[#6:1]-[#6:2](=[#8:3])-[#7:13](-[#6@@:14])-[#1].[#7:4](-[#6@@:5])(-[#1])-[#1],"EVODEX.2-P1712,EVODEX.2-P1856,EVODEX.2-P1864,EVODEX.2-P1868,EVODEX.2-P4957",70668532688985838269484337346859048170720283888032776013151276771236625401389
EVODEX.2-Dm372,[#6:1]-[#6:2](=[#8:3])-[#16]-[#6].[#6:58]-[#7:59](-[#6@:55])-[#1]>>[#6:1]-[#6:2](=[#8:3])-[#7:59](-[#6@@:55])-[#6:58],"EVODEX.2-P1714,EVODEX.2-P1764,EVODEX.2-P1814,EVODEX.2-P1817,EVODEX.2-P1819",41563550148087106946822731976185168028609159841086536868374557178136176274618
EVODEX.2-Dm373,[#6]-[#16]-[#6:49](=[#8:50])-[#6:51].[#6:59]-[#6@:60](-[#7:61])(-[#6](=[#8])-[#8])-[#1:114]>>[#6:49](=[#8:50])(-[#6:51])-[#6:60](-[#6:59])(-[#7:61])-[#1:114],"EVODEX.2-P1728,EVODEX.2-P1732,EVODEX.2-P1734,EVODEX.2-P1740,EVODEX.2-P1743",112152091236454302357379556201272934289196330345120297440198352480936181888543
EVODEX.2-Dm374,[#6]-[#16]-[#6:49](=[#8:50])-[#6:51].[#6:59]-[#6@:60](-[#7:61])(-[#6:62](=[#8:63])-[#8:64]-[#1])-[#1:114]>>[#6:49](=[#8:50])(-[#6:51])-[#6:60](-[#6:59])(-[#7:61])-[#1:114].[#6:62](=[#8:63])=[#8:64],"EVODEX.2-P1729,EVODEX.2-P1737,EVODEX.2-P1744,EVODEX.2-P1746,EVODEX.2-P1748",59541381812143185294705451324177925101703768118875650418534329407873584602297
EVODEX.2-Dm375,[#6:1]-[#6:2](=[#8:3])-[#16:4]-[#6:5].[#6:58]-[#6@:59](-[#7:60])(-[#6:61](=[#8:62])-[#8:63]-[#1])-[#1:112]>>[#6:61](=[#8:62])=[#8:63].[#6:1]-[#6:2](=[#8:3])-[#6@:59](-[#6:58])(-[#7:60])-[#1:112].[#16:4](-[#6:5])-[#1],"EVODEX.2-P1731,EVODEX.2-P1735,EVODEX.2-P1736,EVODEX.2-P1738,EVODEX.2-P1741",73300095096869564925242550013773387157543564081522475869910851439968594068219
EVODEX.2-Dm376,[#6:2]-[#6:4](=[#8:5])-[#16:6]-[#6:7].[#6:60]-[#6@:61](-[#7:62])(-[#6](=[#8])-[#8])-[#1:118]>>[#6:2]-[#6:4](=[#8:5])-[#6@:61](-[#6:60])(-[#7:62])-[#1:118].[#16:6](-[#6:7])-[#1],"EVODEX.2-P1733,EVODEX.2-P1739,EVODEX.2-P1742,EVODEX.2-P1745,EVODEX.2-P1747",54125399933936674294543620418910020699422190582866583451753216590584807116751
EVODEX.2-Dm377,[#7:11](-[#6@:12])(-[#1])-[#1].[#7:1](-[#6:2](=[#8:3])-[#6:4])(-[#1])-[#1]>>[#6:2](=[#8:3])(-[#6:4])-[#7:11](-[#6@:12])-[#1].[#7:1](-[#1])(-[#1])-[#1],"EVODEX.2-P1854,EVODEX.2-P1870,EVODEX.2-P1872,EVODEX.2-P5198,EVODEX.2-P5200",91000307237188540931467279523103232257619816126565577890378766922513587319723
EVODEX.2-Dm378,[#7:11](-[#6:12])(-[#1])-[#1].[#7](-[#6:2](=[#8:3])-[#6:4])(-[#1])-[#1]>>[#6:2](=[#8:3])(-[#6:4])-[#7:11](-[#6:12])-[#1],"EVODEX.2-P1855,EVODEX.2-P1869,EVODEX.2-P1871,EVODEX.2-P5199,EVODEX.2-P5202",91521258392142409117939897632880486729955633626540664779408828582271151023153
EVODEX.2-Dm379,[#6:17]-[#6:18](=[#8:19])-[#7:20](-[#6:21]1:[#6:22]:[#6:23]:[#6:24](-[#7&+:25]=[#8:26]):[#6:28]:[#6:29]:1)-[#1].[#7:1](-[#6:2])(-[#1])-[#1]>>[#7:20](-[#6:21]1:[#6:22]:[#6:23]:[#6:24](-[#7&+:25]=[#8:26]):[#6:28]:[#6:29]:1)(-[#1])-[#1].[#7:1](-[#6:2])(-[#6:18](-[#6:17])=[#8:19])-[#1],"EVODEX.2-P1857,EVODEX.2-P1861,EVODEX.2-P1862,EVODEX.2-P1867,EVODEX.2-P1876",88255184679656026117827906614097218176965056580560192775012063324267407578583
EVODEX.2-Dm380,[#6:17]-[#6:18](=[#8:19])-[#7](-[#6]1:[#6]:[#6]:[#6](-[#7&+]=[#8]):[#6]:[#6]:1)-[#1].[#7:1](-[#6:2])(-[#1])-[#1]>>[#7:1](-[#6:2])(-[#6:18](-[#6:17])=[#8:19])-[#1],"EVODEX.2-P1858,EVODEX.2-P1860,EVODEX.2-P1877,EVODEX.2-P1878,EVODEX.2-P1880",55296734688118500016630249763529310013516113813713347259959294300478143897580
EVODEX.2-Dm382,([#7:18](-[#6@@:17])(-[#1])-[#1].[#6:20]-[#6:21](-[#7:22](-[#1])-[#1])=[#8:23])>>[#7:18](-[#6@:17])(-[#6:21](=[#8:23])-[#6:20])-[#1].[#7:22](-[#1])(-[#1])-[#1],"EVODEX.2-P1881,EVODEX.2-P1882,EVODEX.2-P1889,EVODEX.2-P1898,EVODEX.2-P1900",31344889910059775616640671608166300291330782922915215436929728205630581802537
EVODEX.2-Dm383,([#6:8](=[#8:9])-[#6@@:10](-[#7](-[#1])-[#1])(-[#6:12])-[#1:28].[#6:14](-[#7:15](-[#1])-[#1])=[#8:16])>>[#6:8](=[#8:9])-[#6@:10](-[#6:12])(-[#7:15](-[#6:14]=[#8:16])-[#1])-[#1:28],"EVODEX.2-P1883,EVODEX.2-P1884,EVODEX.2-P1886,EVODEX.2-P1895,EVODEX.2-P1899",113084153090893855061110526111514869962824723422039755626843782116457074706990
EVODEX.2-Dm384,([#7:1](-[#6:2]=[#8:3])(-[#1])-[#1].[#6:5]-[#6@:6](-[#7:7](-[#1])-[#1])(-[#6:8]=[#8:9])-[#1:21])>>[#7:7](-[#1])(-[#1])-[#1].[#7:1](-[#6:2]=[#8:3])(-[#6@@:6](-[#6:5])(-[#6:8]=[#8:9])-[#1:21])-[#1],"EVODEX.2-P1885,EVODEX.2-P1887,EVODEX.2-P1894,EVODEX.2-P1896,EVODEX.2-P1897",102239683773877807330160582900416756993145645779325116095402481976716345156821
EVODEX.2-Dm385,([#7:16](-[#6@@:15])(-[#1])-[#1].[#6:18]-[#6:19](-[#7](-[#1])-[#1])=[#8:21])>>[#7:16](-[#6@:15])(-[#6:19](=[#8:21])-[#6:18])-[#1],"EVODEX.2-P1888,EVODEX.2-P1890,EVODEX.2-P1891,EVODEX.2-P1892,EVODEX.2-P1893",77049016610841126946154620570253629998324116029097776029620147232228650192277
EVODEX.2-Dm386,[#6:4]-[#6:5](=[#8:6])-[#7:7](-[#7:8])-[#1].[#8:20](-[#1])-[#1]>>[#6:4]-[#6:5](=[#8:6])-[#8:20]-[#1].[#7:7](-[#7:8])(-[#1])-[#1],"EVODEX.2-P1901,EVODEX.2-P1903,EVODEX.2-P5227,EVODEX.2-P5321,EVODEX.2-P5405",44284552703519138196592243303278089984049132903126653417173892771987713110549
EVODEX.2-Dm387,[#6:4]-[#6:5](=[#8:6])-[#7:7](-[#7:8])-[#1]>>[#6:4]-[#6:5](=[#8:6])-[#8]-[#1].[#7:7](-[#7:8])(-[#1])-[#1],"EVODEX.2-P1902,EVODEX.2-P1904,EVODEX.2-P4239,EVODEX.2-P4929,EVODEX.2-P5268",85173939688927624804093868128552059309648316167645864538974662015728652916530
EVODEX.2-Dm388,[#6:1](-[#6:2](=[#8:3])-[#16:4]-[#6:5])(-[#1:62])(-[#1:63])-[#1].[#6:56]-[#6:57](=[#8:58])-[#6:59]=[#8:60]>>[#6:1](-[#6:2](=[#8:3])-[#8]-[#1])(-[#6:57](-[#6:56])(-[#8:58]-[#1])-[#6:59]=[#8:60])(-[#1:62])-[#1:63].[#16:4](-[#6:5])-[#1],"EVODEX.2-P1905,EVODEX.2-P1918,EVODEX.2-P1927,EVODEX.2-P1930,EVODEX.2-P1937",1242458501111501526861048139194068194239959257815400041802497557671275103015
EVODEX.2-Dm389,[#6:1](-[#6:2](=[#8:3])-[#16]-[#6])(-[#1:62])(-[#1:63])-[#1].[#6:56]-[#6:57](=[#8:58])-[#6:59]=[#8:60]>>[#6:1](-[#6:2](=[#8:3])-[#8]-[#1])(-[#6:57](-[#6:56])(-[#8:58]-[#1])-[#6:59]=[#8:60])(-[#1:62])-[#1:63],"EVODEX.2-P1906,EVODEX.2-P1919,EVODEX.2-P1924,EVODEX.2-P1932,EVODEX.2-P1938",71843776499673306405706380174825094571375372469783055778020317621107252613384
EVODEX.2-Dm390,[#6:56]-[#6:57](=[#8:58])-[#6:59]=[#8:60]>>[#6](-[#6]=[#8])(-[#6:57](-[#6:56])(-[#8:58]-[#1])-[#6:59]=[#8:60])(-[#1])-[#1],"EVODEX.2-P1907,EVODEX.2-P1910,EVODEX.2-P1920,EVODEX.2-P1925,EVODEX.2-P1929",94675233873517258478276983518272359518726009913507225426580780747728845546105
EVODEX.2-Dm391,[#6:1](-[#6:2](=[#8:3])-[#16]-[#6])(-[#1:62])(-[#1:63])-[#1].[#6:56]-[#6:57](=[#8:58])-[#6:59]=[#8:60].[#8:52](-[#1])-[#1]>>[#6:1](-[#6:2](=[#8:3])-[#8:52]-[#1])(-[#6:57](-[#6:56])(-[#8:58]-[#1])-[#6:59]=[#8:60])(-[#1:62])-[#1:63],"EVODEX.2-P1908,EVODEX.2-P1912,EVODEX.2-P1921,EVODEX.2-P1933,EVODEX.2-P1939",13575931919941736049579275553751571838342421527717043669453625789181330173214
EVODEX.2-Dm392,[#6:1](-[#6:2](=[#8:3])-[#16:4]-[#6:5])(-[#1:61])(-[#1:62])-[#1].[#6:53]-[#6:55](=[#8:56])-[#6:57]=[#8:58].[#8:60](-[#1])-[#1]>>[#6:1](-[#6:2](=[#8:3])-[#8:60]-[#1])(-[#6@@:55](-[#6:53])(-[#8:56]-[#1])-[#6:57]=[#8:58])(-[#1:61])-[#1:62].[#16:4](-[#6:5])-[#1],"EVODEX.2-P1909,EVODEX.2-P1911,EVODEX.2-P1923,EVODEX.2-P1928,EVODEX.2-P1931",15740627249637226374588602442033235410021057684799235577951016614012935085035
EVODEX.2-Dm393,[#6:54]-[#6:55](=[#8:56])-[#6:57]=[#8:58].[#8:60](-[#1])-[#1]>>[#6](-[#6](=[#8])-[#8:60]-[#1])(-[#6:55](-[#6:54])(-[#8:56]-[#1])-[#6:57]=[#8:58])(-[#1])-[#1],"EVODEX.2-P1913,EVODEX.2-P1926,EVODEX.2-P1934,EVODEX.2-P1935,EVODEX.2-P1936",57031722830826225013391120667065591778438504135478441188069340729548568022021
EVODEX.2-Dm394,[#6:2]-[#6:4](=[#8:5])-[#6:6]=[#8:7].[#6:9]-[#6:10](-[#6:11](=[#8:12])-[#16:13]-[#6:14])(-[#1:73])-[#1].[#8:61](-[#1])-[#1]>>[#6:2]-[#6:4](-[#8:5]-[#1])(-[#6:6]=[#8:7])-[#6:10](-[#6:9])(-[#6:11](=[#8:12])-[#8:61]-[#1])-[#1:73].[#16:13](-[#6:14])-[#1],"EVODEX.2-P1914,EVODEX.2-P1922,EVODEX.2-P1941,EVODEX.2-P1946,EVODEX.2-P1950",42885288784171122646830277336144333105053659909604717932532293509931500713583
EVODEX.2-Dm395,[#6:2]-[#6:4](=[#8:5])-[#6:6]=[#8:7].[#6:9]-[#6:10](-[#6:11](=[#8:12])-[#16]-[#6])(-[#1:73])-[#1]>>[#6:2]-[#6:4](-[#8:5]-[#1])(-[#6:6]=[#8:7])-[#6:10](-[#6:9])(-[#6:11](=[#8:12])-[#8]-[#1])-[#1:73],"EVODEX.2-P1915,EVODEX.2-P1944,EVODEX.2-P1947,EVODEX.2-P1949,EVODEX.2-P1952",96279511284882319077842908130466405199483502870539746085780242866244406752524
EVODEX.2-Dm396,[#6:2]-[#6:4](=[#8:5])-[#6:6]=[#8:7].[#6:10]-[#6:11](-[#6:12](=[#8:13])-[#16]-[#6])(-[#1:76])-[#1].[#8:62](-[#1])-[#1]>>[#6:2]-[#6:4](-[#8:5]-[#1])(-[#6:6]=[#8:7])-[#6:11](-[#6:10])(-[#6:12](=[#8:13])-[#8:62]-[#1])-[#1:76],"EVODEX.2-P1916,EVODEX.2-P1917,EVODEX.2-P1942,EVODEX.2-P1951,EVODEX.2-P1954",80586073992251789426303170361044893270651921490799542048438878508540958898513
EVODEX.2-Dm397,[#6:8]-[#6:9](-[#6:10](=[#8:11])-[#16:12]-[#6:13])(-[#1:87])-[#1].[#6:64]-[#6:65](=[#8:66])-[#6:67]=[#8:68]>>[#6:8]-[#6:9](-[#6:10](=[#8:11])-[#8]-[#1])(-[#6:65](-[#6:64])(-[#8:66]-[#1])-[#6:67]=[#8:68])-[#1:87].[#16:12](-[#6:13])-[#1],"EVODEX.2-P1940,EVODEX.2-P1943,EVODEX.2-P1945,EVODEX.2-P1948,EVODEX.2-P1953",62296750060092490680386191486810099018746925005210434047127663401990676767094
EVODEX.2-Dm398,[#6:47]-[#16:48]-[#1].[#8:67]-[#15:68](=[#8:69])(-[#8:70])-[#8:71]-[#15:72]=[#8:73]>>[#6:47]-[#16:48]-[#6](-[#6])=[#8].[#8:67]-[#15:68](=[#8:69])(-[#8:70])-[#8]-[#1].[#8:71](-[#15:72]=[#8:73])-[#1],"EVODEX.2-P1955,EVODEX.2-P1956,EVODEX.2-P6040,EVODEX.2-P6068,EVODEX.2-P6139",106257911786090798643865255417301883535162237288670940977414252474770815225572
EVODEX.2-Dm399,[#6]-[#6](=[#8])-[#16:4]-[#6:5].[#8:68]-[#15:69](=[#8:70])(-[#8]-[#1])-[#8:72].[#8:89]=[#15:90]-[#8:91]-[#1]>>[#8:68]-[#15:69](=[#8:70])(-[#8:72])-[#8:91]-[#15:90]=[#8:89].[#16:4](-[#6:5])-[#1],"EVODEX.2-P1957,EVODEX.2-P6065,EVODEX.2-P6070,EVODEX.2-P6072,EVODEX.2-P6137",101856047230832216039596498816212242852497489375932813044103131736687092375544
EVODEX.2-Dm400,[#8:1]=[#15:2]-[#8:3]-[#1].[#8:9]-[#6@:10](-[#8:11]-[#6@:12])(-[#6@:78])-[#1:91]>>[#8:1]=[#15:2]-[#8:3]-[#6@@:10](-[#8:9])(-[#6@:78])-[#1:91].[#8:11](-[#6@:12])-[#1],"EVODEX.2-P1958,EVODEX.2-P1962,EVODEX.2-P2068,EVODEX.2-P2070,EVODEX.2-P2078",54144311346936632502471348028073689463962743252918161204970120192740434050852
EVODEX.2-Dm402,[#8:14]-[#6@:15](-[#8:16]-[#6@:17])(-[#6@:28])-[#1:62]>>[#8]=[#15]-[#8]-[#6@@:15](-[#8:14])(-[#6@:28])-[#1:62].[#8:16](-[#6@:17])-[#1],"EVODEX.2-P1961,EVODEX.2-P2051,EVODEX.2-P2053,EVODEX.2-P2065,EVODEX.2-P2066",43618149716377505709529054464761744925163036383985201810260154488309186961297
EVODEX.2-Dm403,[#8:1](-[#6:2])-[#1].[#8:49]-[#6@@:50](-[#6:51])(-[#8]-[#6@])-[#6@@:65]>>[#8:1](-[#6:2])-[#6@@:50](-[#6:51])(-[#8:49])-[#6@@:65],"EVODEX.2-P1963,EVODEX.2-P1965,EVODEX.2-P1966,EVODEX.2-P2014,EVODEX.2-P2016",5615317282214611179305124329588679942959499571180006370116932235818808022800
EVODEX.2-Dm404,[#8:1](-[#6:2])-[#1]>>[#8:1](-[#6:2])-[#6@@](-[#6])(-[#8])-[#6@@],"EVODEX.2-P1964,EVODEX.2-P2007,EVODEX.2-P2011,EVODEX.2-P2015,EVODEX.2-P2133",94706303743357902901444414155250991582290279498224788717149339166838570137175
EVODEX.2-Dm405,[#8:33](-[#6@:32](-[#6@:31])(-[#8:58])-[#1:96])-[#15:34]=[#8:35]>>[#8](-[#6@@:32](-[#6@:31])(-[#8:58])-[#1:96])-[#1].[#8:33](-[#15:34]=[#8:35])-[#1],"EVODEX.2-P1968,EVODEX.2-P2004,EVODEX.2-P3677,EVODEX.2-P3888,EVODEX.2-P5681",94821025378180415246875205752659244060540468582020682363035836331040880868802
EVODEX.2-Dm407,[#15:102](=[#8:103])-[#8:105]-[#6@](-[#8])(-[#6@@])-[#1]>>[#15:102](=[#8:103])-[#8:105]-[#1],"EVODEX.2-P1970,EVODEX.2-P1975,EVODEX.2-P1986,EVODEX.2-P1995,EVODEX.2-P1996",23135219864798625257371715596861511477986156299960330129202462124180697114493
EVODEX.2-Dm408,[#6:141]1:[#6:142]:[#6:143]:[#6:144](-[#8:145]-[#1]):[#6:146]:[#6:147]:1.[#15:102](=[#8:103])-[#8:105]-[#6@:106](-[#8:107])(-[#6@@:115])-[#1:405]>>[#15:102](=[#8:103])-[#8:105]-[#1].[#6:106](-[#8:145]-[#6:144]1:[#6:143]:[#6:142]:[#6:141]:[#6:147]:[#6:146]:1)(-[#8:107])(-[#6@@:115])-[#1:405],"EVODEX.2-P1973,EVODEX.2-P1974,EVODEX.2-P1979,EVODEX.2-P1980,EVODEX.2-P1982",19970921004595647875535817821894420236636118852039743391659334867684170936987
EVODEX.2-Dm409,[#15:39](=[#8:40])-[#8:41]-[#1]>>[#8:41](-[#6@@](-[#8])(-[#6@])-[#1])-[#15:39]=[#8:40],"EVODEX.2-P1981,EVODEX.2-P2124,EVODEX.2-P2125,EVODEX.2-P2130,EVODEX.2-P2131",58882193346877862074333047101859891642474262291122980999749178570576920616191
EVODEX.2-Dm410,[#6:3]1:[#6:4]:[#6:5](-[#6:6]2:[#8:7]:[#6:8]3:[#6:9]:[#6:10]:[#6:12]:[#6:13]:[#6:15]:3:[#6:16](=[#8:17]):[#6:18]:2-[#8:19]-[#1]):[#6:20]:[#6:21]:[#6:22]:1.[#15](=[#8])-[#8]-[#6@@:42](-[#8:43])(-[#6@:51])-[#1:80]>>[#6:3]1:[#6:4]:[#6:5](-[#6:6]2:[#8:7]:[#6:8]3:[#6:9]:[#6:10]:[#6:12]:[#6:13]:[#6:15]:3:[#6:16](=[#8:17]):[#6:18]:2-[#8:19]-[#6@:42](-[#8:43])(-[#6@:51])-[#1:80]):[#6:20]:[#6:21]:[#6:22]:1,"EVODEX.2-P1983,EVODEX.2-P2034,EVODEX.2-P2056,EVODEX.2-P2136,EVODEX.2-P2165",25994922859657489098645272680434610989198364649618264751480236304128363886950
EVODEX.2-Dm412,[#15:15](=[#8:16])-[#8:18]-[#6@@:19](-[#8:20])(-[#6@:28])-[#1:62].[#6:43]1:[#7:44]:[#6:45]:[#7:46]:[#6:47]2:[#7:48]:[#6:49]:[#7:50](:[#6:51]:1:2)-[#1]>>[#7:50]1(-[#6@@:19](-[#8:20])(-[#6@:28])-[#1:62]):[#6:49]:[#7:48]:[#6:47]2:[#7:46]:[#6:45]:[#7:44]:[#6:43]:[#6:51]:1:2.[#15:15](=[#8:16])-[#8:18]-[#1],"EVODEX.2-P1988,EVODEX.2-P1989,EVODEX.2-P1990,EVODEX.2-P1991,EVODEX.2-P2166",32641448837500878925950790691389712199525076766013623241155390064195710806435
EVODEX.2-Dm415,[#6:17](=[#8:18])-[#8:19]-[#1].[#8](-[#6@:25](-[#6@:24])(-[#8:51])-[#1:77])-[#15]=[#8]>>[#6:17](=[#8:18])-[#8:19]-[#6@@:25](-[#6@:24])(-[#8:51])-[#1:77],"EVODEX.2-P1999,EVODEX.2-P2020,EVODEX.2-P2021,EVODEX.2-P2026,EVODEX.2-P2031",115497111756407915720024254160163344156056112105941242660147097185863947695335
EVODEX.2-Dm416,[#8:55](-[#6@@:54](-[#6@:52])(-[#6@:56])-[#1:141])-[#1].[#8](-[#6@:65](-[#6@:64])(-[#8:91])-[#1:152])-[#15]=[#8]>>[#6:54](-[#6@:52])(-[#8:55]-[#6@:65](-[#6@:64])(-[#8:91])-[#1:152])(-[#6@:56])-[#1:141],"EVODEX.2-P2001,EVODEX.2-P2044,EVODEX.2-P2087,EVODEX.2-P2089,EVODEX.2-P2092",29900763506146570721871265690391508326825515201654967503222233663063527712920
EVODEX.2-Dm419,[#8:11](-[#6@@:10])-[#1].[#8:27]-[#6@@:28](-[#6:29])(-[#8:31]-[#6@@:32](-[#8:33])(-[#6@:41])-[#1:76])-[#6@@:43]>>[#8:11](-[#6@@:10])-[#6@:28](-[#6:29])(-[#8:27])-[#6@@:43].[#8:31](-[#6:32](-[#8:33])(-[#6@:41])-[#1:76])-[#1],"EVODEX.2-P2010,EVODEX.2-P2012,EVODEX.2-P2013,EVODEX.2-P2017,EVODEX.2-P2138",114524229782212658315867647930604198804028878175067630499903393464671335459184
EVODEX.2-Dm421,[#8:5]-[#6@:6](-[#8:7]-[#15:8]=[#8:9])(-[#6@:32])-[#1:62].[#8:38]=[#6:39]1:[#6:40](-[#8:41]-[#1]):[#6:42](-[#6:43]2:[#6:44]:[#6:45]:[#6:46]:[#6:48]:[#6:50]:2):[#8:51]:[#6:52]2:[#6:53]:[#6:54]:[#6:56]:[#6:57]:[#6:59]:1:2>>[#8:5]-[#6:6](-[#8:41]-[#6:40]1:[#6:39](=[#8:38]):[#6:59]2:[#6:52](:[#8:51]:[#6:42]:1-[#6:43]1:[#6:44]:[#6:45]:[#6:46]:[#6:48]:[#6:50]:1):[#6:53]:[#6:54]:[#6:56]:[#6:57]:2)(-[#6@:32])-[#1:62].[#8:7](-[#15:8]=[#8:9])-[#1],"EVODEX.2-P2033,EVODEX.2-P2077,EVODEX.2-P2134,EVODEX.2-P2135,EVODEX.2-P2164",55570900385143676578020570674953926771426927696992875289041725758234452491581
EVODEX.2-Dm422,[#15:15](=[#8:16])-[#8:18]-[#6@@:19](-[#8:20])(-[#6@:28])-[#1:63].[#8:37](-[#6:38])-[#1]>>[#8:37](-[#6@:19](-[#8:20])(-[#6@:28])-[#1:63])-[#6:38].[#15:15](=[#8:16])-[#8:18]-[#1],"EVODEX.2-P2036,EVODEX.2-P2069,EVODEX.2-P2086,EVODEX.2-P2104,EVODEX.2-P2114",17214633919610763486585808052671759334096579267310111722475444766400340991729
EVODEX.2-Dm424,[#8:4]-[#6@@:5](-[#6:6])(-[#8:8]-[#6@@:9](-[#8:10])(-[#6@:18])-[#1:54])-[#6@@:20].[#8:46](-[#6@@:45])-[#1]>>[#8:46](-[#6@:9](-[#8:10])(-[#6@:18])-[#1:54])-[#6@@:45].[#8:4]-[#6:5](-[#6:6])(-[#8:8]-[#1])-[#6@@:20],"EVODEX.2-P2081,EVODEX.2-P2082,EVODEX.2-P2095,EVODEX.2-P2096,EVODEX.2-P2099",102434472233148307106005763888646573401320837732437046400436337224945869953901
EVODEX.2-Dm426,[#8:7](-[#6@:6](-[#6@:5])(-[#8:32])-[#1:123])-[#15:8]=[#8:9].[#6:116]-[#6@:115](-[#6@:67])(-[#8:117]-[#1])-[#1:214]>>[#8:117](-[#6@:6](-[#6@:5])(-[#8:32])-[#1:123])-[#6:115](-[#6@:67])(-[#6:116])-[#1:214].[#8:7](-[#15:8]=[#8:9])-[#1],"EVODEX.2-P2088,EVODEX.2-P2090,EVODEX.2-P2091,EVODEX.2-P2137,EVODEX.2-P2159",30310403914251183815890659353330451031170225897541399449129749818207992403055
EVODEX.2-Dm427,[#15:57](=[#8:58])-[#8:59]-[#1].[#15:78](=[#8:79])-[#8:81]-[#6@@:82](-[#8:83])(-[#6@@:91])-[#1:200]>>[#15:57](=[#8:58])-[#8:59]-[#6@:82](-[#8:83])(-[#6@@:91])-[#1:200].[#15:78](=[#8:79])-[#8:81]-[#1],"EVODEX.2-P2100,EVODEX.2-P2102,EVODEX.2-P2126,EVODEX.2-P2128,EVODEX.2-P3183",67874503575442004818529483995053195797602863421889724802930593638091947910262
EVODEX.2-Dm428,[#8:1]=[#7&+:2]-[#6:4]1:[#6:5]:[#6:6]:[#6:7](-[#8:8]-[#6@@:9](-[#8:10])(-[#6@:18])-[#1:58]):[#6:20]:[#6:21]:1.[#8:22](-[#6:23])-[#1]>>[#8:22](-[#6@@:9](-[#8:10])(-[#6@:18])-[#1:58])-[#6:23].[#8:1]=[#7&+:2]-[#6:4]1:[#6:5]:[#6:6]:[#6:7](-[#8:8]-[#1]):[#6:20]:[#6:21]:1,"EVODEX.2-P2112,EVODEX.2-P2122,EVODEX.2-P3901,EVODEX.2-P3902,EVODEX.2-P3943",17071212643130384614714164137448046990298381717293548114196057606722247787992
EVODEX.2-Dm429,[#8]=[#7&+]-[#6]1:[#6]:[#6]:[#6](-[#8]-[#6@@:9](-[#8:10])(-[#6@:18])-[#1:58]):[#6]:[#6]:1.[#8:22](-[#6:23])-[#1]>>[#8:22](-[#6@@:9](-[#8:10])(-[#6@:18])-[#1:58])-[#6:23],"EVODEX.2-P2113,EVODEX.2-P3942,EVODEX.2-P3973,EVODEX.2-P3976,EVODEX.2-P3980",82093727054629274238127516646478540113298049330003805920997659903322886260872
EVODEX.2-Dm430,[#8:6]-[#6@:7](-[#6:8](-[#8:9])(-[#1:30])-[#1:31])(-[#6@@:10])-[#1:29].[#8:19]=[#15:20]-[#8:21]-[#1]>>[#8:6]-[#6@:7](-[#8:21]-[#15:20]=[#8:19])(-[#6@@:10])-[#1:29].[#6:8](-[#8:9])(-[#1:30])(-[#1:31])-[#1],"EVODEX.2-P2139,EVODEX.2-P2147,EVODEX.2-P2150,EVODEX.2-P2153,EVODEX.2-P2155",36117938846361271306057007646071863125425818117488783841831883170157816744310
EVODEX.2-Dm431,[#8:6]-[#6@:7](-[#6](-[#8])(-[#1])-[#1])(-[#6@@:10])-[#1:29].[#8:19]=[#15:20]-[#8:21]-[#1]>>[#8:6]-[#6@:7](-[#8:21]-[#15:20]=[#8:19])(-[#6@@:10])-[#1:29],"EVODEX.2-P2140,EVODEX.2-P2142,EVODEX.2-P2144,EVODEX.2-P2151,EVODEX.2-P2156",40784615534749861316953297224588213549727270315404592900882896008001928440372
EVODEX.2-Dm432,[#8:6]-[#6@:7](-[#6:8](-[#8:9])(-[#1:30])-[#1:31])(-[#6@@:10])-[#1:29]>>[#8:6]-[#6@:7](-[#8]-[#15]=[#8])(-[#6@@:10])-[#1:29].[#6:8](-[#8:9])(-[#1:30])(-[#1:31])-[#1],"EVODEX.2-P2141,EVODEX.2-P2143,EVODEX.2-P2146,EVODEX.2-P2149,EVODEX.2-P2158",8833181351958385576732250854884876149757007185901015920616644552464026337921
EVODEX.2-Dm433,[#8:13]-[#6@:14](-[#6](-[#8])(-[#1])-[#1])(-[#6@@:17])-[#1:29]>>[#8]=[#15]-[#8]-[#6@@:14](-[#8:13])(-[#6@@:17])-[#1:29],"EVODEX.2-P2145,EVODEX.2-P2148,EVODEX.2-P2152,EVODEX.2-P2154,EVODEX.2-P2157",79877447599650454680469283519512861740973279399931296386204799922314143564945
EVODEX.2-Dm435,[#6:13]-[#8:14]-[#1].[#8:39]-[#6@:40](-[#8]-[#15]=[#8])(-[#6:62]=[#8:63])-[#6:65]>>[#6:13]-[#8:14]-[#6@:40](-[#6:62]=[#8:63])(-[#8:39])-[#6:65],"EVODEX.2-P2168,EVODEX.2-P2169,EVODEX.2-P2171,EVODEX.2-P2174,EVODEX.2-P2182",199628471231817201860907918044207431242662098667232301931027346787016523376
EVODEX.2-Dm436,[#6:47]-[#8:48]-[#1]>>[#8]-[#6@@](-[#6]=[#8])(-[#8:48]-[#6:47])-[#6],"EVODEX.2-P2170,EVODEX.2-P2176,EVODEX.2-P2177,EVODEX.2-P2178,EVODEX.2-P2179",108691202698318307513926901729757567945881695039164413956726563280145751416976
EVODEX.2-Dm437,[#6:38]-[#8:39]-[#1].[#8:77]-[#6@:78](-[#8:79]-[#15:80]=[#8:81])(-[#6:100]=[#8:101])-[#6:103]>>[#6:38]-[#8:39]-[#6@@:78](-[#6:100]=[#8:101])(-[#8:77])-[#6:103].[#8:79](-[#15:80]=[#8:81])-[#1],"EVODEX.2-P2172,EVODEX.2-P2173,EVODEX.2-P2175,EVODEX.2-P2180,EVODEX.2-P2181",26419822344048946631209985431816137964602003764771986137007327232792162143551
EVODEX.2-Dm438,[#6:1](=[#6:2](-[#6:3])-[#6:4](-[#6:5])(-[#1:39])-[#1])(-[#1:34])-[#1:35].[#6:21]=[#6:23]-[#6:24](-[#8:25]-[#15:26]=[#8:27])(-[#1:61])-[#1:62]>>[#6:1](/[#6:2](-[#6:3])=[#6:4](/[#6:5])-[#1:39])(-[#6:24](-[#6:23]=[#6:21])(-[#1:61])-[#1:62])(-[#1:34])-[#1:35].[#8:25](-[#15:26]=[#8:27])-[#1],"EVODEX.2-P2183,EVODEX.2-P2236,EVODEX.2-P2238,EVODEX.2-P2239,EVODEX.2-P2241",113254675339950296229700123636574950879452355083257979767765103523464638043193
EVODEX.2-Dm439,[#6:1](=[#6:2](-[#6:3])-[#6:4](-[#6:5])(-[#1:39])-[#1])(-[#1:34])-[#1:35].[#6:21]=[#6:23]-[#6:24](-[#8]-[#15]=[#8])(-[#1:61])-[#1:62]>>[#6:1](/[#6:2](-[#6:3])=[#6:4](/[#6:5])-[#1:39])(-[#6:24](-[#6:23]=[#6:21])(-[#1:61])-[#1:62])(-[#1:34])-[#1:35],"EVODEX.2-P2184,EVODEX.2-P2185,EVODEX.2-P2237,EVODEX.2-P2240,EVODEX.2-P2242",89203405334005750397947263319946515062065727466840696961783321338593753153096
EVODEX.2-Dm440,[#6]-[#16&+](-[#6:3](-[#6:4])(-[#1:35])-[#1:36])-[#6].[#7:25](-[#6:26])(-[#1])-[#1]>>[#6:3](-[#6:4])(-[#7:25](-[#6:26])-[#1])(-[#1:35])-[#1:36],"EVODEX.2-P2186,EVODEX.2-P2215,EVODEX.2-P2231,EVODEX.2-P2235,EVODEX.2-P2260",3897522247732426158680736110029774806017713117947299063181868610635525904205
EVODEX.2-Dm441,[#6:1]-[#16&+:2](-[#6:3](-[#6:4])(-[#1:33])-[#1:34])-[#6:7].[#7:25](-[#6:26])(-[#1])-[#1]>>[#6:3](-[#6:4])(-[#7:25](-[#6:26])-[#1])(-[#1:33])-[#1:34].[#6:1]-[#16:2]-[#6:7],"EVODEX.2-P2187,EVODEX.2-P2189,EVODEX.2-P2191,EVODEX.2-P2225,EVODEX.2-P2234",24057153833809577485625939158552089886771132268389652717197541576833817721382
EVODEX.2-Dm442,[#7:25](-[#6:26])(-[#1])-[#1]>>[#6](-[#6])(-[#7:25](-[#6:26])-[#1])(-[#1])-[#1],"EVODEX.2-P2188,EVODEX.2-P2190,EVODEX.2-P2216,EVODEX.2-P2232,EVODEX.2-P2233",11093692410201715136325381706427742724429842198806169262630534532520638650080
EVODEX.2-Dm443,[#6:22]1:[#6:23](:[#7:24]:[#6:25]2:[#6:26]:[#6:27]:[#6:28]:[#6:29]:[#6:30]:1:2)-[#1].[#6:2]=[#6:4]-[#6:5](-[#8:6]-[#15:7]=[#8:8])(-[#1:56])-[#1:57]>>[#6:2]=[#6:4]-[#6:5](-[#6:23]1:[#6:22]:[#6:30]2:[#6:25](:[#7:24]:1):[#6:26]:[#6:27]:[#6:28]:[#6:29]:2)(-[#1:56])-[#1:57].[#8:6](-[#15:7]=[#8:8])-[#1],"EVODEX.2-P2192,EVODEX.2-P2195,EVODEX.2-P2200,EVODEX.2-P2202,EVODEX.2-P2205",20311508486202125206230426280863896482516456408200739096123739732127076117575
EVODEX.2-Dm444,[#6:22]1:[#6:23](:[#7:24]:[#6:25]2:[#6:26]:[#6:27]:[#6:28]:[#6:29]:[#6:30]:1:2)-[#1]>>[#6]=[#6]-[#6](-[#6:23]1:[#6:22]:[#6:30]2:[#6:25](:[#7:24]:1):[#6:26]:[#6:27]:[#6:28]:[#6:29]:2)(-[#1])-[#1],"EVODEX.2-P2193,EVODEX.2-P2197,EVODEX.2-P2199,EVODEX.2-P2201,EVODEX.2-P2204",108677082182705509925788221231581294576116679551528548381397506274472121667373
EVODEX.2-Dm445,[#6:2]=[#6:4]-[#6:5](-[#8]-[#15]=[#8])(-[#1:40])-[#1:41].[#6:23]1:[#6:24](:[#7:25]:[#6:26]2:[#6:27]:[#6:28]:[#6:29]:[#6:30]:[#6:31]:1:2)-[#1]>>[#6:2]=[#6:4]-[#6:5](-[#6:24]1:[#6:23]:[#6:31]2:[#6:26](:[#7:25]:1):[#6:27]:[#6:28]:[#6:29]:[#6:30]:2)(-[#1:40])-[#1:41],"EVODEX.2-P2194,EVODEX.2-P2196,EVODEX.2-P2198,EVODEX.2-P2203,EVODEX.2-P2206",70128419207575497129564962158132276713266239016393770933614455449826933614624
EVODEX.2-Dm446,[#6:20]1:[#6:21]:[#7:22]:[#6:23]2:[#6:24](:[#6:25]:[#6:26]:[#6:27]:[#6:28]:1:2)-[#1]>>[#6]=[#6]-[#6](-[#6:24]1:[#6:23]2:[#7:22]:[#6:21]:[#6:20]:[#6:28]:2:[#6:27]:[#6:26]:[#6:25]:1)(-[#1])-[#1],"EVODEX.2-P2207,EVODEX.2-P2214,EVODEX.2-P2378,EVODEX.2-P2379,EVODEX.2-P2382",26486244748074635317848343560116498223102045499988894047266984823993227202756
EVODEX.2-Dm447,[#6:2]=[#6:4]-[#6:5](-[#8:6]-[#15:7]=[#8:8])(-[#1:47])-[#1:48].[#6:20]1:[#6:21]:[#7:22]:[#6:23]2:[#6:24](:[#6:25]:[#6:26]:[#6:27]:[#6:28]:1:2)-[#1]>>[#6:2]=[#6:4]-[#6:5](-[#6:24]1:[#6:23]2:[#7:22]:[#6:21]:[#6:20]:[#6:28]:2:[#6:27]:[#6:26]:[#6:25]:1)(-[#1:47])-[#1:48].[#8:6](-[#15:7]=[#8:8])-[#1],"EVODEX.2-P2208,EVODEX.2-P2211,EVODEX.2-P2212,EVODEX.2-P2246,EVODEX.2-P2380",73000152134611607210897551045228110002512890265851554703362979423454069511448
EVODEX.2-Dm448,[#6:2]=[#6:4]-[#6:5](-[#8]-[#15]=[#8])(-[#1:47])-[#1:48].[#6:20]1:[#6:21]:[#7:22]:[#6:23]2:[#6:24](:[#6:25]:[#6:26]:[#6:27]:[#6:28]:1:2)-[#1]>>[#6:2]=[#6:4]-[#6:5](-[#6:24]1:[#6:23]2:[#7:22]:[#6:21]:[#6:20]:[#6:28]:2:[#6:27]:[#6:26]:[#6:25]:1)(-[#1:47])-[#1:48],"EVODEX.2-P2209,EVODEX.2-P2210,EVODEX.2-P2213,EVODEX.2-P2247,EVODEX.2-P2381",45452230163599953765653713266312479889783234309589762636137163679140920737971
EVODEX.2-Dm449,[#6:18](=[#8:19])-[#6:20]1:[#6:21]:[#6:23](:[#6:24]:[#6:26]:[#6:27]:1)-[#1].[#6:2]=[#6:4]-[#6:5](-[#8]-[#15]=[#8])(-[#1:48])-[#1:49]>>[#6:2]=[#6:4]-[#6:5](-[#6:23]1:[#6:21]:[#6:20](-[#6:18]=[#8:19]):[#6:27]:[#6:26]:[#6:24]:1)(-[#1:48])-[#1:49],"EVODEX.2-P2217,EVODEX.2-P2221,EVODEX.2-P2223,EVODEX.2-P2372,EVODEX.2-P2377",52452574479696953036254476911011850923479118734744024385738610998618590903215
EVODEX.2-Dm450,[#6:19](=[#8:20])-[#6:21]1:[#6:22]:[#6:24](:[#6:25]:[#6:27]:[#6:28]:1)-[#1].[#6:2]=[#6:4]-[#6:5](-[#8:6]-[#15:7]=[#8:8])(-[#1:51])-[#1:52]>>[#6:2]=[#6:4]-[#6:5](-[#6:24]1:[#6:22]:[#6:21](-[#6:19]=[#8:20]):[#6:28]:[#6:27]:[#6:25]:1)(-[#1:51])-[#1:52].[#8:6](-[#15:7]=[#8:8])-[#1],"EVODEX.2-P2218,EVODEX.2-P2220,EVODEX.2-P2222,EVODEX.2-P2224,EVODEX.2-P2374",76036169240308022769611875141115957941483320630487073430816092563570318286811
EVODEX.2-Dm451,[#6:19](=[#8:20])-[#6:21]1:[#6:22]:[#6:24](:[#6:25]:[#6:27]:[#6:28]:1)-[#1]>>[#6]=[#6]-[#6](-[#6:24]1:[#6:22]:[#6:21](-[#6:19]=[#8:20]):[#6:28]:[#6:27]:[#6:25]:1)(-[#1])-[#1],"EVODEX.2-P2219,EVODEX.2-P2371,EVODEX.2-P2373,EVODEX.2-P2375,EVODEX.2-P2376",88896081754328209149997741524887150625239157529085267409407140311460883801259
EVODEX.2-Dm452,[#6:30]/[#6:31](=[#6:32](\[#6:33])-[#6:34])-[#1:121].[#6:49](-[#6@:48])(-[#8:50]-[#15:51]=[#8:52])(-[#1:141])-[#1]>>[#6:30]-[#6:31]1(-[#6:32](-[#6:33])(-[#6:34])-[#6:49]-1(-[#6@:48])-[#1:141])-[#1:121].[#8:50](-[#15:51]=[#8:52])-[#1],"EVODEX.2-P2226,EVODEX.2-P2227,EVODEX.2-P2228,EVODEX.2-P2229,EVODEX.2-P2230",27131965462367252964768227392419635128458899141118385928933181673566806705154
EVODEX.2-Dm453,[#6:2]=[#6:4]-[#6:5](-[#8:6]-[#15:7]=[#8:8])(-[#1:37])-[#1:38].[#6:18]1:[#6:19]:[#7:20]:[#6:21]2:[#6:22]:[#6:23]:[#6:24]:[#6:25](:[#6:26]:1:2)-[#1]>>[#6:2]=[#6:4]-[#6:5](-[#6:25]1:[#6:24]:[#6:23]:[#6:22]:[#6:21]2:[#7:20]:[#6:19]:[#6:18]:[#6:26]:1:2)(-[#1:37])-[#1:38].[#8:6](-[#15:7]=[#8:8])-[#1],"EVODEX.2-P2243,EVODEX.2-P2249,EVODEX.2-P2251,EVODEX.2-P2252,EVODEX.2-P2253",31074539818032259413820739133406454982177434505209914099561244224639181854014
EVODEX.2-Dm454,[#6:2]=[#6:4]-[#6:5](-[#8]-[#15]=[#8])(-[#1:37])-[#1:38].[#6:18]1:[#6:19]:[#7:20]:[#6:21]2:[#6:22]:[#6:23]:[#6:24]:[#6:25](:[#6:26]:1:2)-[#1]>>[#6:2]=[#6:4]-[#6:5](-[#6:25]1:[#6:24]:[#6:23]:[#6:22]:[#6:21]2:[#7:20]:[#6:19]:[#6:18]:[#6:26]:1:2)(-[#1:37])-[#1:38],"EVODEX.2-P2244,EVODEX.2-P2245,EVODEX.2-P2250,EVODEX.2-P2256,EVODEX.2-P2258",34111714801552487571323990167754909401763289696289952653973216520173467363995
EVODEX.2-Dm455,[#6:20]1:[#6:21]:[#7:22]:[#6:23]2:[#6:24]:[#6:25]:[#6:26]:[#6:27](:[#6:28]:1:2)-[#1]>>[#6]=[#6]-[#6](-[#6:27]1:[#6:26]:[#6:25]:[#6:24]:[#6:23]2:[#7:22]:[#6:21]:[#6:20]:[#6:28]:1:2)(-[#1])-[#1],"EVODEX.2-P2248,EVODEX.2-P2254,EVODEX.2-P2255,EVODEX.2-P2257,EVODEX.2-P2259",95186931608628402097953547825111853936053978617794907420958103435730952511265
EVODEX.2-Dm456,[#6:5]-[#6:6](-[#7:7](-[#6:8])-[#1])(-[#1:20])-[#1:21].[#7:1](-[#1])(-[#1])-[#1]>>[#7:1](-[#6:6](-[#6:5])(-[#1:20])-[#1:21])(-[#1])-[#1].[#7:7](-[#6:8])(-[#1])-[#1],"EVODEX.2-P2262,EVODEX.2-P2263,EVODEX.2-P2264,EVODEX.2-P2265,EVODEX.2-P2267",18948480222808463416793164951499726929469396388638711698348586093855135633414
EVODEX.2-Dm457,[#6:11]-[#16:12]-[#1].[#6:2](=[#8:3])-[#8:4]-[#6:5](-[#6@:6])(-[#1:20])-[#1:21]>>[#6:5](-[#6@:6])(-[#16:12]-[#6:11])(-[#1:20])-[#1:21].[#6:2](=[#8:3])-[#8:4]-[#1],"EVODEX.2-P2268,EVODEX.2-P2272,EVODEX.2-P2275,EVODEX.2-P2278,EVODEX.2-P2293",56377405615156322936171940831557210779956624493735976722818645390195148118682
EVODEX.2-Dm458,[#6:11]-[#16:12]-[#1].[#6](=[#8])-[#8]-[#6:5](-[#6@:6])(-[#1:20])-[#1:21]>>[#6:5](-[#6@:6])(-[#16:12]-[#6:11])(-[#1:20])-[#1:21],"EVODEX.2-P2269,EVODEX.2-P2282,EVODEX.2-P2284,EVODEX.2-P2287,EVODEX.2-P2295",31137925804320383215185645709493059142431657969839326936885478472310548483021
EVODEX.2-Dm460,[#6:4]-[#16:5]-[#6:6](-[#6@:7])(-[#1:23])-[#1:24]>>[#6:6](-[#6@:7])(-[#8]-[#1])(-[#1:23])-[#1:24].[#6:4]-[#16:5]-[#1],"EVODEX.2-P2273,EVODEX.2-P3581,EVODEX.2-P4416,EVODEX.2-P4418,EVODEX.2-P5943",1501140892717862718059773874017360798552487114086810828140380603864422801852
EVODEX.2-Dm461,[#6:6]-[#16:7]-[#6:8](-[#6@:9])(-[#1:23])-[#1:24]>>[#6](=[#8])-[#8]-[#6:8](-[#6@:9])(-[#1:23])-[#1:24].[#6:6]-[#16:7]-[#1],"EVODEX.2-P2277,EVODEX.2-P2289,EVODEX.2-P2291,EVODEX.2-P2294,EVODEX.2-P2301",44808579444646270530364573672378470217390412053700610393236066812143625124416
EVODEX.2-Dm462,[#6]-[#6](-[#16:5]-[#6:6])(-[#1])-[#1]>>[#16:5](-[#6:6])-[#1],"EVODEX.2-P2279,EVODEX.2-P2281,EVODEX.2-P2286,EVODEX.2-P2297,EVODEX.2-P2300",28351916368224319360876128045735163749519070171922245201093106391657312840221
EVODEX.2-Dm463,[#6:2](=[#8:3])-[#8:4]-[#1].[#6:7]-[#6:8](-[#16:9]-[#6:10])(-[#1:28])-[#1:29]>>[#6:2](=[#8:3])-[#8:4]-[#6:8](-[#6:7])(-[#1:28])-[#1:29].[#16:9](-[#6:10])-[#1],"EVODEX.2-P2280,EVODEX.2-P2285,EVODEX.2-P2288,EVODEX.2-P2290,EVODEX.2-P2299",47688823740013723764036231003825351042829968314412734800517002348713727981852
EVODEX.2-Dm464,[#8]=[#6]-[#6](=[#8])-[#6](-[#6@@:7](-[#8:8]-[#1])(-[#6@:9])-[#1:30])(-[#1])-[#1]>>[#6:7](=[#8:8])(-[#6@:9])-[#1:30],"EVODEX.2-P2303,EVODEX.2-P5916,EVODEX.2-P5917,EVODEX.2-P5921,EVODEX.2-P5928",33106706476217109475202745547926799080134031548622041125850915398876346877182
EVODEX.2-Dm465,[#8:12]=[#6:13](-[#6@:14])-[#1:31]>>[#6](-[#6](=[#8])-[#6]=[#8])(-[#6@@:13](-[#8:12]-[#1])(-[#6@:14])-[#1:31])(-[#1])-[#1],"EVODEX.2-P2304,EVODEX.2-P5878,EVODEX.2-P5918,EVODEX.2-P5919,EVODEX.2-P5927",22565647342294930050981293499024563685799905899460031614935443876247779338092
EVODEX.2-Dm467,[#6:12]=[#6:14]-[#6:15](-[#8:16]-[#15:17]=[#8:18])(-[#1:78])-[#1:79].[#6:47]-[#16:48]-[#1]>>[#6:12]=[#6:14]-[#6:15](-[#16:48]-[#6:47])(-[#1:78])-[#1:79].[#8:16](-[#15:17]=[#8:18])-[#1],"EVODEX.2-P2306,EVODEX.2-P2322,EVODEX.2-P2323,EVODEX.2-P2324,EVODEX.2-P2329",36641165896297755828160080433157465281338059895655059357220334043020250546051
EVODEX.2-Dm468,[#6:17]=[#6:19]-[#6:20](-[#8:21]-[#15:22]=[#8:23])(-[#1:109])-[#1:110]>>[#6:17]=[#6:19]-[#6:20](-[#16]-[#6])(-[#1:109])-[#1:110].[#8:21](-[#15:22]=[#8:23])-[#1],"EVODEX.2-P2307,EVODEX.2-P2312,EVODEX.2-P2313,EVODEX.2-P2314,EVODEX.2-P2316",9832998854520173339017380660175209376634028221286512992775660697787544719468
EVODEX.2-Dm469,[#6:2]=[#6:3]-[#6:4](-[#8]-[#15]=[#8])(-[#1:80])-[#1:81]>>[#6:2]=[#6:3]-[#6:4](-[#16]-[#6])(-[#1:80])-[#1:81],"EVODEX.2-P2308,EVODEX.2-P2311,EVODEX.2-P2315,EVODEX.2-P2317,EVODEX.2-P2318",70894355304031614870501422309435856155388644996680608470498360756424628075802
EVODEX.2-Dm470,[#6:12]=[#6:14]-[#6:15](-[#8]-[#15]=[#8])(-[#1:96])-[#1:97].[#6:42]-[#16:43]-[#1]>>[#6:12]=[#6:14]-[#6:15](-[#16:43]-[#6:42])(-[#1:96])-[#1:97],"EVODEX.2-P2319,EVODEX.2-P2320,EVODEX.2-P2325,EVODEX.2-P2326,EVODEX.2-P2327",93112075718179714040993575005624841617121215971626858138356987076369577242332
EVODEX.2-Dm471,[#6:1]-[#16:2]-[#6:3].[#6:23](-[#6@:22])(-[#8:24]-[#15:25]=[#8:26])(-[#1:59])-[#1:60]>>[#6:1]-[#16&+:2](-[#6:3])-[#6:23](-[#6@:22])(-[#1:59])-[#1:60].[#8:24](-[#15:25]=[#8:26])-[#1],"EVODEX.2-P2335,EVODEX.2-P2338,EVODEX.2-P2343,EVODEX.2-P2347,EVODEX.2-P2366",56540974325523849641548386050309377397906480386254108868560801486222785128051
EVODEX.2-Dm472,[#6:1]-[#16:2]-[#6:3].[#6:23](-[#6@:22])(-[#8:24]-[#15:25](=[#8:26])(-[#8:27])-[#8]-[#15]=[#8])(-[#1:59])-[#1:60].[#8:41](-[#1])-[#1]>>[#6:1]-[#16&+:2](-[#6:3])-[#6:23](-[#6@:22])(-[#1:59])-[#1:60].[#8:24](-[#15:25](=[#8:26])(-[#8:27])-[#8:41]-[#1])-[#1],"EVODEX.2-P2336,EVODEX.2-P2344,EVODEX.2-P2348,EVODEX.2-P2355,EVODEX.2-P2360",26215839016538014408926289036439767005839945277677832519548923984707391764085
EVODEX.2-Dm474,[#6:4]-[#16:5]-[#6:6].[#8:44](-[#1])-[#1]>>[#6:4]-[#16&+:5](-[#6:6])-[#6](-[#6@])(-[#1])-[#1].[#8]-[#15](=[#8])(-[#8])-[#8:44]-[#1],"EVODEX.2-P2339,EVODEX.2-P2352,EVODEX.2-P2353,EVODEX.2-P2357,EVODEX.2-P2362",101979208573719108690512298751127464694706452746763103313699199903531123825143
EVODEX.2-Dm475,[#6:2]-[#16:3]-[#6:4]>>[#6:2]-[#16&+:3](-[#6:4])-[#6](-[#6@])(-[#1])-[#1],"EVODEX.2-P2340,EVODEX.2-P2346,EVODEX.2-P2354,EVODEX.2-P2359,EVODEX.2-P2368",62618680252040131091352173719114188252880906320257071059008031834317600672991
EVODEX.2-Dm476,[#6:2]-[#16:3]-[#6:4].[#6:24](-[#6@:23])(-[#8]-[#15]=[#8])(-[#1:62])-[#1:63]>>[#6:2]-[#16&+:3](-[#6:4])-[#6:24](-[#6@:23])(-[#1:62])-[#1:63],"EVODEX.2-P2341,EVODEX.2-P2345,EVODEX.2-P2349,EVODEX.2-P2356,EVODEX.2-P2367",110265716400704420123156657997933068798793896106156239437827390874479155200279
EVODEX.2-Dm477,[#6:3]-[#16:4]-[#6:5].[#6:25](-[#6@:24])(-[#8:26]-[#15:27](=[#8:28])(-[#8:29])-[#8:30]-[#15:31]=[#8:32])(-[#1:63])-[#1:64].[#8:43](-[#1])-[#1]>>[#6:3]-[#16&+:4](-[#6:5])-[#6:25](-[#6@:24])(-[#1:63])-[#1:64].[#8:26](-[#15:27](=[#8:28])(-[#8:29])-[#8:43]-[#1])-[#1].[#8:30](-[#15:31]=[#8:32])-[#1],"EVODEX.2-P2342,EVODEX.2-P2358,EVODEX.2-P2364,EVODEX.2-P2365,EVODEX.2-P2369",38781789007721588531401600909984143785079888088951820137605525954601375652167
EVODEX.2-Dm482,[#7:1]-[#6:2](-[#6:3]=[#8:4])(-[#1:18])-[#1].[#6:9]-[#6:10](-[#6](=[#8])-[#6]=[#8])(-[#1:24])-[#1:25]>>[#7:1]-[#6@:2](-[#6:3]=[#8:4])(-[#6:10](-[#6:9])(-[#1:24])-[#1:25])-[#1:18],"EVODEX.2-P2385,EVODEX.2-P2719,EVODEX.2-P2723,EVODEX.2-P2728,EVODEX.2-P2734",81400216290061642891012666081929792324018167742442279921156587230486269422226
EVODEX.2-Dm484,[#7:1](-[#6@:2](-[#6:3]=[#8:4])(-[#6@@:6])-[#1])(-[#1])-[#1].[#6:15]-[#6:16](=[#8:17])-[#6:18]=[#8:19]>>[#6:2](-[#6:3]=[#8:4])(-[#6@@:6])=[#8:17].[#7:1](-[#6:16](-[#6:15])(-[#6:18]=[#8:19])-[#1])(-[#1])-[#1],"EVODEX.2-P2388,EVODEX.2-P2523,EVODEX.2-P2752,EVODEX.2-P2764,EVODEX.2-P2777",19289699970765942619919903533565576078892691398218973096400295831790160521695
EVODEX.2-Dm491,[#6:7]-[#6:8](-[#7:9](-[#1])-[#1])(-[#1:33])-[#1].[#6:18]-[#6:19](=[#8:20])-[#6:21]=[#8:22]>>[#6:7]-[#6:8](=[#8:20])-[#1:33].[#7:9](-[#6:19](-[#6:18])(-[#6:21]=[#8:22])-[#1])(-[#1])-[#1],"EVODEX.2-P2399,EVODEX.2-P2419,EVODEX.2-P2480,EVODEX.2-P2483,EVODEX.2-P2768",54041030053694514498726056660463399743986117419352617317904587634782769540296
EVODEX.2-Dm494,[#6:24](-[#6@@:22])(=[#8:25])-[#6@@:26].[#7:35](-[#6@@:36](-[#6:37])(-[#6:42]=[#8:43])-[#1])(-[#1])-[#1]>>[#7:35](-[#6@@:24](-[#6@@:22])(-[#6@@:26])-[#1])(-[#1])-[#1].[#8:25]=[#6:36](-[#6:37])-[#6:42]=[#8:43],"EVODEX.2-P2402,EVODEX.2-P2500,EVODEX.2-P2662,EVODEX.2-P2663,EVODEX.2-P2789",20336361141234978025594989955127923327279813716173575784976660820080548738958
EVODEX.2-Dm496,[#6:10]-[#6@:11](-[#7:12](-[#1])-[#1])(-[#6:13]=[#8:14])-[#1].[#6:7]-[#6:8](=[#8:9])-[#1:38]>>[#6:7]-[#6:8](-[#7:12](-[#1])-[#1])(-[#1:38])-[#1].[#8:9]=[#6:11](-[#6:10])-[#6:13]=[#8:14],"EVODEX.2-P2413,EVODEX.2-P2429,EVODEX.2-P2482,EVODEX.2-P2484,EVODEX.2-P2652",63661775120684153118743118908425087750557194981245033907319466115182218244199
EVODEX.2-Dm498,[#6:3]-[#6:4](-[#6@:5](-[#7:6])(-[#6:7]=[#8:8])-[#1:22])(-[#1:20])-[#1:21]>>[#6:5](-[#7:6])(-[#6:7]=[#8:8])(-[#1:22])-[#1].[#6:3]-[#6:4](-[#6](=[#8])-[#6]=[#8])(-[#1:20])-[#1:21],"EVODEX.2-P2452,EVODEX.2-P2457,EVODEX.2-P2491,EVODEX.2-P2730,EVODEX.2-P2733",12171795745044088581194521849555366630126842977966252361188522681760091551642
EVODEX.2-Dm499,[#6:4]-[#6:5](-[#6@:6](-[#7:7])(-[#6:8]=[#8:9])-[#1:25])(-[#1:23])-[#1:24].[#8:11]=[#6:12](-[#6:13]=[#8:14])-[#1]>>[#6:6](-[#7:7])(-[#6:8]=[#8:9])(-[#1:25])-[#1].[#6:4]-[#6:5](-[#6:12](=[#8:11])-[#6:13]=[#8:14])(-[#1:23])-[#1:24],"EVODEX.2-P2453,EVODEX.2-P2455,EVODEX.2-P2456,EVODEX.2-P2587,EVODEX.2-P2725",62178820453648083365523229666412242621000796968698370464209229363958001301874
EVODEX.2-Dm500,[#6:4]-[#6:5](-[#6@](-[#7])(-[#6]=[#8])-[#1])(-[#1:23])-[#1:24].[#8:11]=[#6:12](-[#6:13]=[#8:14])-[#1]>>[#6:4]-[#6:5](-[#6:12](=[#8:11])-[#6:13]=[#8:14])(-[#1:23])-[#1:24],"EVODEX.2-P2454,EVODEX.2-P2588,EVODEX.2-P2722,EVODEX.2-P2726,EVODEX.2-P2729",57647299258214456647015082851482731712582478544119412322533718649250765957642
EVODEX.2-Dm501,[#6:1]-[#6:2](=[#8:3])-[#6:4]=[#8:5].[#7:7](-[#6:8](-[#6:9])(-[#6:21])-[#1])(-[#1])-[#1]>>[#6:1]-[#6:2](-[#6:4]=[#8:5])(-[#7:7](-[#1])-[#1])-[#1].[#8:3]=[#6:8](-[#6:9])-[#6:21],"EVODEX.2-P2465,EVODEX.2-P2468,EVODEX.2-P2470,EVODEX.2-P2689,EVODEX.2-P2794",83987918257340603320202933514605402559345297131869535046948897084833478115012
EVODEX.2-Dm502,[#7:1](-[#6:2](-[#6:3])(-[#1:17])-[#1])(-[#1])-[#1].[#8:9]=[#6:10](-[#6:11])-[#1:26]>>[#6:2](-[#6:3])(=[#8:9])-[#1:17].[#7:1](-[#6:10](-[#6:11])(-[#1:26])-[#1])(-[#1])-[#1],"EVODEX.2-P2476,EVODEX.2-P2477,EVODEX.2-P2478,EVODEX.2-P2779,EVODEX.2-P2780",113851905048740553203020003955441151566608351217177678628982678556350400727030
EVODEX.2-Dm503,[#7:1]-[#6@@:2](-[#6:3])(-[#6](=[#8])-[#8])-[#1:20]>>[#7:1]-[#6:2](-[#6:3])(-[#1:20])-[#1],"EVODEX.2-P2481,EVODEX.2-P5779,EVODEX.2-P5780,EVODEX.2-P5784,EVODEX.2-P5811",33943515904897824111552822122504711478921150996853348239484672220901322830269
EVODEX.2-Dm504,[#8]=[#6](-[#8])-[#6:11](-[#6:12])(-[#1:28])-[#1:29]>>[#6:11](-[#6:12])(-[#1:28])(-[#1:29])-[#1],"EVODEX.2-P2496,EVODEX.2-P3340,EVODEX.2-P5806,EVODEX.2-P5812,EVODEX.2-P5813",40732121478599892679575541446608262784875785791378117683844915582678520769164
EVODEX.2-Dm505,[#6:1]-[#6@:2](-[#7:3](-[#1])-[#1])(-[#6:4]=[#8:5])-[#1].[#6:8]1:[#7:9]:[#6:10]:[#6:11]:[#6:14](-[#6:15](=[#8:16])-[#1:33]):[#6:17]:1>>[#6:1]-[#6:2](-[#6:4]=[#8:5])=[#8:16].[#7:3](-[#6:15](-[#6:14]1:[#6:11]:[#6:10]:[#7:9]:[#6:8]:[#6:17]:1)(-[#1:33])-[#1])(-[#1])-[#1],"EVODEX.2-P2555,EVODEX.2-P2556,EVODEX.2-P2557,EVODEX.2-P2673,EVODEX.2-P5985",108369066901908470470562417192700301089634264578263427216715994273712034603409
EVODEX.2-Dm506,[#6:2]-[#6:4](-[#6:5](=[#8:6])-[#6:7]=[#8:8])(-[#1:22])-[#1:23].[#7:10]-[#6:11](-[#6:12]=[#8:13])(-[#1:27])-[#1]>>[#6:2]-[#6:4](-[#6@:11](-[#7:10])(-[#6:12]=[#8:13])-[#1:27])(-[#1:22])-[#1:23].[#6:5](=[#8:6])(-[#6:7]=[#8:8])-[#1],"EVODEX.2-P2589,EVODEX.2-P2706,EVODEX.2-P2716,EVODEX.2-P2718,EVODEX.2-P2731",54678504970979041993496180460156442630231055210018087531738812704227478363825
EVODEX.2-Dm507,[#6:11]-[#6@:12](-[#6:13](-[#1:25])(-[#1:26])-[#1:27])(-[#6@:14])-[#1:24].[#6:1]-[#6:2](-[#6@:3])(-[#1:35])-[#1]>>[#6:11]-[#6:12](-[#6@:14])(-[#1:24])-[#1].[#6:1]-[#6:2](-[#6@:3])(-[#6:13](-[#1:25])(-[#1:26])-[#1:27])-[#1:35],"EVODEX.2-P2602,EVODEX.2-P2604,EVODEX.2-P2612,EVODEX.2-P2613,EVODEX.2-P2616",97734317149506397849929650692307591315275772709116410663930104510814497262774
EVODEX.2-Dm508,[#6:11](-[#6:12])(-[#1:19])(-[#1:20])-[#1].[#6:1](-[#6:2](-[#6:3])(-[#1:33])-[#1:34])(-[#1:30])(-[#1:31])-[#1:32]>>[#6:1](-[#6:11](-[#6:12])(-[#1:19])-[#1:20])(-[#1:30])(-[#1:31])-[#1:32].[#6:2](-[#6:3])(-[#1:33])(-[#1:34])-[#1],"EVODEX.2-P2611,EVODEX.2-P2614,EVODEX.2-P2615,EVODEX.2-P2627,EVODEX.2-P2628",50275902208708497388251740335254581532168343410278162515394527558338968916645
EVODEX.2-Dm509,[#6:1]-[#6@:2](-[#7:3](-[#1])-[#1])(-[#6:4]=[#8:5])-[#1]>>[#6:1]-[#6:2](-[#6:4]=[#8:5])=[#8].[#7:3](-[#6](-[#6]=[#8])(-[#1])-[#1])(-[#1])-[#1],"EVODEX.2-P2636,EVODEX.2-P2639,EVODEX.2-P2642,EVODEX.2-P2648,EVODEX.2-P2650",14185580851161890881440031432491387508688203242775259882272437285971171432295
EVODEX.2-Dm510,[#6:4]-[#6@:5](-[#7:6](-[#1])-[#1])(-[#6:7]=[#8:8])-[#1].[#8:10]=[#6:11](-[#6:12]=[#8:13])-[#1:27]>>[#6:4]-[#6:5](-[#6:7]=[#8:8])=[#8:10].[#7:6](-[#6:11](-[#6:12]=[#8:13])(-[#1:27])-[#1])(-[#1])-[#1],"EVODEX.2-P2637,EVODEX.2-P2638,EVODEX.2-P2640,EVODEX.2-P2644,EVODEX.2-P2646",37740329203510048067576698328014118770793459658974442158109046350409529001308
EVODEX.2-Dm511,[#7](-[#6@@:2](-[#6:3])(-[#6:7]=[#8:8])-[#1])(-[#1])-[#1].[#8:10]=[#6](-[#6]=[#8])-[#1]>>[#6:2](-[#6:3])(-[#6:7]=[#8:8])=[#8:10],"EVODEX.2-P2641,EVODEX.2-P2643,EVODEX.2-P2645,EVODEX.2-P2647,EVODEX.2-P2649",22364965387767097490349770769635573318215385205086340629476184493296040684544
EVODEX.2-Dm512,[#6:3]-[#6:4](-[#6:5](=[#8:6])-[#6:7]=[#8:8])(-[#1:20])-[#1:21]>>[#6:3]-[#6:4](-[#6@](-[#7])(-[#6]=[#8])-[#1])(-[#1:20])-[#1:21].[#6:5](=[#8:6])(-[#6:7]=[#8:8])-[#1],"EVODEX.2-P2705,EVODEX.2-P2717,EVODEX.2-P2720,EVODEX.2-P2724,EVODEX.2-P2727",14528606722133404128533316313452496329099933263661057249617814858214381319820
EVODEX.2-Dm517,[#6:31]-[#8:32]-[#15:33](=[#8:34])(-[#8:35])-[#8:36]>>[#6]-[#8]-[#15:33](=[#8:34])(-[#8:35])-[#8:36].[#6:31]-[#8:32]-[#1],"EVODEX.2-P2827,EVODEX.2-P2990,EVODEX.2-P2991,EVODEX.2-P2992,EVODEX.2-P2994",83635580430533818152163119560005176150627766460529596593397502105614899034199
EVODEX.2-Dm519,[#6:8]-[#8:9]-[#1].[#15:38](=[#8:39])-[#8:41]-[#15:42](=[#8:43])(-[#8:44])-[#8:45]>>[#6:8]-[#8:9]-[#15:42](=[#8:43])(-[#8:44])-[#8:45].[#15:38](=[#8:39])-[#8:41]-[#1],"EVODEX.2-P2838,EVODEX.2-P2890,EVODEX.2-P2903,EVODEX.2-P2908,EVODEX.2-P2965",80510343387870381183261642784086671135759204571005675406845862219380834966993
EVODEX.2-Dm520,[#15:16](=[#8:17])-[#8:18]-[#1].[#8:24]=[#15:25](-[#8:26])(-[#8:27])-[#8:28]-[#6:29]>>[#15:16](=[#8:17])-[#8:18]-[#15:25](=[#8:24])(-[#8:26])-[#8:27].[#8:28](-[#6:29])-[#1],"EVODEX.2-P2839,EVODEX.2-P2850,EVODEX.2-P2851,EVODEX.2-P3096,EVODEX.2-P3175",77484828169980864387639865585583262646240054355102164654324421976988781565396
EVODEX.2-Dm522,[#15:20](=[#8:21])-[#8:23]-[#15:24](=[#8:25])(-[#8:26])-[#8:27].[#8:36]-[#6@:37]1(-[#6@:38](-[#8:39]-[#1])(-[#6@:40](-[#8:41])(-[#6@:46](-[#8:47])(-[#6@@:48](-[#8:49])(-[#6@@:54]-1(-[#8:55])-[#1:85])-[#1:82])-[#1:80])-[#1:77])-[#1:75])-[#1:74]>>[#15:20](=[#8:21])-[#8:23]-[#1].[#15:24](=[#8:25])(-[#8:26])(-[#8:27])-[#8:39]-[#6@@:38]1(-[#6@@:37](-[#8:36])(-[#6@:54](-[#8:55])(-[#6@@:48](-[#8:49])(-[#6@:46](-[#8:47])(-[#6@@:40]-1(-[#8:41])-[#1:77])-[#1:80])-[#1:82])-[#1:85])-[#1:74])-[#1:75],"EVODEX.2-P2855,EVODEX.2-P2959,EVODEX.2-P2960,EVODEX.2-P2962,EVODEX.2-P2963",110030994322951393556467419528918164078719277374813444743066796437491570599310
EVODEX.2-Dm524,[#6:27]-[#8:28]-[#15](=[#8])(-[#8])-[#8]>>[#6:27]-[#8:28]-[#1],"EVODEX.2-P2862,EVODEX.2-P2952,EVODEX.2-P3176,EVODEX.2-P3652,EVODEX.2-P3658",275013133313941859131992431618503523872844264833446787633218458189266129220
EVODEX.2-Dm526,[#6]=[#6](-[#8]-[#15:4](=[#8:5])(-[#8:6])-[#8:7])-[#6]=[#8].[#15:26](=[#8:27])-[#8:28]-[#1]>>[#15:4](=[#8:5])(-[#8:6])(-[#8:7])-[#8:28]-[#15:26]=[#8:27],"EVODEX.2-P2921,EVODEX.2-P2923,EVODEX.2-P2926,EVODEX.2-P2931,EVODEX.2-P5807",87207179113104648984080945085736801150164850757594044331818689633427586208043
EVODEX.2-Dm527,[#15:26](=[#8:27])-[#8:29]-[#15:30](=[#8:31])(-[#8:32])-[#8:33]>>[#6]=[#6](-[#8]-[#15:30](=[#8:31])(-[#8:32])-[#8:33])-[#6]=[#8].[#15:26](=[#8:27])-[#8:29]-[#1],"EVODEX.2-P2922,EVODEX.2-P2925,EVODEX.2-P2929,EVODEX.2-P2933,EVODEX.2-P5808",50523409823398820087636420634021979088278294309584063121892731442954025338946
EVODEX.2-Dm528,[#6:1](=[#6:2](-[#8:3]-[#15:4](=[#8:5])(-[#8:6])-[#8:7])-[#6:8]=[#8:9])(-[#1:37])-[#1:38].[#15:32](=[#8:33])-[#8:34]-[#1]>>[#6:1](-[#6:2](=[#8:3])-[#6:8]=[#8:9])(-[#1:37])(-[#1:38])-[#1].[#15:4](=[#8:5])(-[#8:6])(-[#8:7])-[#8:34]-[#15:32]=[#8:33],"EVODEX.2-P2924,EVODEX.2-P2927,EVODEX.2-P2928,EVODEX.2-P2930,EVODEX.2-P2932",92701892045094102627910433574007877279904574045922359125200930258462125731499
EVODEX.2-Dm532,[#6:28]-[#8:29]-[#1].[#8]=[#7&+]-[#6]1:[#6]:[#6]:[#6](-[#8]-[#15:9](=[#8:10])(-[#8:11])-[#8:12]):[#6]:[#6]:1>>[#15:9](=[#8:10])(-[#8:11])(-[#8:12])-[#8:29]-[#6:28],"EVODEX.2-P2984,EVODEX.2-P2986,EVODEX.2-P2987,EVODEX.2-P2995,EVODEX.2-P3670",96597972437716443357237594301913009661890986200725097467177582157234600611540
EVODEX.2-Dm533,[#6:8]-[#8:9]-[#1].[#8:22]=[#7&+:23]-[#6:25]1:[#6:26]:[#6:27]:[#6:28](-[#8:29]-[#15:30](=[#8:31])(-[#8:32])-[#8:33]):[#6:34]:[#6:35]:1>>[#6:8]-[#8:9]-[#15:30](=[#8:31])(-[#8:32])-[#8:33].[#8:22]=[#7&+:23]-[#6:25]1:[#6:26]:[#6:27]:[#6:28](-[#8:29]-[#1]):[#6:34]:[#6:35]:1,"EVODEX.2-P2985,EVODEX.2-P2988,EVODEX.2-P2989,EVODEX.2-P2996,EVODEX.2-P2997",20270751074610662760295367140243457357222827806457169507203578810911879703731
EVODEX.2-Dm534,[#6:9]-[#8:10]-[#1].[#8:18]=[#15:19](-[#8:20])(-[#8:21])-[#8:22]-[#6:23]1:[#6:24]:[#6:25]:[#6:26]:[#6:27]:[#6:28]:1>>[#6:9]-[#8:10]-[#15:19](=[#8:18])(-[#8:20])-[#8:21].[#8:22](-[#6:23]1:[#6:24]:[#6:25]:[#6:26]:[#6:27]:[#6:28]:1)-[#1],"EVODEX.2-P2998,EVODEX.2-P3000,EVODEX.2-P3001,EVODEX.2-P3005,EVODEX.2-P3008",95180193427200296402723858492754264306253905940708562003779226829998481783383
EVODEX.2-Dm535,[#6:9]-[#8:10]-[#1].[#8:18]=[#15:19](-[#8:20])(-[#8:21])-[#8]-[#6]1:[#6]:[#6]:[#6]:[#6]:[#6]:1>>[#6:9]-[#8:10]-[#15:19](=[#8:18])(-[#8:20])-[#8:21],"EVODEX.2-P2999,EVODEX.2-P3002,EVODEX.2-P3003,EVODEX.2-P3004,EVODEX.2-P3006",68433498929982764208541718576718835502880667133883147288774949319618379477527
EVODEX.2-Dm536,[#6:19]1:[#6:20]:[#6:21]:[#6:22](-[#8:23]-[#1]):[#6:24]:[#6:25]:1>>[#6:19]1:[#6:20]:[#6:21]:[#6:22](-[#8:23]-[#15](=[#8])(-[#8])-[#8]):[#6:24]:[#6:25]:1,"EVODEX.2-P3013,EVODEX.2-P3016,EVODEX.2-P3022,EVODEX.2-P3024,EVODEX.2-P3026",104177773215074711673420817781996769613223160203381632382158692664393702224584
EVODEX.2-Dm537,[#6:11]1:[#6:12]:[#6:13]:[#6:14](-[#8:15]-[#1]):[#6:16]:[#6:17]:1.[#15:81](=[#8:82])-[#8:84]-[#15:85](=[#8:86])(-[#8:87])-[#8:88]>>[#6:11]1:[#6:12]:[#6:13]:[#6:14](-[#8:15]-[#15:85](=[#8:86])(-[#8:87])-[#8:88]):[#6:16]:[#6:17]:1.[#15:81](=[#8:82])-[#8:84]-[#1],"EVODEX.2-P3014,EVODEX.2-P3017,EVODEX.2-P3020,EVODEX.2-P3023,EVODEX.2-P3027",105170394389876424459505009992253428248554730654396787781720702022176300478446
EVODEX.2-Dm538,[#6:42]1:[#6:43]:[#6:44]:[#6:45](-[#8:46]-[#1]):[#6:47]:[#6:48]:1.[#15](=[#8])-[#8]-[#15:84](=[#8:85])(-[#8:86])-[#8:87]>>[#6:42]1:[#6:43]:[#6:44]:[#6:45](-[#8:46]-[#15:84](=[#8:85])(-[#8:86])-[#8:87]):[#6:47]:[#6:48]:1,"EVODEX.2-P3015,EVODEX.2-P3018,EVODEX.2-P3019,EVODEX.2-P3021,EVODEX.2-P3025",81073763227269138532055401957911794268470090021568120123914830578770121712737
EVODEX.2-Dm539,[#6:55](=[#7:56])-[#7:57](-[#1])-[#1].[#15:80](=[#8:81])-[#8:83]-[#15:84](=[#8:85])(-[#8:86])-[#8:87]>>[#6:55](=[#7:56])-[#7:57](-[#15:84](=[#8:85])(-[#8:86])-[#8:87])-[#1].[#15:80](=[#8:81])-[#8:83]-[#1],"EVODEX.2-P3031,EVODEX.2-P3066,EVODEX.2-P3067,EVODEX.2-P3074,EVODEX.2-P3081",100330023317757470076328352995433331185100570105998314328318773865012982784917
EVODEX.2-Dm540,[#6:55](=[#7:56])-[#7:57](-[#1])-[#1].[#15](=[#8])-[#8]-[#15:84](=[#8:85])(-[#8:86])-[#8:87]>>[#6:55](=[#7:56])-[#7:57](-[#15:84](=[#8:85])(-[#8:86])-[#8:87])-[#1],"EVODEX.2-P3032,EVODEX.2-P3056,EVODEX.2-P3064,EVODEX.2-P3070,EVODEX.2-P3072",81763284601874161433509217132799390777914354781121684876492777779084516005867
EVODEX.2-Dm541,[#6:2](=[#8:3])-[#8:4]-[#15:5](=[#8:6])(-[#8:7])-[#8:8]>>[#6:2](=[#8:3])-[#8:4]-[#1].[#15:5](=[#8:6])(-[#8:7])(-[#8:8])-[#8]-[#15]=[#8],"EVODEX.2-P3033,EVODEX.2-P3036,EVODEX.2-P3039,EVODEX.2-P3041,EVODEX.2-P3042",60182882183842044592022503374721443958746444754213417904907951954978537331841
EVODEX.2-Dm544,[#15:16](=[#8:17])-[#8:19]-[#15:20](=[#8:21])(-[#8:22])-[#8:23]>>[#15:16](=[#8:17])-[#8:19]-[#1].[#15:20](=[#8:21])(-[#8:22])(-[#8:23])-[#8]-[#6]=[#8],"EVODEX.2-P3047,EVODEX.2-P3048,EVODEX.2-P3049,EVODEX.2-P3050,EVODEX.2-P3051",6680143846023367585766615730794483101334540050520464236996579916850822057452
EVODEX.2-Dm545,[#7:1]=[#6:2]-[#7:8](-[#15](=[#8])(-[#8])-[#8])-[#1]>>[#7:1]=[#6:2]-[#7:8](-[#1])-[#1],"EVODEX.2-P3055,EVODEX.2-P3059,EVODEX.2-P3062,EVODEX.2-P3071,EVODEX.2-P5762",83083156788480430436299625157994753734897623622492992465050162076944221186979
EVODEX.2-Dm546,[#7:1]=[#6:2]-[#7:3](-[#1])-[#1]>>[#7:1]=[#6:2]-[#7:3](-[#15](=[#8])(-[#8])-[#8])-[#1],"EVODEX.2-P3057,EVODEX.2-P3061,EVODEX.2-P3065,EVODEX.2-P3068,EVODEX.2-P3076",31317592866198508745181933993968437535868661556301071580410571631184843817923
EVODEX.2-Dm547,[#15:28](=[#8:29])-[#8:30]-[#1].[#7:1]=[#6:2]-[#7:4](-[#15:5](=[#8:6])(-[#8:7])-[#8:8])-[#1]>>[#7:1]=[#6:2]-[#7:4](-[#1])-[#1].[#15:5](=[#8:6])(-[#8:7])(-[#8:8])-[#8:30]-[#15:28]=[#8:29],"EVODEX.2-P3058,EVODEX.2-P3060,EVODEX.2-P3077,EVODEX.2-P3078,EVODEX.2-P3079",7863458336242023605749595958338968407591904941293046474580513235656814434449
EVODEX.2-Dm548,[#7:1]=[#6:2]-[#7:10](-[#15:11](=[#8:12])(-[#8:13])-[#8:14])-[#1]>>[#7:1]=[#6:2]-[#7:10](-[#1])-[#1].[#15:11](=[#8:12])(-[#8:13])(-[#8:14])-[#8]-[#15]=[#8],"EVODEX.2-P3063,EVODEX.2-P3069,EVODEX.2-P3073,EVODEX.2-P3075,EVODEX.2-P3080",105764413271189949240398290727870558651158697827074236775886826896108884828100
EVODEX.2-Dm549,[#6:14](-[#6@:13])(-[#8]-[#15]=[#8])(-[#1:47])-[#1:48].[#8:28]=[#15:29]-[#8:30]-[#1]>>[#6:14](-[#6@:13])(-[#8:30]-[#15:29]=[#8:28])(-[#1:47])-[#1:48],"EVODEX.2-P3082,EVODEX.2-P3207,EVODEX.2-P3229,EVODEX.2-P3232,EVODEX.2-P6953",48840325507458454735316767832135666296394642760242178795931075036605867352707
EVODEX.2-Dm550,[#15:11](=[#8:12])-[#8:13]-[#1].[#15:41](=[#8:42])-[#8:44]-[#15:45](=[#8:46])(-[#8:47])-[#8:48]>>[#15:11](=[#8:12])-[#8:13]-[#15:45](=[#8:46])(-[#8:47])-[#8:48].[#15:41](=[#8:42])-[#8:44]-[#1],"EVODEX.2-P3091,EVODEX.2-P3105,EVODEX.2-P3127,EVODEX.2-P3187,EVODEX.2-P3265",100518936532536258298288851237671967163709190227977225317125278760915758836201
EVODEX.2-Dm552,[#6:13](-[#6@:12])(-[#8:14]-[#15:15]=[#8:16])(-[#1:93])-[#1:94].[#15:78](=[#8:79])-[#8:80]-[#1]>>[#6:13](-[#6@:12])(-[#8:80]-[#15:78]=[#8:79])(-[#1:93])-[#1:94].[#8:14](-[#15:15]=[#8:16])-[#1],"EVODEX.2-P3206,EVODEX.2-P3210,EVODEX.2-P3211,EVODEX.2-P3230,EVODEX.2-P3231",36992240295350670896212419997598389669489147304606616944515000691084333139843
EVODEX.2-Dm554,[#8:6](-[#6@:5])-[#1]>>[#8:6](-[#6@:5])-[#16](=[#8])(=[#8])-[#8],"EVODEX.2-P3269,EVODEX.2-P3276,EVODEX.2-P3279,EVODEX.2-P3283,EVODEX.2-P3301",99052359636276262446303608435541454632582910532671575734770329227529045252357
EVODEX.2-Dm555,[#6:9]1:[#6:10]:[#6:11]:[#6:12](-[#8:13]-[#1]):[#6:14]:[#6:15]:1.[#15:31](=[#8:32])-[#8:34]-[#16:35](=[#8:36])(=[#8:37])-[#8:38]>>[#6:9]1:[#6:10]:[#6:11]:[#6:12](-[#8:13]-[#16:35](=[#8:36])(=[#8:37])-[#8:38]):[#6:14]:[#6:15]:1.[#15:31](=[#8:32])-[#8:34]-[#1],"EVODEX.2-P3270,EVODEX.2-P3303,EVODEX.2-P3306,EVODEX.2-P3308,EVODEX.2-P3312",45796096384108095274169352152469129310003690526822474195374594185115666236152
EVODEX.2-Dm556,[#6:9]1:[#6:10]:[#6:11]:[#6:12](-[#8:13]-[#1]):[#6:14]:[#6:15]:1.[#15](=[#8])-[#8]-[#16:35](=[#8:36])(=[#8:37])-[#8:38]>>[#6:9]1:[#6:10]:[#6:11]:[#6:12](-[#8:13]-[#16:35](=[#8:36])(=[#8:37])-[#8:38]):[#6:14]:[#6:15]:1,"EVODEX.2-P3271,EVODEX.2-P3305,EVODEX.2-P3307,EVODEX.2-P3309,EVODEX.2-P3313",29787297529246540585256356318393858333488801817618649175998002762658875886604
EVODEX.2-Dm557,[#6:9]1:[#6:10]:[#6:11]:[#6:12](-[#8:13]-[#1]):[#6:14]:[#6:15]:1>>[#6:9]1:[#6:10]:[#6:11]:[#6:12](-[#8:13]-[#16](=[#8])(=[#8])-[#8]):[#6:14]:[#6:15]:1,"EVODEX.2-P3272,EVODEX.2-P3273,EVODEX.2-P3290,EVODEX.2-P3304,EVODEX.2-P3311",7519882860292378022902661004613371088749985057718195771794332745961216088819
EVODEX.2-Dm558,[#8:22](-[#6@:21])-[#1].[#15:47](=[#8:48])-[#8:50]-[#16:51](=[#8:52])(=[#8:53])-[#8:54]>>[#8:22](-[#6@:21])-[#16:51](=[#8:52])(=[#8:53])-[#8:54].[#15:47](=[#8:48])-[#8:50]-[#1],"EVODEX.2-P3274,EVODEX.2-P3287,EVODEX.2-P3288,EVODEX.2-P3299,EVODEX.2-P3310",93975659199389962793299391820341283247934442412829009362665176284537539648321
EVODEX.2-Dm559,[#8:22](-[#6@:21])-[#1].[#15](=[#8])-[#8]-[#16:51](=[#8:52])(=[#8:53])-[#8:54]>>[#8:22](-[#6@:21])-[#16:51](=[#8:52])(=[#8:53])-[#8:54],"EVODEX.2-P3275,EVODEX.2-P3277,EVODEX.2-P3281,EVODEX.2-P3296,EVODEX.2-P3302",83558682760577324856869325985502154345244735315735865664633445471698259255153
EVODEX.2-Dm560,[#8:6](-[#6@:5])-[#16:7](=[#8:8])(=[#8:9])-[#8:10]>>[#8:6](-[#6@:5])-[#1].[#16:7](=[#8:8])(=[#8:9])(-[#8:10])-[#8]-[#15]=[#8],"EVODEX.2-P3278,EVODEX.2-P3280,EVODEX.2-P3282,EVODEX.2-P3292,EVODEX.2-P3300",73475105201057916637674328658221424019096596757472424956676641837511300688283
EVODEX.2-Dm561,[#8:24](-[#6@:23])-[#16](=[#8])(=[#8])-[#8]>>[#8:24](-[#6@:23])-[#1],"EVODEX.2-P3284,EVODEX.2-P3286,EVODEX.2-P3289,EVODEX.2-P3297,EVODEX.2-P3298",86001819165881154935649857596787365376332178965031827859727989905531160821326
EVODEX.2-Dm562,[#8:25](-[#6@:24])-[#16:26](=[#8:27])(=[#8:28])-[#8:29].[#15:53](=[#8:54])-[#8:55]-[#1]>>[#8:25](-[#6@:24])-[#1].[#16:26](=[#8:27])(=[#8:28])(-[#8:29])-[#8:55]-[#15:53]=[#8:54],"EVODEX.2-P3285,EVODEX.2-P3291,EVODEX.2-P3293,EVODEX.2-P3294,EVODEX.2-P3295",90873831378203765040556028783305240549794416723158560216674969360834361866801
EVODEX.2-Dm563,[#6:1]-[#6:2](=[#8:3])-[#16:4]-[#6:5].[#6:53]-[#6:55](=[#8:56])-[#8:57]-[#1]>>[#6:1]-[#6:2](=[#8:3])-[#8:57]-[#1].[#16:4](-[#6:5])-[#6:55](-[#6:53])=[#8:56],"EVODEX.2-P3315,EVODEX.2-P3333,EVODEX.2-P3334,EVODEX.2-P3345,EVODEX.2-P3347",85890040022433003377356727895140275719673138900212359973025545990035641480040
EVODEX.2-Dm566,[#6:1]-[#6:2](=[#8:3])-[#8]-[#1].[#6:51]-[#16:52]-[#6](=[#8])-[#6]=[#6]>>[#6:1]-[#6:2](=[#8:3])-[#16:52]-[#6:51],"EVODEX.2-P3318,EVODEX.2-P3319,EVODEX.2-P3321,EVODEX.2-P3324,EVODEX.2-P3326",115392171927555741626769961090831300456146835175289681796409218457657859637316
EVODEX.2-Dm569,[#6]-[#6](=[#8])-[#8:7]-[#1].[#6:10]-[#6:11](=[#8:12])-[#16]-[#6]>>[#8:7](-[#6:11](-[#6:10])=[#8:12])-[#1],"EVODEX.2-P3348,EVODEX.2-P3354,EVODEX.2-P3358,EVODEX.2-P3364,EVODEX.2-P3368",79824090676861598557039104450791330118953267667447651207980083587492291069585
EVODEX.2-Dm571,[#6:3]-[#6:4](=[#8:5])-[#8:6]-[#6:7]1:[#6:8]:[#6:9]:[#6:10]:[#6:11]:[#6:12]:1.[#8:13](-[#1])-[#1]>>[#6:3]-[#6:4](=[#8:5])-[#8:13]-[#1].[#8:6](-[#6:7]1:[#6:8]:[#6:9]:[#6:10]:[#6:11]:[#6:12]:1)-[#1],"EVODEX.2-P3371,EVODEX.2-P3435,EVODEX.2-P3863,EVODEX.2-P3910,EVODEX.2-P4854",31043006097705558646471139313625060376494639518815578006495158315669410224318
EVODEX.2-Dm572,[#6:3]-[#6:4](=[#8:5])-[#8:6]-[#6:7]1:[#6:8]:[#6:9]:[#6:10]:[#6:11]:[#6:12]:1-[#7&+:13]=[#8:14]>>[#6:3]-[#6:4](=[#8:5])-[#8]-[#1].[#8:6](-[#6:7]1:[#6:8]:[#6:9]:[#6:10]:[#6:11]:[#6:12]:1-[#7&+:13]=[#8:14])-[#1],"EVODEX.2-P3373,EVODEX.2-P3398,EVODEX.2-P3423,EVODEX.2-P3809,EVODEX.2-P3971",78465669967513798016318257029735650391548713410550443128203826186379783569383
EVODEX.2-Dm574,[#6:1]-[#6:2](=[#8:3])-[#8:4]-[#6:5]1:[#6:6]:[#6:7]:[#6:8]:[#6:9]2:[#6:10]:[#6:11]:[#6:12]:[#6:13]:[#6:14]:1:2.[#8:15](-[#1])-[#1]>>[#6:1]-[#6:2](=[#8:3])-[#8:15]-[#1].[#8:4](-[#6:5]1:[#6:6]:[#6:7]:[#6:8]:[#6:9]2:[#6:10]:[#6:11]:[#6:12]:[#6:13]:[#6:14]:1:2)-[#1],"EVODEX.2-P3379,EVODEX.2-P3414,EVODEX.2-P3415,EVODEX.2-P3421,EVODEX.2-P3448",20068649590452700266659342516020862456752244693935958109302885874000794303345
EVODEX.2-Dm575,[#6]-[#6](-[#8:3]-[#6:4]=[#8:5])(-[#1])-[#1]>>[#8:3](-[#6:4]=[#8:5])-[#1],"EVODEX.2-P3381,EVODEX.2-P3382,EVODEX.2-P3528,EVODEX.2-P4227,EVODEX.2-P4427",45247028726594810034724603545552403833615013493042196575165180186990024803934
EVODEX.2-Dm577,[#6:2]-[#6:5](=[#8:6])-[#8:7]-[#6:8]1:[#6:9]:[#6:10]:[#6:11]:[#6:12]:[#6:13]:1>>[#6:2]-[#6:5](=[#8:6])-[#8]-[#1].[#8:7](-[#6:8]1:[#6:9]:[#6:10]:[#6:11]:[#6:12]:[#6:13]:1)-[#1],"EVODEX.2-P3387,EVODEX.2-P3615,EVODEX.2-P3781,EVODEX.2-P3911,EVODEX.2-P3945",95924473906026063992305393976315802391412962058331568229230836373486284005843
EVODEX.2-Dm579,[#6:11]-[#6:12](=[#8:13])-[#8:14]-[#6:15]1:[#6:16]:[#6:17]:[#6:18]2:[#6:19]:[#6:21]:[#6:22](=[#8:23]):[#8:24]:[#6:25]:2:[#6:26]:1>>[#6:11]-[#6:12](=[#8:13])-[#8]-[#1].[#8:14](-[#6:15]1:[#6:16]:[#6:17]:[#6:18]2:[#6:19]:[#6:21]:[#6:22](=[#8:23]):[#8:24]:[#6:25]:2:[#6:26]:1)-[#1],"EVODEX.2-P3390,EVODEX.2-P3393,EVODEX.2-P3409,EVODEX.2-P3413,EVODEX.2-P3862",17291153817542838992835463129347903602426346754807581194281717739031404410634
EVODEX.2-Dm580,[#6:15]-[#6:16](=[#8:17])-[#8]-[#6]1:[#6]:[#6]:[#6]2:[#6]:[#6]:[#6](=[#8]):[#8]:[#6]:2:[#6]:1.[#8:31](-[#1])-[#1]>>[#6:15]-[#6:16](=[#8:17])-[#8:31]-[#1],"EVODEX.2-P3392,EVODEX.2-P3408,EVODEX.2-P3411,EVODEX.2-P3412,EVODEX.2-P3452",14657976706399889323641327335998141723361786120331569141665808155466170068970
EVODEX.2-Dm581,[#8:2]=[#6:3](-[#6:4])-[#8:9]-[#6:8].[#8:1](-[#1])-[#1]>>([#8:1](-[#6:3](=[#8:2])-[#6:4])-[#1].[#6:8]-[#8:9]-[#1]),"EVODEX.2-P3394,EVODEX.2-P3454,EVODEX.2-P3501,EVODEX.2-P3534,EVODEX.2-P3626",93425991122379470517069263362138187058172411373244454714101914253871249593317
EVODEX.2-Dm582,[#6](-[#8:2]-[#6:3]=[#8:4])(-[#1])(-[#1])-[#1]>>[#8:2](-[#6:3]=[#8:4])-[#1],"EVODEX.2-P3395,EVODEX.2-P3457,EVODEX.2-P3586,EVODEX.2-P4441,EVODEX.2-P4715",6003797203654373586308935127040035366494025377971627643978226168019973768941
EVODEX.2-Dm584,[#6:1]-[#6:2](=[#8:3])-[#8:4]-[#6:5]1:[#6:6]:[#6:7]:[#6:8]:[#6:9]:[#6:10]:1-[#7&+:11]=[#8:12].[#8:14](-[#1])-[#1]>>[#6:1]-[#6:2](=[#8:3])-[#8:14]-[#1].[#8:4](-[#6:5]1:[#6:6]:[#6:7]:[#6:8]:[#6:9]:[#6:10]:1-[#7&+:11]=[#8:12])-[#1],"EVODEX.2-P3397,EVODEX.2-P3422,EVODEX.2-P3808,EVODEX.2-P3931,EVODEX.2-P3970",42789429669781634973743528423256937719659317898464428216383704312259586091666
EVODEX.2-Dm585,[#6:5]-[#6:13](=[#8:14])-[#8:15]-[#6:16]1:[#6:17]:[#6:18]:[#6:19]2:[#6:20]:[#6:21]:[#6:22]:[#6:23]:[#6:24]:2:[#6:25]:1.[#8:26](-[#1])-[#1]>>[#6:5]-[#6:13](=[#8:14])-[#8:26]-[#1].[#8:15](-[#6:16]1:[#6:17]:[#6:18]:[#6:19]2:[#6:20]:[#6:21]:[#6:22]:[#6:23]:[#6:24]:2:[#6:25]:1)-[#1],"EVODEX.2-P3399,EVODEX.2-P3443,EVODEX.2-P3515,EVODEX.2-P3904,EVODEX.2-P4594",67178089502977438382806399519246124914293150549606807877703255258455078958462
EVODEX.2-Dm589,[#6:1]-[#6:2](=[#8:3])-[#8:4]-[#6:5]>>[#6:1]-[#6:2](=[#8:3])-[#8]-[#1].[#8:4](-[#6:5])-[#1],"EVODEX.2-P3407,EVODEX.2-P3511,EVODEX.2-P3541,EVODEX.2-P3915,EVODEX.2-P3947",55224251857828450369294531137808559439373936941969438525796967207132719841924
EVODEX.2-Dm590,[#6:1]-[#6:2](=[#8:3])-[#8]-[#6]1:[#6]:[#6]:[#6]2:[#6]:[#6]:[#6]:[#6]:[#6]:2:[#6]:1.[#8:15](-[#1])-[#1]>>[#6:1]-[#6:2](=[#8:3])-[#8:15]-[#1],"EVODEX.2-P3410,EVODEX.2-P3446,EVODEX.2-P3521,EVODEX.2-P3905,EVODEX.2-P4593",47997088578444206922385163292417677228255156856473484002692686006033855395996
EVODEX.2-Dm591,[#6:11]-[#6:12](=[#8:13])-[#8]-[#6]1:[#6]:[#6]:[#6]:[#6]2:[#6]:[#6]:[#6]:[#6]:[#6]:1:2.[#8:25](-[#1])-[#1]>>[#6:11]-[#6:12](=[#8:13])-[#8:25]-[#1],"EVODEX.2-P3416,EVODEX.2-P3418,EVODEX.2-P3419,EVODEX.2-P3444,EVODEX.2-P3949",9616255962418197694617255861352556027501963353741391007752312586157067495951
EVODEX.2-Dm592,[#6:11]-[#6:12](=[#8:13])-[#8:14]-[#6:15]1:[#6:16]:[#6:17]:[#6:18]:[#6:19]2:[#6:20]:[#6:21]:[#6:22]:[#6:23]:[#6:24]:1:2>>[#6:11]-[#6:12](=[#8:13])-[#8]-[#1].[#8:14](-[#6:15]1:[#6:16]:[#6:17]:[#6:18]:[#6:19]2:[#6:20]:[#6:21]:[#6:22]:[#6:23]:[#6:24]:1:2)-[#1],"EVODEX.2-P3417,EVODEX.2-P3420,EVODEX.2-P3445,EVODEX.2-P3449,EVODEX.2-P3450",55478600626897678102101761156738233546407015888631401207193225189262645784353
EVODEX.2-Dm595,[#6:1]-[#6:2](=[#8:3])-[#8]-[#6]1:[#6]:[#6]:[#6]:[#6]:[#6]:1.[#8:11](-[#1])-[#1]>>[#6:1]-[#6:2](=[#8:3])-[#8:11]-[#1],"EVODEX.2-P3436,EVODEX.2-P3614,EVODEX.2-P3811,EVODEX.2-P3972,EVODEX.2-P4516",110124364153793982346489040970968156367746410293727037385661215697691381876808
EVODEX.2-Dm596,[#6:2]-[#6:3](=[#8:4])-[#8:5]-[#6:6]1:[#6:7]:[#6:8]:[#6:9]2:[#6:10]:[#6:11]:[#6:12]:[#6:13]:[#6:14]:2:[#6:15]:1>>[#6:2]-[#6:3](=[#8:4])-[#8]-[#1].[#8:5](-[#6:6]1:[#6:7]:[#6:8]:[#6:9]2:[#6:10]:[#6:11]:[#6:12]:[#6:13]:[#6:14]:2:[#6:15]:1)-[#1],"EVODEX.2-P3442,EVODEX.2-P3447,EVODEX.2-P3522,EVODEX.2-P3523,EVODEX.2-P4595",75635800891323126183658846569684685924972902925813774466886063972918730136247
EVODEX.2-Dm597,[#8:2]=[#6:3](-[#8:4]-[#6:5])-[#6@:10]>>([#8](-[#6:3](=[#8:2])-[#6@@:10])-[#1].[#6:5]-[#8:4]-[#1]),"EVODEX.2-P3455,EVODEX.2-P3468,EVODEX.2-P3490,EVODEX.2-P3500,EVODEX.2-P3533",84055922733883533902456461715996062075716221907797762580003922965809097230002
EVODEX.2-Dm599,[#6:1](-[#8:2]-[#6:3](=[#8:4])/[#6:5]=[#6:6]/[#6:7]1:[#6:8]:[#6:9]:[#6:10]:[#6:12]:[#6:15]:1)(-[#1:17])(-[#1:18])-[#1:19].[#8:16](-[#1])-[#1]>>[#6:1](-[#8:16]-[#1])(-[#1:17])(-[#1:18])-[#1:19].[#8:2](-[#6:3](=[#8:4])/[#6:5]=[#6:6]/[#6:7]1:[#6:8]:[#6:9]:[#6:10]:[#6:12]:[#6:15]:1)-[#1],"EVODEX.2-P3473,EVODEX.2-P3477,EVODEX.2-P3540,EVODEX.2-P3587,EVODEX.2-P3598",57185768203838332252784755854557396769731367835547508228749781741106367202397
EVODEX.2-Dm600,[#6:1](-[#8:2]-[#6:3](=[#8:4])/[#6:5]=[#6:6]/[#6:7]1:[#6:8]:[#6:9]:[#6:10]:[#6:12]:[#6:15]:1)(-[#1:17])(-[#1:18])-[#1:19]>>[#6:1](-[#8]-[#1])(-[#1:17])(-[#1:18])-[#1:19].[#8:2](-[#6:3](=[#8:4])/[#6:5]=[#6:6]/[#6:7]1:[#6:8]:[#6:9]:[#6:10]:[#6:12]:[#6:15]:1)-[#1],"EVODEX.2-P3474,EVODEX.2-P3539,EVODEX.2-P3589,EVODEX.2-P3591,EVODEX.2-P3600",58512988692766521011323931351487740285532448910450918817800948220410144096829
EVODEX.2-Dm601,[#6:13]-[#6:14](=[#8:15])-[#8:16]-[#1].[#8:17](-[#6:18])-[#1]>>[#6:13]-[#6:14](=[#8:15])-[#8:17]-[#6:18].[#8:16](-[#1])-[#1],"EVODEX.2-P3478,EVODEX.2-P3479,EVODEX.2-P3518,EVODEX.2-P3899,EVODEX.2-P3913",69967194680871782894536726672088463374823073871658434042622811526279614237162
EVODEX.2-Dm604,[#6:15]-[#6:16](-[#8:17]-[#6:18]=[#8:19])(-[#1:42])-[#1:43].[#8:20](-[#1])-[#1]>>([#6:15]-[#6:16](-[#8:20]-[#1])(-[#1:42])-[#1:43].[#6:18](-[#8:17]-[#1])=[#8:19]),"EVODEX.2-P3484,EVODEX.2-P3488,EVODEX.2-P3492,EVODEX.2-P3617,EVODEX.2-P3618",823217199897105349418030556184964114611319815887922041333642774587316458274
EVODEX.2-Dm605,[#6:15]-[#6:16](-[#8:17]-[#6:18]=[#8:19])(-[#1:42])-[#1:43]>>([#6:15]-[#6:16](-[#8]-[#1])(-[#1:42])-[#1:43].[#6:18](-[#8:17]-[#1])=[#8:19]),"EVODEX.2-P3485,EVODEX.2-P3489,EVODEX.2-P3498,EVODEX.2-P3616,EVODEX.2-P3619",14478082888739696535258787897914301146481789132067942753268971893796265524595
EVODEX.2-Dm608,[#6:11]-[#6:12](-[#8:13]-[#6:14])(-[#1:77])-[#1:78]>>[#6:11]-[#6:12](-[#8]-[#1])(-[#1:77])-[#1:78].[#8:13](-[#6:14])-[#1],"EVODEX.2-P3510,EVODEX.2-P3804,EVODEX.2-P3853,EVODEX.2-P3955,EVODEX.2-P3965",51388630389844006721970280351648972474131881960333633821554895687855222165112
EVODEX.2-Dm611,[#6:6]-[#6:8](=[#8:9])-[#8:10]-[#6:11]1:[#6:12]:[#6:13]:[#6:14](-[#7&+:15]=[#8:16]):[#6:18]:[#6:19]:1.[#8:20](-[#1])-[#1]>>[#6:6]-[#6:8](=[#8:9])-[#8:20]-[#1].[#8:10](-[#6:11]1:[#6:12]:[#6:13]:[#6:14](-[#7&+:15]=[#8:16]):[#6:18]:[#6:19]:1)-[#1],"EVODEX.2-P3526,EVODEX.2-P3825,EVODEX.2-P3876,EVODEX.2-P4111,EVODEX.2-P4592",48826341544623284753999237713604406061617588117378275218602592269831969600240
EVODEX.2-Dm616,[#6:17]-[#8:18]-[#6:19](=[#8:20])-[#6@@:21].[#7:11](-[#6@@:10])(-[#1])-[#1]>>[#6:17]-[#8:18]-[#1].[#7:11](-[#6@@:10])(-[#6:19](=[#8:20])-[#6@@:21])-[#1],"EVODEX.2-P3547,EVODEX.2-P4116,EVODEX.2-P4121,EVODEX.2-P4135,EVODEX.2-P4518",104235273063276313712535303293561084329413474092974499550920123999674380206599
EVODEX.2-Dm617,[#6:2]-[#8:4]-[#1].[#7:15](-[#6@@:14])(-[#6:16](=[#8:17])-[#6@:18])-[#1]>>[#6:2]-[#8:4]-[#6:16](=[#8:17])-[#6@:18].[#7:15](-[#6@@:14])(-[#1])-[#1],"EVODEX.2-P3548,EVODEX.2-P4133,EVODEX.2-P4138,EVODEX.2-P4669,EVODEX.2-P4959",7293243230157874657311096345771729726674218293085838562989366000995261516556
EVODEX.2-Dm619,[#7:1](-[#6:2]1:[#6:3]:[#6:4]:[#6:5](-[#7&+:6]=[#8:7]):[#6:9](-[#6:10]=[#8:11]):[#6:13]:1)(-[#1])-[#1].[#8:14]=[#6:15](-[#8]-[#1])-[#6:17]>>[#7:1](-[#6:2]1:[#6:3]:[#6:4]:[#6:5](-[#7&+:6]=[#8:7]):[#6:9](-[#6:10]=[#8:11]):[#6:13]:1)(-[#6:15](=[#8:14])-[#6:17])-[#1],"EVODEX.2-P3554,EVODEX.2-P4451,EVODEX.2-P4470,EVODEX.2-P4472,EVODEX.2-P5413",81907626271275606362451667586019076573041708695336324734538364002814278762474
EVODEX.2-Dm620,[#8:14]=[#6:15](-[#8:16]-[#1])-[#6:17]>>[#7](-[#6]1:[#6]:[#6]:[#6](-[#7&+]=[#8]):[#6](-[#6]=[#8]):[#6]:1)(-[#6:15](=[#8:14])-[#6:17])-[#1].[#8:16](-[#1])-[#1],"EVODEX.2-P3555,EVODEX.2-P4453,EVODEX.2-P4458,EVODEX.2-P4474,EVODEX.2-P4477",108666848972076554588120216948239220612201542231756084870180894977921820987655
EVODEX.2-Dm623,[#6:3](-[#6@@:2])(=[#8:4])-[#8]-[#1]>>[#6:3](-[#6@@:2])(=[#8:4])-[#7](-[#6]1:[#6]:[#6]:[#6](-[#7&+]=[#8]):[#6](-[#6]=[#8]):[#6]:1)-[#1],"EVODEX.2-P3559,EVODEX.2-P4452,EVODEX.2-P4454,EVODEX.2-P4473,EVODEX.2-P5207",13081294262456365654430792499098779554365119945433387228033761142179802561471
EVODEX.2-Dm626,[#6:19]-[#6@@:20](-[#6@:5])(-[#8]-[#6]=[#8])-[#1:43].[#8:25](-[#1])-[#1]>>[#6:19]-[#6@@:20](-[#6@:5])(-[#8:25]-[#1])-[#1:43],"EVODEX.2-P3571,EVODEX.2-P3574,EVODEX.2-P3575,EVODEX.2-P3576,EVODEX.2-P3583",7526910511653758444739821068323071540068995768519265934706079370923951878589
EVODEX.2-Dm627,[#8:2]=[#7&+:3]-[#6:5]1:[#6:6]:[#6:7]:[#6:8](-[#8:9]-[#6@@:10]):[#6:19]:[#6:20]:1.[#8:1](-[#1])-[#1]>>[#8:1](-[#6:8]1:[#6:7]:[#6:6]:[#6:5](-[#7&+:3]=[#8:2]):[#6:20]:[#6:19]:1)-[#1].[#8:9](-[#6@@:10])-[#1],"EVODEX.2-P3596,EVODEX.2-P3805,EVODEX.2-P3816,EVODEX.2-P3850,EVODEX.2-P3916",10284902221314513479343106802573766258377831966272523012405972206679457207841
EVODEX.2-Dm628,[#6:17]-[#6:18](=[#8:19])-[#6:20](-[#8:21])(-[#6:22])-[#1:79].[#8:45](-[#1])-[#1]>>[#6:20](-[#8:21])(-[#6:22])(-[#1:79])-[#1].[#6:17]-[#6:18](=[#8:19])-[#8:45]-[#1],"EVODEX.2-P3607,EVODEX.2-P3922,EVODEX.2-P5345,EVODEX.2-P5346,EVODEX.2-P5347",27510769649890213154969551958401126951535386964035548500076213273860856105255
EVODEX.2-Dm629,[#6:17]-[#6:18](=[#8:19])-[#6:20](-[#8:21])(-[#6:22])-[#1:60]>>[#6:20](-[#8:21])(-[#6:22])(-[#1:60])-[#1].[#6:17]-[#6:18](=[#8:19])-[#8]-[#1],"EVODEX.2-P3608,EVODEX.2-P3923,EVODEX.2-P3926,EVODEX.2-P3952,EVODEX.2-P5449",34593556427314694577449926057560132344837889613840014225745320952702251329469
EVODEX.2-Dm630,[#6:1]-[#6:2](=[#8:3])-[#7:4](-[#6:5]1:[#6:6]:[#6:7]:[#6:8]:[#6:9]:[#6:10]:1-[#7&+:11]=[#8:12])-[#1].[#8:14](-[#1])-[#1]>>[#6:1]-[#6:2](=[#8:3])-[#8:14]-[#1].[#7:4](-[#6:5]1:[#6:6]:[#6:7]:[#6:8]:[#6:9]:[#6:10]:1-[#7&+:11]=[#8:12])(-[#1])-[#1],"EVODEX.2-P3610,EVODEX.2-P3611,EVODEX.2-P5236,EVODEX.2-P5239,EVODEX.2-P5243",81313264988723482487640217788267060512721446527946231009225762544033724163100
EVODEX.2-Dm631,[#8:2]=[#6:3](-[#7](-[#6]1:[#6]:[#6]:[#6]:[#6]:[#6]:1-[#7&+]=[#8])-[#1])-[#6:14].[#8:1](-[#1])-[#1]>>[#8:1](-[#6:3](=[#8:2])-[#6:14])-[#1],"EVODEX.2-P3612,EVODEX.2-P4240,EVODEX.2-P5237,EVODEX.2-P5241,EVODEX.2-P5246",39128619585490407272706240814300482204281149571532522450151016399627390999721
EVODEX.2-Dm632,[#8:2]=[#6:3](-[#7:4](-[#6:5]1:[#6:6]:[#6:7]:[#6:8]:[#6:9]:[#6:10]:1-[#7&+:11]=[#8:12])-[#1])-[#6:14]>>[#7:4](-[#6:5]1:[#6:6]:[#6:7]:[#6:8]:[#6:9]:[#6:10]:1-[#7&+:11]=[#8:12])(-[#1])-[#1].[#8](-[#6:3](=[#8:2])-[#6:14])-[#1],"EVODEX.2-P3613,EVODEX.2-P4242,EVODEX.2-P4819,EVODEX.2-P5240,EVODEX.2-P5244",112082893340942307032328016924455517908587446679124761589295909255745933679930
EVODEX.2-Dm634,[#6:1]-[#6:2](=[#8:3])-[#16:4]-[#6:5]>>[#6:1]-[#6:2](=[#8:3])-[#8]-[#1].[#16:4](-[#6:5])-[#1],"EVODEX.2-P3632,EVODEX.2-P3640,EVODEX.2-P4731,EVODEX.2-P6052,EVODEX.2-P6119",10467502853784613215536441120127732850663960976450886652220500579010561493352
EVODEX.2-Dm635,[#6:8]-[#6:9](=[#8:10])-[#16:11]-[#6:12].[#8:59](-[#1])-[#1]>>[#6:8]-[#6:9](=[#8:10])-[#8:59]-[#1].[#16:11](-[#6:12])-[#1],"EVODEX.2-P3633,EVODEX.2-P3635,EVODEX.2-P3637,EVODEX.2-P3642,EVODEX.2-P5428",28624644281985786095895361838369926726637796265718971990296190298245296733079
EVODEX.2-Dm636,[#7:35](-[#6@:34])(-[#6:36](=[#8:37])-[#8:38])-[#1].[#8:1](-[#1])-[#1]>>[#7:35](-[#6@:34])(-[#1])-[#1].[#8:1](-[#6:36](=[#8:37])-[#8:38])-[#1],"EVODEX.2-P3643,EVODEX.2-P3644,EVODEX.2-P4544,EVODEX.2-P4743,EVODEX.2-P5264",36046640093260582755409250586099664619993463183152638365367001579738636632854
EVODEX.2-Dm637,[#15:11](=[#8:12])-[#8:14]-[#6@@:15](-[#6@@:16])(-[#6@@:30])-[#1:50].[#8:40](-[#1])-[#1]>>[#8:40](-[#6@@:15](-[#6@@:16])(-[#6@@:30])-[#1:50])-[#1].[#15:11](=[#8:12])-[#8:14]-[#1],"EVODEX.2-P3645,EVODEX.2-P3666,EVODEX.2-P3672,EVODEX.2-P3707,EVODEX.2-P5707",27640298847164333902089067608175621677853220400546651094330524549316404600800
EVODEX.2-Dm638,[#6:22](-[#6@:20])(-[#8]-[#15]=[#8])(-[#1:46])-[#1:47].[#8:32](-[#1])-[#1]>>[#6:22](-[#6@:20])(-[#8:32]-[#1])(-[#1:46])-[#1:47],"EVODEX.2-P3646,EVODEX.2-P3654,EVODEX.2-P3662,EVODEX.2-P3698,EVODEX.2-P3713",34601422884340803897349743309130921841135549061627088834566742417187004286057
EVODEX.2-Dm639,[#6:1]-[#8:2]-[#15:3](=[#8:4])(-[#8:5])-[#8:6]>>[#6:1]-[#8:2]-[#1].[#15:3](=[#8:4])(-[#8:5])(-[#8:6])-[#8]-[#1],"EVODEX.2-P3647,EVODEX.2-P3648,EVODEX.2-P3653,EVODEX.2-P5677,EVODEX.2-P5710",110997779042747648468955786842667170314713945910255872820953942896019505999896
EVODEX.2-Dm640,[#6:12](-[#6@:10])(-[#8:13]-[#15:14]=[#8:15])(-[#1:27])-[#1:28]>>[#8:13](-[#15:14]=[#8:15])-[#1].[#8](-[#6:12](-[#6@:10])(-[#1:27])-[#1:28])-[#1],"EVODEX.2-P3649,EVODEX.2-P3660,EVODEX.2-P3699,EVODEX.2-P3702,EVODEX.2-P3715",6185902567972603702162670686303408487791463507423501483139805104582316986381
EVODEX.2-Dm641,[#6:9](-[#6@:8])(-[#8:10]-[#15:11]=[#8:12])(-[#1:29])-[#1:30].[#8:22](-[#1])-[#1]>>[#6:9](-[#6@:8])(-[#8:22]-[#1])(-[#1:29])-[#1:30].[#8:10](-[#15:11]=[#8:12])-[#1],"EVODEX.2-P3650,EVODEX.2-P3651,EVODEX.2-P3686,EVODEX.2-P3696,EVODEX.2-P5997",17313143956975899018672427482321433715573004944481626837817297282260036772038
EVODEX.2-Dm642,[#6:11]1:[#6:12]:[#6:13]:[#6:14](-[#8:15]-[#15:16]=[#8:17]):[#6:20]:[#6:21]:1.[#8:98](-[#1])-[#1]>>[#6:11]1:[#6:12]:[#6:13]:[#6:14](-[#8:98]-[#1]):[#6:20]:[#6:21]:1.[#8:15](-[#15:16]=[#8:17])-[#1],"EVODEX.2-P3655,EVODEX.2-P3687,EVODEX.2-P3688,EVODEX.2-P3691,EVODEX.2-P3694",95495221945823426154111933039164012029499378465905169267195647920326635764956
EVODEX.2-Dm644,[#8:2]=[#15:3](-[#8:4])(-[#8:5])-[#8:6]-[#6:7].[#8:1](-[#1])-[#1]>>[#8:1](-[#15:3](=[#8:2])(-[#8:4])-[#8:5])-[#1].[#8:6](-[#6:7])-[#1],"EVODEX.2-P3659,EVODEX.2-P3669,EVODEX.2-P3700,EVODEX.2-P3701,EVODEX.2-P3729",31432538967691695023279851128069027925213548104783053007742783004841823196131
EVODEX.2-Dm646,[#6:73]1:[#6:74]:[#6:75]:[#6:76](-[#8:77]-[#15:78]=[#8:79]):[#6:82]:[#6:83]:1>>[#6:73]1:[#6:74]:[#6:75]:[#6:76](-[#8]-[#1]):[#6:82]:[#6:83]:1.[#8:77](-[#15:78]=[#8:79])-[#1],"EVODEX.2-P3663,EVODEX.2-P3689,EVODEX.2-P3692,EVODEX.2-P3695,EVODEX.2-P3718",110915120762492520998859282914417522370822040450582482795647013467355115420928
EVODEX.2-Dm647,[#6:64]1:[#6:65]:[#6:66]:[#6:67](-[#8]-[#15]=[#8]):[#6:73]:[#6:74]:1.[#8:96](-[#1])-[#1]>>[#6:64]1:[#6:65]:[#6:66]:[#6:67](-[#8:96]-[#1]):[#6:73]:[#6:74]:1,"EVODEX.2-P3664,EVODEX.2-P3665,EVODEX.2-P3673,EVODEX.2-P3690,EVODEX.2-P3693",17518133711887498694054313009365422422248465025522644351969690176004427346709
EVODEX.2-Dm648,[#6:38]-[#6@:37](-[#6@@:8])(-[#8]-[#15]=[#8])-[#1:94]>>[#6:38]-[#6@@:37](-[#6@@:8])(-[#8]-[#1])-[#1:94],"EVODEX.2-P3667,EVODEX.2-P3681,EVODEX.2-P3682,EVODEX.2-P3683,EVODEX.2-P3759",54233346228416107581824934666405986044702177262575095690637910461815455513250
EVODEX.2-Dm649,[#6:1]-[#6:2](-[#6:3])(-[#8]-[#15]=[#8])-[#1:13].[#8:9](-[#1])-[#1]>>[#6:1]-[#6:2](-[#6:3])(-[#8:9]-[#1])-[#1:13],"EVODEX.2-P3668,EVODEX.2-P3675,EVODEX.2-P3685,EVODEX.2-P3703,EVODEX.2-P3706",18584412248974835413563202449211351099645649414287319043494903932105937459696
EVODEX.2-Dm650,[#8:2]=[#15:3]-[#8:6]-[#6@@:7](-[#6:8])(-[#6@@:16])-[#1:20]>>[#8:2]=[#15:3]-[#8:6]-[#1].[#8](-[#6@@:7](-[#6:8])(-[#6@@:16])-[#1:20])-[#1],"EVODEX.2-P3671,EVODEX.2-P3684,EVODEX.2-P3697,EVODEX.2-P3704,EVODEX.2-P3705",70203297999068823652153034437799088454868621633074169950029785681634311494918
EVODEX.2-Dm651,[#6:8]-[#6:9](-[#6:10])(-[#8]-[#16](=[#8])=[#8])-[#1:44].[#8:26](-[#1])-[#1]>>[#6:8]-[#6:9](-[#6:10])(-[#8:26]-[#1])-[#1:44],"EVODEX.2-P3708,EVODEX.2-P3748,EVODEX.2-P3749,EVODEX.2-P3751,EVODEX.2-P3756",43769167498416708047420677792024108163811332289238764508989663147110582218430
EVODEX.2-Dm652,[#6:8]-[#6:9](-[#6:10])(-[#8:21]-[#16:22](=[#8:23])=[#8:24])-[#1:44]>>[#6:8]-[#6:9](-[#6:10])(-[#8]-[#1])-[#1:44].[#8:21](-[#16:22](=[#8:23])=[#8:24])-[#1],"EVODEX.2-P3709,EVODEX.2-P3740,EVODEX.2-P3742,EVODEX.2-P3750,EVODEX.2-P3757",97400677851741001657311920734471802357767778603384459787575718413136961591517
EVODEX.2-Dm653,[#8:15]-[#15:16](=[#8:17])(-[#8:18])-[#8:19]-[#15:20]=[#8:21]>>[#8:15]-[#15:16](=[#8:17])(-[#8:18])-[#8]-[#1].[#8:19](-[#15:20]=[#8:21])-[#1],"EVODEX.2-P3717,EVODEX.2-P5685,EVODEX.2-P5699,EVODEX.2-P5706,EVODEX.2-P5711",18230120920495420319670288372791779260194877099969022297022114332044153290895
EVODEX.2-Dm654,[#15:18](=[#8:19])-[#8:21]-[#6@@:22](-[#6@@:11])(-[#6@:16])-[#1:35].[#8:23](-[#1])-[#1]>>([#15:18](=[#8:19])-[#8:21]-[#1].[#8:23](-[#6@:22](-[#6@@:11])(-[#6@@:16])-[#1:35])-[#1]),"EVODEX.2-P3719,EVODEX.2-P3721,EVODEX.2-P3722,EVODEX.2-P3727,EVODEX.2-P3732",19275419093147854557811157071208210006550891101615159509299731585863861519670
EVODEX.2-Dm655,[#15:16](=[#8:17])-[#8:19]-[#6@@:20](-[#6@@:9])(-[#6@:14])-[#1:35]>>([#15:16](=[#8:17])-[#8:19]-[#1].[#8](-[#6@:20](-[#6@@:9])(-[#6@@:14])-[#1:35])-[#1]),"EVODEX.2-P3720,EVODEX.2-P3725,EVODEX.2-P3726,EVODEX.2-P3728,EVODEX.2-P3733",6294796087763350322512414975077518743364468834183123683237238366733900588471
EVODEX.2-Dm656,[#6:10](-[#6@:9])(-[#8:11]-[#16:12](=[#8:13])=[#8:14])(-[#1:40])-[#1:41].[#8:31](-[#1])-[#1]>>[#6:10](-[#6@:9])(-[#8:31]-[#1])(-[#1:40])-[#1:41].[#8:11](-[#16:12](=[#8:13])=[#8:14])-[#1],"EVODEX.2-P3734,EVODEX.2-P3744,EVODEX.2-P3745,EVODEX.2-P3752,EVODEX.2-P3754",51920373647288935738509810614152465025206949760205361379684432479396051049511
EVODEX.2-Dm657,[#6:10](-[#6@:9])(-[#8]-[#16](=[#8])=[#8])(-[#1:40])-[#1:41].[#8:31](-[#1])-[#1]>>[#6:10](-[#6@:9])(-[#8:31]-[#1])(-[#1:40])-[#1:41],"EVODEX.2-P3735,EVODEX.2-P3737,EVODEX.2-P3738,EVODEX.2-P3743,EVODEX.2-P3746",41934447459409193187430064631665113134713066174434223537640915168835014363703
EVODEX.2-Dm658,[#8:6](-[#6@:5](-[#6@@:3])(-[#6@@:11])-[#1:23])-[#16:7](=[#8:8])=[#8:9].[#8:17](-[#1])-[#1]>>[#8:17](-[#6@:5](-[#6@@:3])(-[#6@@:11])-[#1:23])-[#1].[#8:6](-[#16:7](=[#8:8])=[#8:9])-[#1],"EVODEX.2-P3739,EVODEX.2-P3741,EVODEX.2-P3747,EVODEX.2-P3753,EVODEX.2-P3758",51912666692034446659690064199841742643588329528524223337202010529900100181113
EVODEX.2-Dm661,[#6:4]-[#16:5]-[#6:6](-[#6@:7])(-[#1:35])-[#1:36].[#8:27](-[#1])-[#1]>>[#6:6](-[#6@:7])(-[#8:27]-[#1])(-[#1:35])-[#1:36].[#6:4]-[#16:5]-[#1],"EVODEX.2-P3774,EVODEX.2-P3984,EVODEX.2-P3985,EVODEX.2-P4415,EVODEX.2-P4417",6254102862510472032327600041653244237705147463785784468571468799753754451266
EVODEX.2-Dm662,[#8]=[#7&+]-[#6]1:[#6]:[#6]:[#6](-[#8:9]-[#6@:10]):[#6]:[#6]:1>>[#8:9](-[#6@:10])-[#1],"EVODEX.2-P3775,EVODEX.2-P3777,EVODEX.2-P3817,EVODEX.2-P3917,EVODEX.2-P3963",28094691486639509506567051948480626323763462094552414578171204911697029418596
EVODEX.2-Dm663,[#8:2]=[#7&+:3]-[#6:5]1:[#6:6]:[#6:7]:[#6:8](-[#8:9]-[#6@:10]):[#6:87]:[#6:88]:1>>[#8](-[#6:8]1:[#6:7]:[#6:6]:[#6:5](-[#7&+:3]=[#8:2]):[#6:88]:[#6:87]:1)-[#1].[#8:9](-[#6@:10])-[#1],"EVODEX.2-P3776,EVODEX.2-P3806,EVODEX.2-P3832,EVODEX.2-P3900,EVODEX.2-P3964",84949331326622137411237768279482431333360291780338263760026896493070855035524
EVODEX.2-Dm664,[#8](-[#6@:49](-[#6@@:47])(-[#8:60])-[#1:134])-[#6]1:[#6]:[#6]:[#6](-[#7&+]=[#8]):[#6]:[#6]:1.[#8:90](-[#1])-[#1]>>[#8:90](-[#6@:49](-[#6@@:47])(-[#8:60])-[#1:134])-[#1],"EVODEX.2-P3778,EVODEX.2-P4112,EVODEX.2-P4443,EVODEX.2-P4553,EVODEX.2-P4855",9206417197352285210441404221089464955082459513849076946279651392378094506798
EVODEX.2-Dm666,[#8:1](-[#1])-[#1].[#8:2](-[#1])-[#1].([#8:6]-[#6@:7](-[#8:8]-[#6:9])(-[#6@@:42])-[#1:56].[#8:11]-[#6@:12](-[#8:13]-[#6:14])(-[#6@@:36])-[#1:60])>>[#8:13](-[#6:14])-[#1].([#8:1](-[#6:12](-[#8:11])(-[#6@@:36])-[#1:60])-[#1].[#6:9]-[#8:8]-[#1]).[#8:2](-[#6:7](-[#8:6])(-[#6@@:42])-[#1:56])-[#1],"EVODEX.2-P3783,EVODEX.2-P3818,EVODEX.2-P3858,EVODEX.2-P3859,EVODEX.2-P3983",16415375239672254668853847239093961561078909414230235684356139317947497126534
EVODEX.2-Dm669,[#8:33](-[#6@@:32](-[#6@:23])(-[#6@:30])-[#1:84])-[#6@:34]>>[#8](-[#6@@:32](-[#6@:23])(-[#6@:30])-[#1:84])-[#1].[#8:33](-[#6@:34])-[#1],"EVODEX.2-P3802,EVODEX.2-P3924,EVODEX.2-P3941,EVODEX.2-P3950,EVODEX.2-P3969",26856635369927036805419312896680841667237437610551813395482285649028173467446
EVODEX.2-Dm671,[#6:2]1:[#6:3]:[#6:4](=[#8:5]):[#8:6]:[#6:7]2:[#6:8]:[#6:9](-[#8:10]-[#6@:11]):[#6:26]:[#6:27]:[#6:28]:1:2>>[#6:2]1:[#6:3]:[#6:4](=[#8:5]):[#8:6]:[#6:7]2:[#6:8]:[#6:9](-[#8]-[#1]):[#6:26]:[#6:27]:[#6:28]:1:2.[#8:10](-[#6@:11])-[#1],"EVODEX.2-P3812,EVODEX.2-P3831,EVODEX.2-P3868,EVODEX.2-P3872,EVODEX.2-P3881",19194053372478670845044312773123426575870779378088583707472141946630898235446
EVODEX.2-Dm672,[#6:11](-[#6@@:10])(-[#8:12]-[#6@@:13])(-[#1:37])-[#1:38].[#8:26](-[#1])-[#1]>>[#6:11](-[#6@@:10])(-[#8:26]-[#1])(-[#1:37])-[#1:38].[#8:12](-[#6@@:13])-[#1],"EVODEX.2-P3813,EVODEX.2-P3852,EVODEX.2-P3925,EVODEX.2-P3954,EVODEX.2-P3966",69008186178144530747204662314798340568977999817100425421196162217807261929709
EVODEX.2-Dm673,[#8:16](-[#6@:15](-[#6@:12])(-[#6@:45])-[#1:72])-[#6@@:17].[#8:58](-[#1])-[#1]>>[#8:58](-[#6@:15](-[#6@:12])(-[#6@:45])-[#1:72])-[#1].[#8:16](-[#6@@:17])-[#1],"EVODEX.2-P3823,EVODEX.2-P3826,EVODEX.2-P3934,EVODEX.2-P3936,EVODEX.2-P3968",51264985423335907428273338086969067426363363795823885824312177572512540079688
EVODEX.2-Dm674,[#6:2]1:[#6:3]:[#6:4](=[#8:5]):[#8:6]:[#6:7]2:[#6:8]:[#6:9](-[#8:10]-[#6@@:11]):[#6:33]:[#6:34]:[#6:35]:1:2.[#8:36](-[#1])-[#1]>>[#6:2]1:[#6:3]:[#6:4](=[#8:5]):[#8:6]:[#6:7]2:[#6:8]:[#6:9](-[#8:36]-[#1]):[#6:33]:[#6:34]:[#6:35]:1:2.[#8:10](-[#6@@:11])-[#1],"EVODEX.2-P3828,EVODEX.2-P3860,EVODEX.2-P3869,EVODEX.2-P3870,EVODEX.2-P3873",76639760805449964263074487297650215585160982060413486162311558214569263948803
EVODEX.2-Dm675,[#8:16](-[#6@:15])-[#6@:17](-[#6:18]=[#8:19])(-[#6:21])-[#8:36].[#8:69](-[#1])-[#1]>>[#6:18](-[#6@@:17](-[#8:69]-[#1])(-[#6:21])-[#8:36])=[#8:19].[#8:16](-[#6@:15])-[#1],"EVODEX.2-P3829,EVODEX.2-P3878,EVODEX.2-P3880,EVODEX.2-P3882,EVODEX.2-P3884",33502488735027659557994999434335388394483777993969746148755895992323396968430
EVODEX.2-Dm676,[#6]1:[#6]:[#6](=[#8]):[#8]:[#6]2:[#6]:[#6](-[#8:10]-[#6@:11]):[#6]:[#6]:[#6]:1:2>>[#8:10](-[#6@:11])-[#1],"EVODEX.2-P3830,EVODEX.2-P3864,EVODEX.2-P3867,EVODEX.2-P3871,EVODEX.2-P3896",52885406902334825741291616595681165944649236837642532332376062976379190670199
EVODEX.2-Dm677,[#7:7]=[#6:8]-[#16:19]-[#6@](-[#8])(-[#6@])-[#1]>>[#7:7]=[#6:8]-[#16:19]-[#1],"EVODEX.2-P3833,EVODEX.2-P3837,EVODEX.2-P3838,EVODEX.2-P3840,EVODEX.2-P3844",94203637359394618014937788069888172478484222909518203298102993590281582293500
EVODEX.2-Dm678,[#7:7]=[#6:8]-[#16:19]-[#6@:20](-[#8:21])(-[#6@:29])-[#1:40]>>[#7:7]=[#6:8]-[#16:19]-[#1].[#8](-[#6@:20](-[#8:21])(-[#6@:29])-[#1:40])-[#1],"EVODEX.2-P3834,EVODEX.2-P3836,EVODEX.2-P3841,EVODEX.2-P3843,EVODEX.2-P3847",82809279123777471660237377231991210762068473504711309303982625493667153954673
EVODEX.2-Dm679,[#6:6](=[#7:7])-[#16:13]-[#6@:14](-[#8:15])(-[#6@:23])-[#1:34].[#8:25](-[#1])-[#1]>>[#6:6](=[#7:7])-[#16:13]-[#1].[#6:14](-[#8:25]-[#1])(-[#8:15])(-[#6@:23])-[#1:34],"EVODEX.2-P3835,EVODEX.2-P3839,EVODEX.2-P3842,EVODEX.2-P3845,EVODEX.2-P3846",17233152030046204653096087275859373488925302838334308780645604791228038050763
EVODEX.2-Dm681,[#8:13]-[#6@@:14](-[#8:15]-[#6@:16])(-[#6:38]=[#8:39])-[#6:41]>>[#8:13]-[#6@@:14](-[#6:38]=[#8:39])(-[#8]-[#1])-[#6:41].[#8:15](-[#6@:16])-[#1],"EVODEX.2-P3874,EVODEX.2-P3875,EVODEX.2-P3877,EVODEX.2-P3879,EVODEX.2-P3883",101509126359461957696227816970877161873770699550039548291461414254144367909180
EVODEX.2-Dm682,[#7:14]-[#8:15]-[#6@:16](-[#8:17])(-[#6@:25])-[#1:36].[#8:27](-[#1])-[#1]>>[#8:27](-[#6@:16](-[#8:17])(-[#6@:25])-[#1:36])-[#1].[#7:14]-[#8:15]-[#1],"EVODEX.2-P3885,EVODEX.2-P5528,EVODEX.2-P5530,EVODEX.2-P5533,EVODEX.2-P5534",75531960907097443399957145954792817249402243145083128368623164399187745096369
EVODEX.2-Dm683,[#7:14]-[#8:15]-[#6@:16](-[#8:17])(-[#6@:25])-[#1:36]>>[#8](-[#6@:16](-[#8:17])(-[#6@:25])-[#1:36])-[#1].[#7:14]-[#8:15]-[#1],"EVODEX.2-P3886,EVODEX.2-P5529,EVODEX.2-P5531,EVODEX.2-P5532,EVODEX.2-P5535",65095909326676640442195243172127470013025209320282182899503940672247581573098
EVODEX.2-Dm684,[#6:61](-[#6@:2])(-[#8]-[#6@@])(-[#1:146])-[#1:147].[#8:74](-[#1])-[#1]>>[#6:61](-[#6@:2])(-[#8:74]-[#1])(-[#1:146])-[#1:147],"EVODEX.2-P3890,EVODEX.2-P3927,EVODEX.2-P3928,EVODEX.2-P3929,EVODEX.2-P3930",36425532080127072983213258432807035542103940608181647259442542578733880912382
EVODEX.2-Dm687,[#6:8]-[#6:9]1(-[#8:10]-[#6:11]-1)-[#1:40].[#8:24](-[#1])-[#1]>>[#6:8]-[#6:9](-[#6:11]-[#8:10]-[#1])(-[#8:24]-[#1])-[#1:40],"EVODEX.2-P3986,EVODEX.2-P3987,EVODEX.2-P3988,EVODEX.2-P3993,EVODEX.2-P3995",54839056133745167724804485212642929727608185643791559768947363777937894665436
EVODEX.2-Dm689,[#6:8]-[#6:9]1(-[#8:10]-[#6:11]-1)-[#1:20]>>[#8](-[#6:9](-[#6:8])(-[#6:11]-[#8:10]-[#1])-[#1:20])-[#1],"EVODEX.2-P3990,EVODEX.2-P3991,EVODEX.2-P3992,EVODEX.2-P3994,EVODEX.2-P3996",57633970727878610868723611967040457340102806639267407284069717979273902766788
EVODEX.2-Dm691,[#6:7](-[#6@:5])(=[#8:8])-[#7:9](-[#6:10]1:[#6:11]:[#6:12]:[#6:13]2:[#6:14]:[#6:19]:[#6:20](=[#8:21]):[#8:22]:[#6:23]:2:[#6:24]:1)-[#1]>>[#6:7](-[#6@:5])(=[#8:8])-[#8]-[#1].[#7:9](-[#6:10]1:[#6:11]:[#6:12]:[#6:13]2:[#6:14]:[#6:19]:[#6:20](=[#8:21]):[#8:22]:[#6:23]:2:[#6:24]:1)(-[#1])-[#1],"EVODEX.2-P4007,EVODEX.2-P4606,EVODEX.2-P4716,EVODEX.2-P4841,EVODEX.2-P4907",82648196119185301986302408235881760487087558642255412353250137656419118350334
EVODEX.2-Dm692,[#6](=[#6])-[#6]1:[#6]:[#6]:[#6](-[#7](-[#6:10](=[#8:11])-[#6@@:12])-[#1]):[#6]:[#6]:1>>[#6:10](=[#8:11])(-[#6@@:12])-[#8]-[#1],"EVODEX.2-P4020,EVODEX.2-P4247,EVODEX.2-P4713,EVODEX.2-P4714,EVODEX.2-P4885",4651377096810521480862602787675355269119453337884244819765748730184298155100
EVODEX.2-Dm695,[#6:12](-[#6@:2])(-[#7](-[#1])-[#1])=[#8:14].[#8:15](-[#1])-[#1]>>[#6:12](-[#6@:2])(=[#8:14])-[#8:15]-[#1],"EVODEX.2-P4040,EVODEX.2-P4912,EVODEX.2-P5375,EVODEX.2-P5423,EVODEX.2-P5552",19358205965114958064087190545012750011550915399599874681584469719913041371229
EVODEX.2-Dm696,[#6:7](-[#6@:5])(=[#8:8])-[#7:9](-[#6@@:10]-[#6:16](=[#8:17])-[#7:18](-[#6@@:19])-[#1])-[#1].[#8:94](-[#1])-[#1].[#8:95](-[#1])-[#1]>>[#6:7](-[#6@:5])(=[#8:8])-[#8:94]-[#1].[#7:18](-[#6@@:19])(-[#1])-[#1].[#7:9](-[#6@@:10]-[#6:16](=[#8:17])-[#8:95]-[#1])(-[#1])-[#1],"EVODEX.2-P4046,EVODEX.2-P4087,EVODEX.2-P4510,EVODEX.2-P4976,EVODEX.2-P5023",104724862294807237557115649543417921029319819221351139675894657635946761402654
EVODEX.2-Dm697,[#6:7](-[#6@:5])(=[#8:8])-[#7:9](-[#6@@:10]-[#6:16](=[#8:17])-[#7:18](-[#6@@:19])-[#1])-[#1]>>[#6:7](-[#6@:5])(=[#8:8])-[#8]-[#1].[#7:18](-[#6@@:19])(-[#1])-[#1].[#7:9](-[#6@@:10]-[#6:16](=[#8:17])-[#8]-[#1])(-[#1])-[#1],"EVODEX.2-P4047,EVODEX.2-P4786,EVODEX.2-P4801,EVODEX.2-P4807,EVODEX.2-P4809",79188598098700870783554362671578582125125642780761180696413002462312552260488
EVODEX.2-Dm700,[#6:2]-[#6:3](=[#8:4])-[#7](-[#6]1:[#6]:[#6]:[#6](-[#7&+]=[#8]):[#6]:[#6]:1)-[#1]>>[#6:2]-[#6:3](=[#8:4])-[#8]-[#1],"EVODEX.2-P4070,EVODEX.2-P4253,EVODEX.2-P4711,EVODEX.2-P4744,EVODEX.2-P4906",71630219718011560442505128961171913419723582651246018277178406401155597201916
EVODEX.2-Dm704,[#6:24]-[#7:25](-[#6:26](=[#7:27])-[#7:28])-[#1].[#8:43](-[#1])-[#1]>>[#6:26](=[#7:27])(-[#7:28])-[#8:43]-[#1].[#6:24]-[#7:25](-[#1])-[#1],"EVODEX.2-P4091,EVODEX.2-P4505,EVODEX.2-P4735,EVODEX.2-P5619,EVODEX.2-P5620",52035317548572283247207793937676255640542994369519744828055290180119793784595
EVODEX.2-Dm705,[#6:24]-[#7:25](-[#6:26](=[#7:27])-[#7:28])-[#1]>>[#6:26](=[#7:27])(-[#7:28])-[#8]-[#1].[#6:24]-[#7:25](-[#1])-[#1],"EVODEX.2-P4092,EVODEX.2-P4719,EVODEX.2-P5602,EVODEX.2-P5623,EVODEX.2-P5628",114653311154940899169019828293587259668968153125645460546983447854671285769350
EVODEX.2-Dm706,[#7:8](-[#6@:6])(-[#6:9](=[#8:10])-[#6:11](-[#7:12])(-[#6:13])-[#1:32])-[#1].[#8:21](-[#1])-[#1]>>[#6:9](=[#8:10])(-[#6@@:11](-[#7:12])(-[#6:13])-[#1:32])-[#8:21]-[#1].[#7:8](-[#6@:6])(-[#1])-[#1],"EVODEX.2-P4099,EVODEX.2-P4251,EVODEX.2-P4732,EVODEX.2-P4901,EVODEX.2-P5139",65154613498313952246860157602827834703121252176168905638425787540614321979443
EVODEX.2-Dm707,[#7:13](-[#6:14]1:[#6:15]:[#6:16]:[#6:17](-[#7&+:18]=[#8:19]):[#6:21]:[#6:22]:1)(-[#1])-[#1].[#6:10](-[#6@:8])(=[#8:11])-[#8]-[#1]>>[#6:10](-[#6@:8])(=[#8:11])-[#7:13](-[#6:14]1:[#6:15]:[#6:16]:[#6:17](-[#7&+:18]=[#8:19]):[#6:21]:[#6:22]:1)-[#1],"EVODEX.2-P4108,EVODEX.2-P4446,EVODEX.2-P4534,EVODEX.2-P4597,EVODEX.2-P4675",30298850635206654916213905992401521837551018502962993635471377211237689370651
EVODEX.2-Dm708,[#6:7](-[#6@:5])(=[#8:8])-[#8:9]-[#1].[#7:10](-[#6:11]1:[#6:12]:[#6:13]:[#6:14](-[#7&+:15]=[#8:16]):[#6:18]:[#6:19]:1)(-[#1])-[#1]>>[#6:7](-[#6@:5])(=[#8:8])-[#7:10](-[#6:11]1:[#6:12]:[#6:13]:[#6:14](-[#7&+:15]=[#8:16]):[#6:18]:[#6:19]:1)-[#1].[#8:9](-[#1])-[#1],"EVODEX.2-P4109,EVODEX.2-P4447,EVODEX.2-P4525,EVODEX.2-P4536,EVODEX.2-P4738",102548132305537091933046262884217520839613889952914884371446183945456433809267
EVODEX.2-Dm709,[#6:10](-[#6@@:2])(=[#8:11])-[#8]-[#1]>>[#6:10](-[#6@@:2])(=[#8:11])-[#7](-[#6]1:[#6]:[#6]:[#6](-[#7&+]=[#8]):[#6]:[#6]:1)-[#1],"EVODEX.2-P4110,EVODEX.2-P4442,EVODEX.2-P4598,EVODEX.2-P4627,EVODEX.2-P4740",69719433785102851482109934167524930541391976010632585876905281854022478949301
EVODEX.2-Dm710,[#6:7]-[#6:8](=[#8:9])-[#7:10](-[#6@@:11])-[#1]>>[#6:7]-[#6:8](=[#8:9])-[#8]-[#1].[#7:10](-[#6@@:11])(-[#1])-[#1],"EVODEX.2-P4152,EVODEX.2-P4558,EVODEX.2-P4704,EVODEX.2-P5127,EVODEX.2-P5174",79596132426590414460896235046590803619680393208457234291812208240321733550358
EVODEX.2-Dm711,[#6](=[#6])-[#6]1:[#6]:[#6]:[#6](-[#7](-[#6:10](=[#8:11])-[#6@@:12])-[#1]):[#6]:[#6]:1.[#8:26](-[#1])-[#1]>>[#6:10](=[#8:11])(-[#6@@:12])-[#8:26]-[#1],"EVODEX.2-P4157,EVODEX.2-P4248,EVODEX.2-P4513,EVODEX.2-P4712,EVODEX.2-P4814",78392165282696765892247429788173472678542062515538647054171858904895229198969
EVODEX.2-Dm712,[#6:10](-[#6@:8])(=[#8:11])-[#7:12](-[#6@@:13])-[#1].[#8:21](-[#1])-[#1]>>[#7:12](-[#6@@:13])(-[#1])-[#1].[#6:10](-[#6@:8])(=[#8:11])-[#8:21]-[#1],"EVODEX.2-P4160,EVODEX.2-P4429,EVODEX.2-P4664,EVODEX.2-P4684,EVODEX.2-P4707",114186845560407998358248103341180002290736573565677413408452852578210847290470
EVODEX.2-Dm713,[#6:7](-[#6@:5])(=[#8:8])-[#7:9](-[#6:10])-[#6@:13]>>[#6:7](-[#6@:5])(=[#8:8])-[#8]-[#1].[#7:9](-[#6:10])(-[#6@:13])-[#1],"EVODEX.2-P4168,EVODEX.2-P4217,EVODEX.2-P4989,EVODEX.2-P5018,EVODEX.2-P5297",81285523849272462025849893339527803187422276110357802532295847529636322701299
EVODEX.2-Dm714,[#6:4](-[#6@:2])(=[#8:5])-[#7:6](-[#6:7])-[#6@:10].[#8:18](-[#1])-[#1]>>[#6:4](-[#6@:2])(=[#8:5])-[#8:18]-[#1].[#7:6](-[#6:7])(-[#6@:10])-[#1],"EVODEX.2-P4170,EVODEX.2-P4183,EVODEX.2-P4215,EVODEX.2-P4323,EVODEX.2-P4998",102410344606543229717495254166599027643329457948464542717938069684381584134189
EVODEX.2-Dm715,[#6:4]-[#6:5](-[#7:6](-[#6:7](=[#8:8])-[#6:9](-[#6:10])(-[#7:13])-[#1:29])-[#1])(-[#6:14]=[#8:16])-[#1:27].[#8:17](-[#1])-[#1]>>[#6:7](=[#8:8])(-[#6@:9](-[#6:10])(-[#7:13])-[#1:29])-[#8:17]-[#1].[#6:4]-[#6@:5](-[#7:6](-[#1])-[#1])(-[#6:14]=[#8:16])-[#1:27],"EVODEX.2-P4194,EVODEX.2-P4583,EVODEX.2-P4861,EVODEX.2-P5140,EVODEX.2-P5176",5558725435974670977386205898820099553843125500424872316843038306276581773204
EVODEX.2-Dm716,[#6:13](-[#6@:5])(-[#7:14](-[#1])-[#1])=[#8:15]>>[#6:13](-[#6@:5])(=[#8:15])-[#8]-[#1].[#7:14](-[#1])(-[#1])-[#1],"EVODEX.2-P4223,EVODEX.2-P4224,EVODEX.2-P5391,EVODEX.2-P5416,EVODEX.2-P5425",73741616157309332244703729876524952980626330899941651084590343371169993702548
EVODEX.2-Dm717,([#6:9](-[#6@@:7])(=[#8:10])-[#7:11](-[#6@@:12])-[#1].[#6:19](-[#6@@:17])(=[#8:20])-[#7:21](-[#6@@:22])-[#1]).[#8:32](-[#1])-[#1].[#8:33](-[#1])-[#1]>>[#6:9](-[#6@@:7])(=[#8:10])-[#8:32]-[#1].([#7:11](-[#6@@:12])(-[#1])-[#1].[#6:19](-[#6@@:17])(=[#8:20])-[#8:33]-[#1]).[#7:21](-[#6@@:22])(-[#1])-[#1],"EVODEX.2-P4228,EVODEX.2-P4506,EVODEX.2-P4578,EVODEX.2-P4674,EVODEX.2-P5138",61781986644006111530110421699797458937156251422990180217825682010850141822345
EVODEX.2-Dm718,[#6:14](-[#6@:2])(=[#8:15])-[#7](-[#6]1:[#6]:[#6]:[#6](-[#7&+]=[#8]):[#6]:[#6]:1)-[#1].[#8:26](-[#1])-[#1]>>[#6:14](-[#6@:2])(=[#8:15])-[#8:26]-[#1],"EVODEX.2-P4237,EVODEX.2-P4522,EVODEX.2-P4537,EVODEX.2-P4884,EVODEX.2-P5553",55478206694431864669609462092327494965731912414097152321180031664201996420579
EVODEX.2-Dm719,[#6:9](-[#6@@:7])(=[#8:10])-[#7](-[#6]1:[#6]:[#6]:[#6]:[#6]:[#6]:1-[#7&+]=[#8])-[#1]>>[#6:9](-[#6@@:7])(=[#8:10])-[#8]-[#1],"EVODEX.2-P4241,EVODEX.2-P5238,EVODEX.2-P5242,EVODEX.2-P5245,EVODEX.2-P5247",28059260560443178917325189919534856834506312457719193527806843480536858682226
EVODEX.2-Dm720,[#6:14](-[#6@:13])(=[#8:15])-[#7:16](-[#6:17]1:[#6:18]:[#6:19]:[#6:20](:[#6:21]:[#6:22]:1)-[#6:26]=[#6:25])-[#1]>>[#6:14](-[#6@:13])(=[#8:15])-[#8]-[#1].[#7:16](-[#6:17]1:[#6:18]:[#6:19]:[#6:20](:[#6:21]:[#6:22]:1)-[#6:26]=[#6:25])(-[#1])-[#1],"EVODEX.2-P4249,EVODEX.2-P4717,EVODEX.2-P4815,EVODEX.2-P4826,EVODEX.2-P4921",14697495470129709417498564897213852139645744520814886888680157948020389663660
EVODEX.2-Dm721,[#6:14](-[#6@:13])(=[#8:15])-[#7:16](-[#6:17]1:[#6:18]:[#6:19]:[#6:20]:[#6:21]:[#6:22]:1)-[#1]>>[#6:14](-[#6@:13])(=[#8:15])-[#8]-[#1].[#7:16](-[#6:17]1:[#6:18]:[#6:19]:[#6:20]:[#6:21]:[#6:22]:1)(-[#1])-[#1],"EVODEX.2-P4250,EVODEX.2-P4258,EVODEX.2-P4259,EVODEX.2-P4260,EVODEX.2-P4264",23195408239718571243382036309142102478191318659489816243288910870966639501497
EVODEX.2-Dm722,[#7:5]-[#6:9](-[#6:8])(-[#6:10](=[#8:11])-[#7:12](-[#6:13])-[#1])-[#1:28]>>[#7:12](-[#6:13])(-[#1])-[#1].[#7:5]-[#6@@:9](-[#6:8])(-[#6:10](=[#8:11])-[#8]-[#1])-[#1:28],"EVODEX.2-P4252,EVODEX.2-P4733,EVODEX.2-P4895,EVODEX.2-P4902,EVODEX.2-P4904",29643571029988843274093741576909164978720032747360960288001567596785027995909
EVODEX.2-Dm723,[#6:14](-[#6@:13])(=[#8:15])-[#7:16](-[#6:17]1:[#6:18]:[#6:19]:[#6:20](-[#7&+:21]=[#8:22]):[#6:24]:[#6:25]:1)-[#1].[#8:26](-[#1])-[#1]>>[#6:14](-[#6@:13])(=[#8:15])-[#8:26]-[#1].[#7:16](-[#6:17]1:[#6:18]:[#6:19]:[#6:20](-[#7&+:21]=[#8:22]):[#6:24]:[#6:25]:1)(-[#1])-[#1],"EVODEX.2-P4254,EVODEX.2-P4556,EVODEX.2-P4760,EVODEX.2-P4883,EVODEX.2-P4920",15595820443855252658813250235311109944137544588612209682392031642084831965037
EVODEX.2-Dm724,[#6:10](-[#6@:9])(=[#8:11])-[#7:12](-[#6:13]1:[#6:14]:[#6:15]:[#6:16]:[#6:17]:[#6:18]:1)-[#1].[#8:41](-[#1])-[#1]>>[#7:12](-[#6:13]1:[#6:14]:[#6:15]:[#6:16]:[#6:17]:[#6:18]:1)(-[#1])-[#1].[#6:10](-[#6@:9])(=[#8:11])-[#8:41]-[#1],"EVODEX.2-P4257,EVODEX.2-P4261,EVODEX.2-P4262,EVODEX.2-P4263,EVODEX.2-P5187",60165073275287953440294025670459664636891120227291239505180144917982977588527
EVODEX.2-Dm725,[#6:18](-[#6@:5])(=[#8:19])-[#7:20](-[#6:21]1:[#6:22]:[#6:23]:[#6:24](:[#6:25]:[#6:26]:1)-[#6:30]=[#6:29])-[#1].[#8:32](-[#1])-[#1]>>[#6:18](-[#6@:5])(=[#8:19])-[#8:32]-[#1].[#7:20](-[#6:21]1:[#6:22]:[#6:23]:[#6:24](:[#6:25]:[#6:26]:1)-[#6:30]=[#6:29])(-[#1])-[#1],"EVODEX.2-P4268,EVODEX.2-P4584,EVODEX.2-P4665,EVODEX.2-P4734,EVODEX.2-P4856",97612319989601781485397014766186054036218861136347815195585272943441893520415
EVODEX.2-Dm726,([#7:25](-[#6@:20])(-[#6:26](=[#8:27])-[#6:28])-[#1].[#6:42](-[#6@:5])(=[#8:43])-[#7:44](-[#6@@:45])-[#1])>>[#6:26](=[#8:27])(-[#6:28])-[#8]-[#1].([#7:25](-[#6@:20])(-[#1])-[#1].[#6:42](-[#6@:5])(=[#8:43])-[#8]-[#1]).[#7:44](-[#6@@:45])(-[#1])-[#1],"EVODEX.2-P4269,EVODEX.2-P4579,EVODEX.2-P5021,EVODEX.2-P5128,EVODEX.2-P5186",45031725073623766610217306311783908993826244258910650788379176899012294187396
EVODEX.2-Dm727,[#6:18](=[#8:19])-[#6@:20](-[#6:21])(-[#7:22](-[#6:23](=[#8:24])-[#6@:25])-[#1])-[#1:63].[#8:40](-[#1])-[#1]>>[#6:23](=[#8:24])(-[#6@:25])-[#8:40]-[#1].[#6:18](=[#8:19])-[#6:20](-[#6:21])(-[#7:22](-[#1])-[#1])-[#1:63],"EVODEX.2-P4297,EVODEX.2-P4842,EVODEX.2-P4844,EVODEX.2-P4846,EVODEX.2-P5016",11392953634598220697751780540527015406084448708735741761809986763822531453444
EVODEX.2-Dm728,[#6:21](-[#6@:20])(=[#8:22])-[#7:23](-[#6:24]1:[#6:25]:[#6:26]:[#6:27](-[#7&+:28]=[#8:29]):[#6:31]:[#6:32]:1)-[#1]>>[#6:21](-[#6@:20])(=[#8:22])-[#8]-[#1].[#7:23](-[#6:24]1:[#6:25]:[#6:26]:[#6:27](-[#7&+:28]=[#8:29]):[#6:31]:[#6:32]:1)(-[#1])-[#1],"EVODEX.2-P4298,EVODEX.2-P4397,EVODEX.2-P4631,EVODEX.2-P4757,EVODEX.2-P4928",17244353007596412296778174001435133099493593424241229902267659707745306092566
EVODEX.2-Dm729,[#7:9](-[#6@:8])(-[#6:10](=[#8:11])-[#8:12])-[#1]>>[#6:10](=[#8:11])(-[#8:12])-[#8]-[#1].[#7:9](-[#6@:8])(-[#1])-[#1],"EVODEX.2-P4303,EVODEX.2-P4341,EVODEX.2-P5266,EVODEX.2-P5357,EVODEX.2-P5489",32002039005927764667135542305747063064282558214366306223202394479349002586800
EVODEX.2-Dm733,[#6:30](-[#6@:4])(=[#8:31])-[#8:32]-[#1]>>[#6:30](-[#6@:4])(=[#8:31])-[#7](-[#6]1:[#6]:[#6]:[#6](-[#7&+]=[#8]):[#6]:[#6]:1)-[#1].[#8:32](-[#1])-[#1],"EVODEX.2-P4448,EVODEX.2-P4523,EVODEX.2-P4524,EVODEX.2-P4535,EVODEX.2-P4739",10016155112839389200449625635660509274178783246454511994524109695800017246043
EVODEX.2-Dm735,[#6:38](-[#6@:10])(=[#8:39])-[#8:40]-[#1].[#7:43](-[#6:44]1:[#6:45]:[#6:46]:[#6:47](-[#7&+:48]=[#8:49]):[#6:51](-[#6:52]=[#8:53]):[#6:55]:1)(-[#1])-[#1]>>[#6:38](-[#6@:10])(=[#8:39])-[#7:43](-[#6:44]1:[#6:45]:[#6:46]:[#6:47](-[#7&+:48]=[#8:49]):[#6:51](-[#6:52]=[#8:53]):[#6:55]:1)-[#1].[#8:40](-[#1])-[#1],"EVODEX.2-P4459,EVODEX.2-P4463,EVODEX.2-P4466,EVODEX.2-P4469,EVODEX.2-P4471",79791939177187760545790334391081511660846800422083941461882463252166908437990
EVODEX.2-Dm736,[#6:27](-[#6@@:19])(=[#8:28])-[#8:29]-[#1].[#6:31]1:[#6:32]:[#6:33](=[#8:34]):[#8:35]:[#6:36]2:[#6:37]:[#6:38](-[#7:39](-[#1])-[#1]):[#6:40]:[#6:41]:[#6:42]:1:2>>[#6:27](-[#6@@:19])(=[#8:28])-[#7:39](-[#6:38]1:[#6:37]:[#6:36]2:[#8:35]:[#6:33](=[#8:34]):[#6:32]:[#6:31]:[#6:42]:2:[#6:41]:[#6:40]:1)-[#1].[#8:29](-[#1])-[#1],"EVODEX.2-P4480,EVODEX.2-P4601,EVODEX.2-P4603,EVODEX.2-P4632,EVODEX.2-P4676",62987079829687207998332909387947129121440704583351586013348371793009946996818
EVODEX.2-Dm737,[#8]=[#6](-[#7:4](-[#6@@:5])-[#1])-[#6]1:[#6]:[#6]:[#6]:[#6]:[#6]:1>>[#7:4](-[#6@@:5])(-[#1])-[#1],"EVODEX.2-P4482,EVODEX.2-P4926,EVODEX.2-P5252,EVODEX.2-P5254,EVODEX.2-P5306",61344323485556907994136187345358538370609967509725668257177259055078026117071
EVODEX.2-Dm738,[#6:2]1:[#6:3]:[#6:4](=[#8:5]):[#8:6]:[#6:7]2:[#6:8]:[#6:9](-[#7:10](-[#6:11](=[#8:12])-[#6@:13])-[#1]):[#6:37]:[#6:38]:[#6:39]:1:2.[#8:40](-[#1])-[#1]>>[#6:11](=[#8:12])(-[#6@:13])-[#8:40]-[#1].[#6:2]1:[#6:3]:[#6:4](=[#8:5]):[#8:6]:[#6:7]2:[#6:8]:[#6:9](-[#7:10](-[#1])-[#1]):[#6:37]:[#6:38]:[#6:39]:1:2,"EVODEX.2-P4496,EVODEX.2-P4511,EVODEX.2-P4512,EVODEX.2-P4763,EVODEX.2-P4840",35435391145837792718243188131260250689611498887003808918849678545483178944792
EVODEX.2-Dm739,[#6:2]1:[#6:3]:[#6:4](=[#8:5]):[#8:6]:[#6:7]2:[#6:8]:[#6:9]:[#6:10](-[#7:11](-[#6:12](=[#8:13])-[#6@:14])-[#1]):[#6:43]:[#6:44]:1:2>>[#6:12](=[#8:13])(-[#6@:14])-[#8]-[#1].[#6:2]1:[#6:3]:[#6:4](=[#8:5]):[#8:6]:[#6:7]2:[#6:8]:[#6:9]:[#6:10](-[#7:11](-[#1])-[#1]):[#6:43]:[#6:44]:1:2,"EVODEX.2-P4514,EVODEX.2-P4566,EVODEX.2-P4567,EVODEX.2-P4569,EVODEX.2-P4575",26226393009758910231876713474102240658376149708544510401195067830657107595772
EVODEX.2-Dm740,[#6:27](-[#6@:26])(=[#8:28])-[#7:29](-[#6:30]1:[#6:31]:[#6:32]:[#6:33]2:[#8:34]:[#6:35](=[#8:36]):[#6:37]:[#6:38]:[#6:43]:2:[#6:44]:1)-[#1].[#8:45](-[#1])-[#1]>>[#7:29](-[#6:30]1:[#6:31]:[#6:32]:[#6:33]2:[#8:34]:[#6:35](=[#8:36]):[#6:37]:[#6:38]:[#6:43]:2:[#6:44]:1)(-[#1])-[#1].[#6:27](-[#6@:26])(=[#8:28])-[#8:45]-[#1],"EVODEX.2-P4559,EVODEX.2-P4561,EVODEX.2-P4563,EVODEX.2-P4572,EVODEX.2-P4576",85767478498855998277305784561937343453645006909815458892140361258943364158906
EVODEX.2-Dm741,[#6:27](-[#6@:26])(=[#8:28])-[#7](-[#6]1:[#6]:[#6]:[#6]2:[#8]:[#6](=[#8]):[#6]:[#6]:[#6]:2:[#6]:1)-[#1]>>[#6:27](-[#6@:26])(=[#8:28])-[#8]-[#1],"EVODEX.2-P4560,EVODEX.2-P4564,EVODEX.2-P4568,EVODEX.2-P4570,EVODEX.2-P4574",59110117624644247782097934287071176211081369539147722329661904205506064732834
EVODEX.2-Dm744,[#16:5](=[#8:6])(=[#8:7])-[#6:8]1:[#6:9]:[#6:10]:[#6:11]:[#6:12]2:[#6:13]:[#6:14](-[#7:15](-[#6:16](=[#8:17])-[#6@:18])-[#1]):[#6:42]:[#6:43]:[#6:44]:1:2>>[#6:16](=[#8:17])(-[#6@:18])-[#8]-[#1].[#16:5](=[#8:6])(=[#8:7])-[#6:8]1:[#6:9]:[#6:10]:[#6:11]:[#6:12]2:[#6:13]:[#6:14](-[#7:15](-[#1])-[#1]):[#6:42]:[#6:43]:[#6:44]:1:2,"EVODEX.2-P4581,EVODEX.2-P4746,EVODEX.2-P4748,EVODEX.2-P4754,EVODEX.2-P4759",113082844515918600329893031201283939402850731069870351759218563415172533092772
EVODEX.2-Dm745,[#6:50](-[#6@:21])(=[#8:51])-[#8]-[#1]>>[#6]1:[#6]:[#6](=[#8]):[#8]:[#6]2:[#6]:[#6](-[#7](-[#6:50](-[#6@:21])=[#8:51])-[#1]):[#6]:[#6]:[#6]:1:2,"EVODEX.2-P4599,EVODEX.2-P4628,EVODEX.2-P4629,EVODEX.2-P4668,EVODEX.2-P4678",99221170277698289057427295072498142669295731533027717477872494795047511566613
EVODEX.2-Dm746,[#6:33](-[#6@@:27])(=[#8:34])-[#8:35]-[#1]>>[#6:33](-[#6@@:27])(=[#8:34])-[#7](-[#6]1:[#6]:[#6]2:[#8]:[#6](=[#8]):[#6]:[#6]:[#6]:2:[#6]:[#6]:1)-[#1].[#8:35](-[#1])-[#1],"EVODEX.2-P4600,EVODEX.2-P4602,EVODEX.2-P4605,EVODEX.2-P4666,EVODEX.2-P4878",109819682602865085677188824107105844289668098490002338248010324564580510398519
EVODEX.2-Dm747,[#6:2]1:[#6:3]:[#6:4](=[#8:5]):[#8:6]:[#6:7]2:[#6:8]:[#6:9](-[#7:10](-[#1])-[#1]):[#6:11]:[#6:12]:[#6:13]:1:2.[#6:49](-[#6@:19])(=[#8:50])-[#8]-[#1]>>[#6:2]1:[#6:3]:[#6:4](=[#8:5]):[#8:6]:[#6:7]2:[#6:8]:[#6:9](-[#7:10](-[#6:49](-[#6@:19])=[#8:50])-[#1]):[#6:11]:[#6:12]:[#6:13]:1:2,"EVODEX.2-P4604,EVODEX.2-P4607,EVODEX.2-P4667,EVODEX.2-P4677,EVODEX.2-P5228",55549444229711172621111893920776626633159362923475887205213405706824022891690
EVODEX.2-Dm748,[#6:35](-[#6@@:27])(=[#8:36])-[#8]-[#1].[#6:43]-[#7:44](-[#1])-[#1]>>[#6:35](-[#6@@:27])(=[#8:36])-[#7:44](-[#6:43])-[#1],"EVODEX.2-P4615,EVODEX.2-P5289,EVODEX.2-P5490,EVODEX.2-P6473,EVODEX.2-P6846",24781576275500934150830407533750641749638840529813724917087563489005712849188
EVODEX.2-Dm749,[#6:45](-[#6@:2])(=[#8:46])-[#8:47]-[#1].[#7:48](-[#6:49])(-[#1])-[#1]>>[#6:45](-[#6@:2])(=[#8:46])-[#7:48](-[#6:49])-[#1].[#8:47](-[#1])-[#1],"EVODEX.2-P4640,EVODEX.2-P4659,EVODEX.2-P5226,EVODEX.2-P5323,EVODEX.2-P5488",67750154640340793343731802634223065741681683840325248887327469573683027818216
EVODEX.2-Dm750,[#6:18](-[#6@:2])(-[#7:19](-[#1])-[#1])=[#8:20].[#8:21](-[#1])-[#1]>>[#6:18](-[#6@:2])(=[#8:20])-[#8:21]-[#1].[#7:19](-[#1])(-[#1])-[#1],"EVODEX.2-P4737,EVODEX.2-P4818,EVODEX.2-P5248,EVODEX.2-P5326,EVODEX.2-P5554",8133504885653743724821200234263147304183375882375076370101244733527701075414
EVODEX.2-Dm751,[#16:5](=[#8:6])(=[#8:7])-[#6:8]1:[#6:9]:[#6:10]:[#6:11]:[#6:12]2:[#6:13]:[#6:14](-[#7:15](-[#6:16](=[#8:17])-[#6@:18])-[#1]):[#6:48]:[#6:49]:[#6:50]:1:2.[#8:51](-[#1])-[#1]>>[#6:16](=[#8:17])(-[#6@:18])-[#8:51]-[#1].[#16:5](=[#8:6])(=[#8:7])-[#6:8]1:[#6:9]:[#6:10]:[#6:11]:[#6:12]2:[#6:13]:[#6:14](-[#7:15](-[#1])-[#1]):[#6:48]:[#6:49]:[#6:50]:1:2,"EVODEX.2-P4745,EVODEX.2-P4747,EVODEX.2-P4749,EVODEX.2-P4750,EVODEX.2-P4758",85743225070784271953256026221662614482749115899237705855883997855862331294215
EVODEX.2-Dm752,[#16:5](=[#8:6])(=[#8:7])-[#6:8]1:[#6:9]:[#6:10]:[#6:11]:[#6:12]2:[#6:13]:[#6:14](-[#7:15](-[#6](=[#8])-[#6@])-[#1]):[#6:45]:[#6:46]:[#6:47]:1:2>>[#16:5](=[#8:6])(=[#8:7])-[#6:8]1:[#6:9]:[#6:10]:[#6:11]:[#6:12]2:[#6:13]:[#6:14](-[#7:15](-[#1])-[#1]):[#6:45]:[#6:46]:[#6:47]:1:2,"EVODEX.2-P4751,EVODEX.2-P4752,EVODEX.2-P4753,EVODEX.2-P4755,EVODEX.2-P4756",3129887708957342691834600672374825145153079197009402011998955795093153564012
EVODEX.2-Dm753,[#6:4](=[#8:5])-[#6:6](-[#6:7])(-[#7:9](-[#6:10](=[#8:11])-[#6@:12])-[#1])-[#1:56]>>[#6:10](=[#8:11])(-[#6@:12])-[#8]-[#1].[#6:4](=[#8:5])-[#6@:6](-[#6:7])(-[#7:9](-[#1])-[#1])-[#1:56],"EVODEX.2-P4761,EVODEX.2-P4823,EVODEX.2-P4843,EVODEX.2-P4845,EVODEX.2-P5020",69846054439830194699817202520831180391117117844906041493474378989513035905657
EVODEX.2-Dm754,[#6](-[#6@])(=[#8])-[#7:40](-[#6:41]1:[#6:42]:[#6:43]:[#6:44](-[#7&+:45]=[#8:46]):[#6:48](-[#6:49]=[#8:50]):[#6:60]:1)-[#1]>>[#7:40](-[#6:41]1:[#6:42]:[#6:43]:[#6:44](-[#7&+:45]=[#8:46]):[#6:48](-[#6:49]=[#8:50]):[#6:60]:1)(-[#1])-[#1],"EVODEX.2-P4766,EVODEX.2-P4769,EVODEX.2-P4772,EVODEX.2-P4774,EVODEX.2-P4776",19240536673180785977065254788763937099655924956078712912685306319813151913886
EVODEX.2-Dm755,[#7](-[#6@])(-[#6:19](=[#8:20])-[#6@:21]-[#7:26](-[#6:27](=[#8:28])-[#6@@:29])-[#1])-[#1].[#8:57](-[#1])-[#1].[#8:58](-[#1])-[#1]>>[#6:19](=[#8:20])(-[#6@:21]-[#7:26](-[#1])-[#1])-[#8:57]-[#1].[#6:27](=[#8:28])(-[#6@@:29])-[#8:58]-[#1],"EVODEX.2-P4780,EVODEX.2-P4789,EVODEX.2-P4794,EVODEX.2-P4800,EVODEX.2-P4812",80883529164074692291157144935934931837687439663333398537234726728447910736006
EVODEX.2-Dm756,[#7:6](-[#6@:5]-[#6:34](=[#8:35])-[#7](-[#6@@])-[#1])(-[#6:7](=[#8:8])-[#6@@:9])-[#1]>>[#6:7](=[#8:8])(-[#6@@:9])-[#8]-[#1].[#7:6](-[#6@:5]-[#6:34](=[#8:35])-[#8]-[#1])(-[#1])-[#1],"EVODEX.2-P4787,EVODEX.2-P4802,EVODEX.2-P4808,EVODEX.2-P4811,EVODEX.2-P4813",14102649133800999242118124360050159557320616948484704563423591627085906791321
EVODEX.2-Dm757,[#7:27]-[#6:28](-[#6:29])(-[#6:36](=[#8:37])-[#7:38](-[#6:39](-[#6:40])(-[#6:47]=[#8:48])-[#1:132])-[#1])-[#1:120]>>[#7:27]-[#6@@:28](-[#6:29])(-[#6:36](=[#8:37])-[#8]-[#1])-[#1:120].[#7:38](-[#6@:39](-[#6:40])(-[#6:47]=[#8:48])-[#1:132])(-[#1])-[#1],"EVODEX.2-P4865,EVODEX.2-P4868,EVODEX.2-P4872,EVODEX.2-P5141,EVODEX.2-P5177",1456859885917930591647160832365092763775372191233102783424704879333035669363
EVODEX.2-Dm758,[#6:16](-[#6@:5])(=[#8:17])-[#8]-[#1]>>[#6:16](-[#6@:5])(=[#8:17])-[#7](-[#1])-[#1],"EVODEX.2-P4877,EVODEX.2-P5328,EVODEX.2-P5408,EVODEX.2-P5410,EVODEX.2-P5418",99950457550561024493605686205184415361890280483619580379842117337095135180204
EVODEX.2-Dm760,[#7:11]-[#6:12](=[#7:13])-[#7](-[#1])-[#1].[#8:23](-[#1])-[#1]>>[#7:11]-[#6:12](=[#7:13])-[#8:23]-[#1],"EVODEX.2-P4927,EVODEX.2-P5606,EVODEX.2-P5607,EVODEX.2-P5611,EVODEX.2-P5613",40737008008624423456771998542466503988141964297518883605282868320410138665589
EVODEX.2-Dm761,[#6:2](=[#8:3])-[#6:4](-[#8:5])(-[#1:15])-[#1].[#6:9]-[#6:10](=[#8:11])-[#1:27]>>[#6:2](=[#8:3])-[#6@:4](-[#8:5])(-[#6@:10](-[#6:9])(-[#8:11]-[#1])-[#1:27])-[#1:15],"EVODEX.2-P4975,EVODEX.2-P5847,EVODEX.2-P5862,EVODEX.2-P5865,EVODEX.2-P5873",73246595893564177069378315045084535998174255130881950006482729664580631016092
EVODEX.2-Dm762,[#6:7](-[#6@@:2])(=[#8:8])-[#7](-[#8])-[#1].[#8:11](-[#1])-[#1]>>[#6:7](-[#6@@:2])(=[#8:8])-[#8:11]-[#1],"EVODEX.2-P5189,EVODEX.2-P5319,EVODEX.2-P5333,EVODEX.2-P5380,EVODEX.2-P5385",59838743471370712640280700385911265600965920866039625371193522625272207212401
EVODEX.2-Dm763,[#6:4]-[#6:5](=[#8:6])-[#7:7](-[#8:8])-[#1].[#8:12](-[#1])-[#1]>>[#6:4]-[#6:5](=[#8:6])-[#8:12]-[#1].[#7:7](-[#8:8])(-[#1])-[#1],"EVODEX.2-P5190,EVODEX.2-P5194,EVODEX.2-P5379,EVODEX.2-P5384,EVODEX.2-P5401",35325128478538960734419264644566036564762258677745485686956953582686601945093
EVODEX.2-Dm764,[#6:4]-[#6:5](=[#8:6])-[#7](-[#8])-[#1]>>[#6:4]-[#6:5](=[#8:6])-[#8]-[#1],"EVODEX.2-P5191,EVODEX.2-P5334,EVODEX.2-P5377,EVODEX.2-P5381,EVODEX.2-P5397",107277746755644297482613512679936137990926232008219388851294365783329749957933
EVODEX.2-Dm765,[#6:4](-[#6@@:3])(=[#8:5])-[#8]-[#1].[#7:1](-[#1])(-[#1])-[#1]>>[#7:1](-[#6:4](-[#6@:3])=[#8:5])(-[#1])-[#1],"EVODEX.2-P5222,EVODEX.2-P5324,EVODEX.2-P5382,EVODEX.2-P5411,EVODEX.2-P5414",93596460602167143618292606624164256556283492068510415801373028309337943617888
EVODEX.2-Dm766,[#6:5]-[#6:6](=[#8:7])-[#8:8]-[#1]>>[#7](-[#6:6](-[#6:5])=[#8:7])(-[#1])-[#1].[#8:8](-[#1])-[#1],"EVODEX.2-P5318,EVODEX.2-P5325,EVODEX.2-P5383,EVODEX.2-P5406,EVODEX.2-P5409",64253977641688564201597214223076950157357143476319587008109479294763770886791
EVODEX.2-Dm767,[#6:4]-[#6:5](=[#8:6])-[#7:7](-[#8:8])-[#1]>>[#6:4]-[#6:5](=[#8:6])-[#8]-[#1].[#7:7](-[#8:8])(-[#1])-[#1],"EVODEX.2-P5320,EVODEX.2-P5335,EVODEX.2-P5378,EVODEX.2-P5388,EVODEX.2-P5398",32934689783614730774227983648114514788253062476373893448016588613612782393735
EVODEX.2-Dm768,[#7:1](-[#8:2])(-[#1])-[#1].[#6:6]-[#6:7](=[#8:8])-[#8]-[#1]>>[#7:1](-[#8:2])(-[#6:7](-[#6:6])=[#8:8])-[#1],"EVODEX.2-P5329,EVODEX.2-P5331,EVODEX.2-P6035,EVODEX.2-P6169,EVODEX.2-P6233",20474375730974925258684049786689438101267591920223848718152409072049918853849
EVODEX.2-Dm769,[#6:3]-[#6:10](=[#8:11])-[#8:12]-[#1].[#7:13](-[#8:14])(-[#1])-[#1]>>[#6:3]-[#6:10](=[#8:11])-[#7:13](-[#8:14])-[#1].[#8:12](-[#1])-[#1],"EVODEX.2-P5332,EVODEX.2-P5376,EVODEX.2-P5386,EVODEX.2-P5399,EVODEX.2-P5402",112728635656132697121676153707620360204674345809548150389741673785531276173253
EVODEX.2-Dm770,[#7](-[#6:2](=[#8:3])-[#7:4](-[#6:5])-[#1])(-[#1])-[#1].[#8:13](-[#1])-[#1]>>[#6:2](=[#8:3])=[#8:13].[#7:4](-[#6:5])(-[#1])-[#1],"EVODEX.2-P5336,EVODEX.2-P5430,EVODEX.2-P5438,EVODEX.2-P5440,EVODEX.2-P5446",20641103023409652007002599167425497992643287058265661351041152905181065302462
EVODEX.2-Dm771,[#8:3]=[#6:4](-[#8]-[#1])-[#6:6]>>[#7](-[#8])(-[#6:4](=[#8:3])-[#6:6])-[#1],"EVODEX.2-P5387,EVODEX.2-P6033,EVODEX.2-P6034,EVODEX.2-P6234,EVODEX.2-P6261",90156053398099459900067483560345085331778356971791385448373585608786094196997
EVODEX.2-Dm772,[#6:5]-[#7:6](-[#6:7](-[#7:8](-[#1])-[#1])=[#8:9])-[#1].[#8:10](-[#1])-[#1]>>[#6:7](=[#8:9])=[#8:10].[#6:5]-[#7:6](-[#1])-[#1].[#7:8](-[#1])(-[#1])-[#1],"EVODEX.2-P5429,EVODEX.2-P5431,EVODEX.2-P5432,EVODEX.2-P5478,EVODEX.2-P5500",72119898450876802257353151355719753457998374912808544464397231057960600860160
EVODEX.2-Dm773,[#6:2]-[#7:3](-[#6:4](=[#8:5])-[#1:13])-[#1]>>[#6:2]-[#7:3](-[#1])-[#1].[#6:4](=[#8:5])(-[#8]-[#1])-[#1:13],"EVODEX.2-P5434,EVODEX.2-P5504,EVODEX.2-P5507,EVODEX.2-P5516,EVODEX.2-P5523",41141187757974935398130001284645325979730398281804411414813470444685594419021
EVODEX.2-Dm774,[#7:3](-[#6@:2])(-[#6:4](=[#8:5])-[#8:6]-[#6:7](-[#6:8]1:[#6:9]:[#6:10]:[#6:11]:[#6:12]:[#6:13]:1)(-[#1:23])-[#1:24])-[#1].[#8:17](-[#1])-[#1]>>[#6:4](=[#8:5])=[#8:6].[#6:7](-[#6:8]1:[#6:9]:[#6:10]:[#6:11]:[#6:12]:[#6:13]:1)(-[#8:17]-[#1])(-[#1:23])-[#1:24].[#7:3](-[#6@:2])(-[#1])-[#1],"EVODEX.2-P5436,EVODEX.2-P5451,EVODEX.2-P5459,EVODEX.2-P5465,EVODEX.2-P5472",94837379916375656779687755363234559129959810781828591555655773964762534740466
EVODEX.2-Dm775,[#7](-[#6:2](=[#8:3])-[#7:4](-[#6:5])-[#1])(-[#1])-[#1]>>[#6:2](=[#8:3])=[#8].[#7:4](-[#6:5])(-[#1])-[#1],"EVODEX.2-P5437,EVODEX.2-P5442,EVODEX.2-P5444,EVODEX.2-P5479,EVODEX.2-P5486",9227736354085317998100902932731396867514265702130042165648272327159656688478
EVODEX.2-Dm776,[#7:1](-[#6:2](=[#8:3])-[#7:4](-[#6@@:5])-[#1])(-[#1])-[#1]>>[#6:2](=[#8:3])=[#8].[#7:4](-[#6@@:5])(-[#1])-[#1].[#7:1](-[#1])(-[#1])-[#1],"EVODEX.2-P5441,EVODEX.2-P5477,EVODEX.2-P5484,EVODEX.2-P5485,EVODEX.2-P5497",10552472025381207404780749842882185165272136037248839722312560082465115351548
EVODEX.2-Dm777,[#7:1](-[#6](=[#8])-[#7:4](-[#6:5])-[#1])(-[#1])-[#1]>>[#7:4](-[#6:5])(-[#1])-[#1].[#7:1](-[#1])(-[#1])-[#1],"EVODEX.2-P5443,EVODEX.2-P5445,EVODEX.2-P5447,EVODEX.2-P5481,EVODEX.2-P5482",67515938417151012551931698295249852929366444463480287603113806551814017756347
EVODEX.2-Dm778,[#7:6](-[#6@:5])(-[#6](=[#8])-[#8]-[#6:10](-[#6:11]1:[#6:12]:[#6:13]:[#6:14]:[#6:15]:[#6:16]:1)(-[#1:32])-[#1:33])-[#1].[#8:20](-[#1])-[#1]>>[#6:10](-[#6:11]1:[#6:12]:[#6:13]:[#6:14]:[#6:15]:[#6:16]:1)(-[#8:20]-[#1])(-[#1:32])-[#1:33].[#7:6](-[#6@:5])(-[#1])-[#1],"EVODEX.2-P5450,EVODEX.2-P5458,EVODEX.2-P5460,EVODEX.2-P5468,EVODEX.2-P5470",39282379659009654123356086620585495107602497567007854424718801839679651944917
EVODEX.2-Dm779,[#7:6](-[#6@:5])(-[#6:7](=[#8:8])-[#8:9]-[#6](-[#6]1:[#6]:[#6]:[#6]:[#6]:[#6]:1)(-[#1])-[#1])-[#1]>>[#6:7](=[#8:8])=[#8:9].[#7:6](-[#6@:5])(-[#1])-[#1],"EVODEX.2-P5453,EVODEX.2-P5456,EVODEX.2-P5461,EVODEX.2-P5463,EVODEX.2-P5466",37998860805845952621492693011038844074026545963333816447872694654555554629426
EVODEX.2-Dm780,[#7:6](-[#6@:5])(-[#6:7](=[#8:8])-[#8:9]-[#6:10](-[#6:11]1:[#6:12]:[#6:13]:[#6:14]:[#6:15]:[#6:16]:1)(-[#1:30])-[#1:31])-[#1]>>[#6:7](=[#8:8])=[#8:9].[#6:10](-[#6:11]1:[#6:12]:[#6:13]:[#6:14]:[#6:15]:[#6:16]:1)(-[#8]-[#1])(-[#1:30])-[#1:31].[#7:6](-[#6@:5])(-[#1])-[#1],"EVODEX.2-P5454,EVODEX.2-P5457,EVODEX.2-P5462,EVODEX.2-P5464,EVODEX.2-P5471",45586262002759002496870217733183406261307255137611852953565899222550216624478
EVODEX.2-Dm781,[#6:3]-[#7:4](-[#6](=[#8])-[#1])-[#1]>>[#6:3]-[#7:4](-[#1])-[#1],"EVODEX.2-P5498,EVODEX.2-P5499,EVODEX.2-P5502,EVODEX.2-P5515,EVODEX.2-P5522",110597953404399775100963639899526605333752182377421977973604168889203764995777
EVODEX.2-Dm782,[#7:6](-[#6@:5])(-[#6:7](=[#8:8])-[#1:35])-[#1].[#8:25](-[#1])-[#1]>>[#7:6](-[#6@:5])(-[#1])-[#1].[#6:7](=[#8:8])(-[#8:25]-[#1])-[#1:35],"EVODEX.2-P5501,EVODEX.2-P5505,EVODEX.2-P5506,EVODEX.2-P5526,EVODEX.2-P5527",69191766515534514367840669102485353843069199078966934797941162734591173070232
EVODEX.2-Dm783,[#6:4]-[#6:5](-[#7:6](-[#6](=[#8])-[#1])-[#1])(-[#6:9]=[#8:10])-[#1:28]>>[#6:4]-[#6@@:5](-[#7:6](-[#1])-[#1])(-[#6:9]=[#8:10])-[#1:28],"EVODEX.2-P5503,EVODEX.2-P5508,EVODEX.2-P5510,EVODEX.2-P5517,EVODEX.2-P5524",26000325758514954362724951238187696410148247285539264935158644475150542381392
EVODEX.2-Dm784,[#6:4]-[#6:5](-[#7:6](-[#6:7](=[#8:8])-[#1:33])-[#1])(-[#6:9]=[#8:10])-[#1:31].[#8:21](-[#1])-[#1]>>[#6:4]-[#6@@:5](-[#7:6](-[#1])-[#1])(-[#6:9]=[#8:10])-[#1:31].[#6:7](=[#8:8])(-[#8:21]-[#1])-[#1:33],"EVODEX.2-P5509,EVODEX.2-P5513,EVODEX.2-P5519,EVODEX.2-P5520,EVODEX.2-P5521",63653049146122000483337673136514240537708240277832405364581860585555781179301
EVODEX.2-Dm785,[#6:4]-[#6:5](-[#7:6](-[#6:7](=[#8:8])-[#1:38])-[#1])(-[#6:9]=[#8:10])-[#1:36]>>[#6:4]-[#6@:5](-[#7:6](-[#1])-[#1])(-[#6:9]=[#8:10])-[#1:36].[#6:7](=[#8:8])(-[#8]-[#1])-[#1:38],"EVODEX.2-P5511,EVODEX.2-P5512,EVODEX.2-P5514,EVODEX.2-P5518,EVODEX.2-P5525",82809868133963268024674368392995482033858843892364577991539128981867337081095
EVODEX.2-Dm786,[#8:2]=[#6:3](-[#6:4])-[#7:8](-[#6:6]=[#8:7])-[#1].[#8:1](-[#1])-[#1]>>([#8:1](-[#6:3](=[#8:2])-[#6:4])-[#1].[#6:6](=[#8:7])-[#7:8](-[#1])-[#1]),"EVODEX.2-P5555,EVODEX.2-P5559,EVODEX.2-P5563,EVODEX.2-P5564,EVODEX.2-P5571",93155353753007020881874299443369154752312858684898704732667950108291964182820
EVODEX.2-Dm787,([#6:7](-[#7:8](-[#1])-[#1])=[#8:9].[#6:10](-[#6@:5])(=[#8:11])-[#8:12]-[#1])>>[#6:7](=[#8:9])-[#7:8](-[#6:10](-[#6@@:5])=[#8:11])-[#1].[#8:12](-[#1])-[#1],"EVODEX.2-P5556,EVODEX.2-P5562,EVODEX.2-P5565,EVODEX.2-P5568,EVODEX.2-P5570",49495876214483012315563867223345219467893160916185428777515844192808081788261
EVODEX.2-Dm788,([#6:7](-[#7:8](-[#1])-[#1])=[#8:9].[#6:10](-[#6@:5])(=[#8:11])-[#8]-[#1])>>[#6:7](=[#8:9])-[#7:8](-[#6:10](-[#6@@:5])=[#8:11])-[#1],"EVODEX.2-P5557,EVODEX.2-P5558,EVODEX.2-P5561,EVODEX.2-P5566,EVODEX.2-P5573",111692897656146489293499432822460664798993743963246332904383122210640894269947
EVODEX.2-Dm789,[#6:7](=[#8:8])-[#7:9](-[#6:10](-[#6@@:5])=[#8:11])-[#1]>>([#6:7](=[#8:8])-[#7:9](-[#1])-[#1].[#6:10](-[#6@:5])(=[#8:11])-[#8]-[#1]),"EVODEX.2-P5560,EVODEX.2-P5567,EVODEX.2-P5569,EVODEX.2-P5572,EVODEX.2-P5574",49799569365163426139452455806404323371452412429744590392978098609508566345179
EVODEX.2-Dm794,[#7](=[#6:2](-[#7:3])-[#1:15])-[#1].[#8:13](-[#1])-[#1]>>[#6:2](-[#7:3])(=[#8:13])-[#1:15],"EVODEX.2-P5582,EVODEX.2-P5587,EVODEX.2-P5593,EVODEX.2-P5594,EVODEX.2-P5601",10686699550215665593621503011270310878401404044806237701102354507388854651202
EVODEX.2-Dm795,[#7:1](=[#6:2](-[#7:3])-[#1:15])-[#1]>>[#6:2](-[#7:3])(=[#8])-[#1:15].[#7:1](-[#1])(-[#1])-[#1],"EVODEX.2-P5583,EVODEX.2-P5591,EVODEX.2-P5596,EVODEX.2-P5597,EVODEX.2-P5600",101583775837875046220953270941958219282065082406233979411729148154133181031846
EVODEX.2-Dm796,[#7:4]-[#6:5](=[#7:6]-[#1])-[#1:18].[#8:10](-[#1])-[#1]>>[#7:4]-[#6:5](=[#8:10])-[#1:18].[#7:6](-[#1])(-[#1])-[#1],"EVODEX.2-P5584,EVODEX.2-P5586,EVODEX.2-P5589,EVODEX.2-P5592,EVODEX.2-P5598",429586173758693266091390832060140905052655555984542702080928812954039264285
EVODEX.2-Dm797,[#7](=[#6:2](-[#7:3])-[#1:12])-[#1]>>[#6:2](-[#7:3])(=[#8])-[#1:12],"EVODEX.2-P5585,EVODEX.2-P5588,EVODEX.2-P5590,EVODEX.2-P5595,EVODEX.2-P5599",56985293248215630920341481773906477418311886953122508277361345705056900889181
EVODEX.2-Dm798,[#7:1](=[#6:2](-[#7:3](-[#1])-[#1])-[#7:4])-[#1].[#8:21](-[#1])-[#1]>>[#7:1](-[#6:2](-[#7:4])=[#8:21])(-[#1])-[#1].[#7:3](-[#1])(-[#1])-[#1],"EVODEX.2-P5603,EVODEX.2-P5605,EVODEX.2-P5608,EVODEX.2-P5624,EVODEX.2-P5626",115528555577102219958953038590182293180490650469389737241543940901964099998695
EVODEX.2-Dm799,[#7:1](=[#6:2](-[#7](-[#1])-[#1])-[#7:4])-[#1]>>[#7:1](-[#6:2](-[#7:4])=[#8])(-[#1])-[#1],"EVODEX.2-P5604,EVODEX.2-P5610,EVODEX.2-P5614,EVODEX.2-P5615,EVODEX.2-P5616",65193286609376072697415155890728019967490867968882677009114639864537565951587
EVODEX.2-Dm800,[#7:27]-[#6:28](=[#7:29]-[#1])-[#7:30](-[#1])-[#1]>>[#7:27]-[#6:28](-[#7:29](-[#1])-[#1])=[#8].[#7:30](-[#1])(-[#1])-[#1],"EVODEX.2-P5609,EVODEX.2-P5612,EVODEX.2-P5617,EVODEX.2-P5625,EVODEX.2-P5627",41421237572765413845006955447969577592572598059253668559152398879296939477644
EVODEX.2-Dm801,([#7:1]#[#6:2]-[#6:3].[#6:6]-[#6:7]#[#7:8]).[#8:11](-[#1])-[#1].[#8:12](-[#1])-[#1]>>([#6:2](-[#6:3])(-[#8]-[#1])=[#8:12].[#6:6]-[#6:7](=[#8])-[#8:11]-[#1]).[#7:1](-[#1])(-[#1])-[#1].[#7:8](-[#1])(-[#1])-[#1],"EVODEX.2-P5630,EVODEX.2-P5641,EVODEX.2-P5645,EVODEX.2-P5652,EVODEX.2-P5663",24857905062252449740784880548336709126036537371471063118465237430468138490838
EVODEX.2-Dm802,([#7:1]#[#6:2]-[#6:3].[#6:6]-[#6:7]#[#7:8])>>([#6:2](-[#6:3])(-[#8]-[#1])=[#8].[#6:6]-[#6:7](=[#8])-[#8]-[#1]).[#7:1](-[#1])(-[#1])-[#1].[#7:8](-[#1])(-[#1])-[#1],"EVODEX.2-P5631,EVODEX.2-P5646,EVODEX.2-P5658,EVODEX.2-P5660,EVODEX.2-P5665",84198589103271005708737513167448540613801786242306286093951190000545598818387
EVODEX.2-Dm803,([#7]#[#6:2]-[#6:3].[#6:6]-[#6:7]#[#7]).[#8:10](-[#1])-[#1].[#8:11](-[#1])-[#1]>>([#6:2](-[#6:3])(-[#8]-[#1])=[#8].[#6:6]-[#6:7](=[#8:10])-[#8:11]-[#1]),"EVODEX.2-P5632,EVODEX.2-P5649,EVODEX.2-P5653,EVODEX.2-P5664,EVODEX.2-P5666",67665015964831318990753712140247486915308406785728660866636632250811674516407
EVODEX.2-Dm804,[#6:4]-[#6:5]#[#7]>>[#6:4]-[#6:5](=[#8])-[#8]-[#1],"EVODEX.2-P5633,EVODEX.2-P5644,EVODEX.2-P5650,EVODEX.2-P5670,EVODEX.2-P5673",58163533942862609298071046827381271787296504577679952070641368757763393609525
EVODEX.2-Dm805,[#7:1]#[#6:2]-[#6:3].[#8:10](-[#1])-[#1]>>[#6:2](-[#6:3])(=[#8])-[#8:10]-[#1].[#7:1](-[#1])(-[#1])-[#1],"EVODEX.2-P5634,EVODEX.2-P5637,EVODEX.2-P5656,EVODEX.2-P5657,EVODEX.2-P5662",110086622117237667868005803171717049880909089883316800821301771741955162316684
EVODEX.2-Dm806,[#6:2]-[#6:4]#[#7].[#8:12](-[#1])-[#1]>>[#6:2]-[#6:4](=[#8:12])-[#8]-[#1],"EVODEX.2-P5635,EVODEX.2-P5639,EVODEX.2-P5640,EVODEX.2-P5667,EVODEX.2-P5672",47635659858730093364212769798170557761608620008582117305158046453908024575186
EVODEX.2-Dm807,[#6:6](-[#6@:5])#[#7:7].[#8:14](-[#1])-[#1]>>[#6:6](-[#6@:5])(-[#7:7](-[#1])-[#1])=[#8:14],"EVODEX.2-P5636,EVODEX.2-P5949,EVODEX.2-P5951,EVODEX.2-P5955,EVODEX.2-P5959",20485549329455334763769600591993415065288317357463644105115869622406584173861
EVODEX.2-Dm808,([#6:2]-[#6:3]#[#7].[#6:6]-[#6:7]#[#7])>>([#6:2]-[#6:3](-[#8]-[#1])=[#8].[#6:6]-[#6:7](=[#8])-[#8]-[#1]),"EVODEX.2-P5638,EVODEX.2-P5642,EVODEX.2-P5647,EVODEX.2-P5648,EVODEX.2-P5661",36491820207616604077134208146746654008909401539654437856282879442879868814553
EVODEX.2-Dm809,[#7:1]#[#6:2]-[#6:3]>>[#6:2](-[#6:3])(=[#8])-[#8]-[#1].[#7:1](-[#1])(-[#1])-[#1],"EVODEX.2-P5643,EVODEX.2-P5651,EVODEX.2-P5654,EVODEX.2-P5655,EVODEX.2-P5671",111644925178065700559563761153716635709852911131406530572527289716889235915998
EVODEX.2-Dm810,[#7:1]#[#6:2]-[#6:3]>>[#7:1](-[#6:2](-[#6:3])=[#8])(-[#1])-[#1],"EVODEX.2-P5659,EVODEX.2-P5668,EVODEX.2-P5669,EVODEX.2-P5952,EVODEX.2-P5964",52056255783202408493584383427487796964518818579096098553738926727293946108729
EVODEX.2-Dm811,[#15:19](=[#8:20])(-[#8:21]-[#1])-[#8:22]-[#15:23](=[#8:24])(-[#8:25])-[#8:26]-[#15:27]=[#8:28].[#8:55](-[#1])-[#1]>>[#15:19](=[#8:20])(-[#8:21]-[#15:23](=[#8:24])(-[#8:25])-[#8:55]-[#1])-[#8:22]-[#1].[#8:26](-[#15:27]=[#8:28])-[#1],"EVODEX.2-P5686,EVODEX.2-P5687,EVODEX.2-P5689,EVODEX.2-P5692,EVODEX.2-P5698",1522206818761713885058056743153414976217433964982838608074962279460724888428
EVODEX.2-Dm812,[#15:10](=[#8:11])(-[#8:12]-[#1])-[#8:13]-[#15:14](=[#8:15])(-[#8:16])-[#8:17]-[#15:18]=[#8:19]>>[#15:10](=[#8:11])(-[#8:12]-[#15:14](=[#8:15])(-[#8:16])-[#8]-[#1])-[#8:13]-[#1].[#8:17](-[#15:18]=[#8:19])-[#1],"EVODEX.2-P5688,EVODEX.2-P5690,EVODEX.2-P5691,EVODEX.2-P5693,EVODEX.2-P5694",4627026385855432602362447918212123374544679738700729485030062915172963757478
EVODEX.2-Dm816,[#6:1]-[#6:2](=[#8:3])-[#6](-[#6](=[#8])-[#6]=[#8])(-[#1])-[#1].[#8:10](-[#1])-[#1]>>[#6:1]-[#6:2](=[#8:3])-[#8:10]-[#1],"EVODEX.2-P5712,EVODEX.2-P5718,EVODEX.2-P5722,EVODEX.2-P5725,EVODEX.2-P5727",36383405726757396241175145726979663119283503936703916870668908810260088043031
EVODEX.2-Dm817,[#6:3]-[#6:4](=[#8:5])-[#6](-[#6](=[#8])-[#6]=[#8])(-[#1])-[#1]>>[#6:3]-[#6:4](=[#8:5])-[#8]-[#1],"EVODEX.2-P5713,EVODEX.2-P5716,EVODEX.2-P5720,EVODEX.2-P5726,EVODEX.2-P5728",5884543743139203569174442254481755251331157684279603450690148865651545075158
EVODEX.2-Dm818,[#6:3]-[#6:4](=[#8:5])-[#6:6](-[#6:7](=[#8:8])-[#6:9]=[#8:10])(-[#1:20])-[#1:21]>>[#6:3]-[#6:4](=[#8:5])-[#8]-[#1].[#6:6](-[#6:7](=[#8:8])-[#6:9]=[#8:10])(-[#1:20])(-[#1:21])-[#1],"EVODEX.2-P5714,EVODEX.2-P5717,EVODEX.2-P5721,EVODEX.2-P5723,EVODEX.2-P5729",78995438860736890474034380416689481594095220002417933725629136129472889942482
EVODEX.2-Dm819,[#6:4]-[#6:5](=[#8:6])-[#6:7](-[#6:8](=[#8:9])-[#6:10]=[#8:11])(-[#1:23])-[#1:24].[#8:13](-[#1])-[#1]>>[#6:4]-[#6:5](=[#8:6])-[#8:13]-[#1].[#6:7](-[#6:8](=[#8:9])-[#6:10]=[#8:11])(-[#1:23])(-[#1:24])-[#1],"EVODEX.2-P5715,EVODEX.2-P5719,EVODEX.2-P5724,EVODEX.2-P5730,EVODEX.2-P5732",103649580205830501651423845458283478672105598002005349455328353670476689471222
EVODEX.2-Dm820,[#6:1]-[#6:2](=[#8:3])-[#6:4](-[#6:5]=[#8:6])(-[#1:15])-[#1:16]>>[#6:1]-[#6:2](=[#8:3])-[#8]-[#1].[#6:4](-[#6:5]=[#8:6])(-[#1:15])(-[#1:16])-[#1],"EVODEX.2-P5731,EVODEX.2-P5733,EVODEX.2-P5737,EVODEX.2-P5739,EVODEX.2-P5741",99524402249149762053440876400495551266202044132342624556056097074011094028330
EVODEX.2-Dm821,[#6:1]-[#6:2](=[#8:3])-[#6:4](-[#6:5]=[#8:7])(-[#1:12])-[#1:13].[#8:8](-[#1])-[#1]>>[#6:1]-[#6:2](=[#8:3])-[#8:8]-[#1].[#6:4](-[#6:5]=[#8:7])(-[#1:12])(-[#1:13])-[#1],"EVODEX.2-P5734,EVODEX.2-P5735,EVODEX.2-P5736,EVODEX.2-P5738,EVODEX.2-P5740",17560231938840060056375769413682571124937437413059605844446534650753070032054
EVODEX.2-Dm822,[#6:5]-[#6:6](-[#17])(-[#1:11])-[#1:12].[#8:1](-[#1])-[#1]>>[#8:1](-[#6:6](-[#6:5])(-[#1:11])-[#1:12])-[#1],"EVODEX.2-P5742,EVODEX.2-P5743,EVODEX.2-P5746,EVODEX.2-P5757,EVODEX.2-P5761",65915232992268456798150051623177183908958499880815076733149576393501590370348
EVODEX.2-Dm823,[#6:4]-[#6:5](-[#17])(-[#1:17])-[#1:18]>>[#6:4]-[#6:5](-[#8]-[#1])(-[#1:17])-[#1:18],"EVODEX.2-P5744,EVODEX.2-P5747,EVODEX.2-P5750,EVODEX.2-P5752,EVODEX.2-P5755",43064126505970654919995550721687446243573891864380670535491596245483076492752
EVODEX.2-Dm824,[#6:2]-[#6:5](-[#17:6])(-[#1:17])-[#1:18].[#8:7](-[#1])-[#1]>>[#6:2]-[#6:5](-[#8:7]-[#1])(-[#1:17])-[#1:18].[#17:6]-[#1],"EVODEX.2-P5745,EVODEX.2-P5749,EVODEX.2-P5751,EVODEX.2-P5754,EVODEX.2-P5760",100287046768883725059851210777638925227197639947799441147286920942427396787380
EVODEX.2-Dm825,[#17:1]-[#6:2](-[#6:3])(-[#1:9])-[#1:10]>>[#6:2](-[#6:3])(-[#8]-[#1])(-[#1:9])-[#1:10].[#17:1]-[#1],"EVODEX.2-P5748,EVODEX.2-P5753,EVODEX.2-P5756,EVODEX.2-P5758,EVODEX.2-P5759",78162897850772857377978205097510777092712531666077483285468963133886719180697
EVODEX.2-Dm826,[#6:4]-[#6:5](=[#8:6])-[#1]>>[#6:4]-[#6:5](=[#8:6])-[#6](-[#8])=[#8],"EVODEX.2-P5765,EVODEX.2-P5767,EVODEX.2-P5770,EVODEX.2-P5773,EVODEX.2-P5777",7924257718045833319330123637670511451422231093722421081971790621188448421786
EVODEX.2-Dm827,[#6:2]-[#6:4](=[#8:5])-[#1].[#8:6]=[#6:7]=[#8:8]>>[#6:2]-[#6:4](=[#8:5])-[#6:7](-[#8:6]-[#1])=[#8:8],"EVODEX.2-P5766,EVODEX.2-P5768,EVODEX.2-P5769,EVODEX.2-P5776,EVODEX.2-P5810",28621435577489346009768906775916287593927011040302212859651117678026862046100
EVODEX.2-Dm828,[#6:4]-[#6@@:5](-[#7:6])(-[#6:7](=[#8:8])-[#8:9]-[#1])-[#1:18]>>[#6:7](=[#8:8])=[#8:9].[#6:4]-[#6:5](-[#7:6])(-[#1:18])-[#1],"EVODEX.2-P5781,EVODEX.2-P5782,EVODEX.2-P5783,EVODEX.2-P5785,EVODEX.2-P5786",36484444861490000735208181034635176518368514385332044489373897918881670299340
EVODEX.2-Dm836,[#6:2]-[#6:5](-[#8:6]-[#1])(-[#6:7]#[#7:8])-[#1:18]>>[#6:2]-[#6:5](=[#8:6])-[#1:18].[#6:7](#[#7:8])-[#1],"EVODEX.2-P5816,EVODEX.2-P5817,EVODEX.2-P5825,EVODEX.2-P5905,EVODEX.2-P5906",88588455265177682118053079868601565292912922122541786638791194866083714146703
EVODEX.2-Dm837,[#6:7]-[#6:8](-[#6:9])=[#8:10]>>[#6](#[#7])-[#6@:8](-[#6:7])(-[#6:9])-[#8:10]-[#1],"EVODEX.2-P5818,EVODEX.2-P5830,EVODEX.2-P5835,EVODEX.2-P5898,EVODEX.2-P5907",10772813416192704460312661505419094502241920847759204232194561149660381238222
EVODEX.2-Dm838,[#6:1](#[#7:2])-[#1].[#8:3]=[#6:4](-[#6:5])-[#6:9]>>[#6:1](#[#7:2])-[#6:4](-[#8:3]-[#1])(-[#6:5])-[#6:9],"EVODEX.2-P5819,EVODEX.2-P5821,EVODEX.2-P5836,EVODEX.2-P5840,EVODEX.2-P5844",54628020277246321066343873922867525394240000456750141711081459512030178868742
EVODEX.2-Dm839,[#6:11]-[#6:12](=[#8:13])-[#1:33]>>[#6](#[#7])-[#6:12](-[#6:11])(-[#8:13]-[#1])-[#1:33],"EVODEX.2-P5820,EVODEX.2-P5827,EVODEX.2-P5829,EVODEX.2-P5834,EVODEX.2-P5904",844987462398809713748793650550338467221557200260190133889476046847908664913
EVODEX.2-Dm840,[#6:5]-[#6@@:6](-[#8:7]-[#1])(-[#6]#[#7])-[#6:10]>>[#6:5]-[#6:6](=[#8:7])-[#6:10],"EVODEX.2-P5822,EVODEX.2-P5831,EVODEX.2-P5837,EVODEX.2-P5841,EVODEX.2-P5900",18056137933096660076564629038763821780341741795117449510467813536079401329560
EVODEX.2-Dm841,[#7:1]#[#6:2]-[#6@@:3](-[#8:4]-[#1])(-[#6:5])-[#6:13]>>[#6:3](=[#8:4])(-[#6:5])-[#6:13].[#7:1]#[#6:2]-[#1],"EVODEX.2-P5823,EVODEX.2-P5839,EVODEX.2-P5842,EVODEX.2-P5843,EVODEX.2-P5899",50989231904457222437421386976305967308171298235263066477673347456997622530864
EVODEX.2-Dm842,[#6:7](-[#6@:6])(-[#8:8]-[#1])(-[#6]#[#7])-[#1:21]>>[#6:7](-[#6@:6])(=[#8:8])-[#1:21],"EVODEX.2-P5824,EVODEX.2-P5826,EVODEX.2-P5828,EVODEX.2-P5832,EVODEX.2-P5845",37634503126561184214973407868783774833173654017713984897308921701743927544095
EVODEX.2-Dm843,[#6:1](#[#7:2])-[#1].[#8:3]=[#6:4](-[#6:5])-[#1:11]>>[#6:1](#[#7:2])-[#6@:4](-[#8:3]-[#1])(-[#6:5])-[#1:11],"EVODEX.2-P5833,EVODEX.2-P5838,EVODEX.2-P5901,EVODEX.2-P5902,EVODEX.2-P5903",36469306232975246339251019210138282243659670771621141053392882842364194080588
EVODEX.2-Dm845,[#6:1](-[#6:2])(-[#1:9])(-[#1:10])-[#1].[#6:6]-[#6:7](=[#8:8])-[#1:20]>>[#6:1](-[#6:2])(-[#6:7](-[#6:6])(-[#8:8]-[#1])-[#1:20])(-[#1:9])-[#1:10],"EVODEX.2-P5848,EVODEX.2-P5941,EVODEX.2-P5944,EVODEX.2-P5946,EVODEX.2-P5947",58140921517342444779633237170475731980284630397877851659898104302496648051252
EVODEX.2-Dm846,[#6:1](-[#6:2](=[#8:3])-[#6:4]=[#8:5])(-[#1:13])(-[#1:14])-[#1].[#8:7]=[#6:8](-[#6@:9])-[#1:17]>>[#6:1](-[#6:2](=[#8:3])-[#6:4]=[#8:5])(-[#6@@:8](-[#8:7]-[#1])(-[#6@:9])-[#1:17])(-[#1:13])-[#1:14],"EVODEX.2-P5850,EVODEX.2-P5914,EVODEX.2-P5920,EVODEX.2-P5923,EVODEX.2-P5925",33840508448294132171988405585349547570679034816111246026755565431799665481850
EVODEX.2-Dm848,[#6:5]-[#6:17](-[#8:18]-[#1])(-[#6:19](-[#8:20])(-[#6:21]=[#8:22])-[#1:45])-[#1:43]>>[#6:19](-[#8:20])(-[#6:21]=[#8:22])(-[#1:45])-[#1].[#6:5]-[#6:17](=[#8:18])-[#1:43],"EVODEX.2-P5856,EVODEX.2-P5868,EVODEX.2-P5870,EVODEX.2-P5872,EVODEX.2-P5875",83575692111140252405687318716286449681166556368585712625218412690419747802565
EVODEX.2-Dm849,[#8:1]=[#6:2]-[#6:4](=[#8:5])-[#6:6](-[#6@@:7](-[#8:8]-[#1])(-[#6:9])-[#1:14])(-[#1:12])-[#1:13]>>[#6:7](=[#8:8])(-[#6:9])-[#1:14].[#8:1]=[#6:2]-[#6:4](=[#8:5])-[#6:6](-[#1:12])(-[#1:13])-[#1],"EVODEX.2-P5864,EVODEX.2-P5915,EVODEX.2-P5922,EVODEX.2-P5924,EVODEX.2-P5926",88474880739203034045710329304584914381968745653525159173533652320448232975083
EVODEX.2-Dm850,[#6:1]-[#6@@:2](-[#8:3]-[#1])(-[#6@:4](-[#7:5])(-[#6:6]=[#8:7])-[#1:14])-[#1:12]>>[#6:4](-[#7:5])(-[#6:6]=[#8:7])(-[#1:14])-[#1].[#6:1]-[#6:2](=[#8:3])-[#1:12],"EVODEX.2-P5879,EVODEX.2-P5891,EVODEX.2-P5893,EVODEX.2-P5895,EVODEX.2-P5913",42182836532975791635347366238227621290981292580585523650128396406943638893746
EVODEX.2-Dm851,[#6:1]-[#6:2](=[#8:3])-[#1:12].[#7:4]-[#6:5](-[#6:6]=[#8:7])(-[#1:15])-[#1]>>[#6:1]-[#6@@:2](-[#8:3]-[#1])(-[#6@:5](-[#7:4])(-[#6:6]=[#8:7])-[#1:15])-[#1:12],"EVODEX.2-P5880,EVODEX.2-P5892,EVODEX.2-P5896,EVODEX.2-P5910,EVODEX.2-P5912",17985820992762091246870632547737896919572051801784994747473499188736171022372
EVODEX.2-Dm853,[#6:1](-[#6:2]=[#8:3])(-[#1:14])(-[#1:15])-[#1].[#8:4]=[#6:5](-[#6@:6])-[#1:18]>>[#6:1](-[#6:2]=[#8:3])(-[#6@:5](-[#8:4]-[#1])(-[#6@:6])-[#1:18])(-[#1:14])-[#1:15],"EVODEX.2-P5882,EVODEX.2-P5884,EVODEX.2-P5887,EVODEX.2-P5888,EVODEX.2-P5889",77828029863941228549426724524866690660229721910547910624733800735946519502852
EVODEX.2-Dm854,[#6:2]-[#6@@:3](-[#8:4]-[#1])(-[#6](-[#7])(-[#6]=[#8])-[#1])-[#1:15]>>[#6:2]-[#6:3](=[#8:4])-[#1:15],"EVODEX.2-P5890,EVODEX.2-P5894,EVODEX.2-P5897,EVODEX.2-P5908,EVODEX.2-P5909",44874903939117745539812855232217859508538904020893808023003092597940391248706
EVODEX.2-Dm855,[#6:1]=[#6:2]-[#6:3](=[#6:4](-[#1:15])-[#1:16])-[#6:5].[#8:11](-[#1])-[#1]>>[#6:1]=[#6:2]-[#6:3](-[#6:4](-[#1:15])(-[#1:16])-[#1])(-[#6:5])-[#8:11]-[#1],"EVODEX.2-P5929,EVODEX.2-P5938,EVODEX.2-P5966,EVODEX.2-P5967,EVODEX.2-P5970",99171828551196780322946453535187426292623196864518486192052148077767329941702
EVODEX.2-Dm856,[#6:1]=[#6:2]-[#6:3](-[#6:4](-[#1:15])(-[#1:16])-[#1])(-[#8:5]-[#1])-[#6:6]>>[#6:1]=[#6:2]-[#6:3](=[#6:4](-[#1:15])-[#1:16])-[#6:6].[#8:5](-[#1])-[#1],"EVODEX.2-P5930,EVODEX.2-P5935,EVODEX.2-P5940,EVODEX.2-P5965,EVODEX.2-P5971",65702162584473310789381974008658352900360098688061390341126856926504497556964
EVODEX.2-Dm857,[#6:1]=[#6:2]-[#6:3](-[#6:4](-[#1:20])(-[#1:21])-[#1])(-[#8]-[#1])-[#6:6]>>[#6:1]=[#6:2]-[#6:3](=[#6:4](-[#1:20])-[#1:21])-[#6:6],"EVODEX.2-P5931,EVODEX.2-P5932,EVODEX.2-P5933,EVODEX.2-P5969,EVODEX.2-P5972",57170034339864863941227488591846706440307434517813960784352182215076032783134
EVODEX.2-Dm858,[#6:1]=[#6:2]-[#6:3](=[#6:4](-[#1:13])-[#1:14])-[#6:5]>>[#6:1]=[#6:2]-[#6:3](-[#6:4](-[#1:13])(-[#1:14])-[#1])(-[#6:5])-[#8]-[#1],"EVODEX.2-P5934,EVODEX.2-P5936,EVODEX.2-P5937,EVODEX.2-P5939,EVODEX.2-P5968",18187816771173511919735957739618928675013647804261652403262495706067040646886
EVODEX.2-Dm860,[#6:5]-[#6:6](-[#7:7](-[#1])-[#1])=[#8:8]>>[#6:5]-[#6:6]#[#7:7].[#8:8](-[#1])-[#1],"EVODEX.2-P5950,EVODEX.2-P5953,EVODEX.2-P5954,EVODEX.2-P5961,EVODEX.2-P5962",72402080377742573972286108841149989741534903907392126867838106266500196991493
EVODEX.2-Dm861,[#6:6](-[#6@@:4])(-[#7:7](-[#1])-[#1])=[#8]>>[#6:6](-[#6@@:4])#[#7:7],"EVODEX.2-P5956,EVODEX.2-P5957,EVODEX.2-P5958,EVODEX.2-P5960,EVODEX.2-P5963",85376422053280223095247054183808783256312561345585711875792111365622449116741
EVODEX.2-Dm862,[#8:63](-[#6@@:62])-[#6@:64](-[#6@:65])(-[#6@:84](-[#8:83])(-[#6:85]=[#8:86])-[#1])-[#1:142]>>[#6:64](=[#6:84](-[#6:85]=[#8:86])-[#8:83])(-[#6@:65])-[#1:142].[#8:63](-[#6@@:62])-[#1],"EVODEX.2-P5973,EVODEX.2-P5974,EVODEX.2-P5975,EVODEX.2-P5976,EVODEX.2-P5977",68123368951106732707859750112263544729557992310046462305232092169374559901856
EVODEX.2-Dm863,([#7:4](-[#6@:3])(-[#6:5](=[#8:6])-[#6@:7])-[#1].[#7:11](-[#6@:10])(-[#1])-[#1])>>[#6:5](=[#8:6])(-[#6@:7])-[#7:11](-[#6@@:10])-[#1].[#7:4](-[#6@:3])(-[#1])-[#1],"EVODEX.2-P5978,EVODEX.2-P5979,EVODEX.2-P5981,EVODEX.2-P5983,EVODEX.2-P5984",35460899254469642855364689927000287215695897287327521362167385651986810573847
EVODEX.2-Dm864,[#6:3]-[#16@:4](=[#8:5])-[#6:6](-[#6@:7](-[#7:8])(-[#6:9]=[#8:10])-[#1])(-[#1:17])-[#1:18]>>[#6:3]-[#16:4]-[#8:5]-[#1].[#6:6](=[#6:7](-[#7:8])-[#6:9]=[#8:10])(-[#1:17])-[#1:18],"EVODEX.2-P5986,EVODEX.2-P5987,EVODEX.2-P5989,EVODEX.2-P5990,EVODEX.2-P5992",65463052068316093780974115098002899501152577580348016780611976250829743563422
EVODEX.2-Dm865,[#6](-[#6@@])(-[#16:4](=[#8:5])-[#6:6])(-[#1])-[#1]>>[#16:4](-[#8:5]-[#1])-[#6:6],"EVODEX.2-P5988,EVODEX.2-P5991,EVODEX.2-P5993,EVODEX.2-P5994,EVODEX.2-P5995",78916334206862504257280180191895402184658509325087976670027396893141318377894
EVODEX.2-Dm867,([#8:1](-[#6:2])-[#1].[#8:8](-[#6@@:5])-[#6@@:9](-[#8:10])(-[#6@:18])-[#1:31])>>([#8:1](-[#6:2])-[#6@@:9](-[#8:10])(-[#6@:18])-[#1:31].[#8:8](-[#6@@:5])-[#1]),"EVODEX.2-P6027,EVODEX.2-P6028,EVODEX.2-P6029,EVODEX.2-P6030,EVODEX.2-P6031",86574793561107492833178516263275361650147059532541014341701983792622157076714
EVODEX.2-Dm887,[#6:47]-[#16:48]-[#1].[#6:51]1:[#6:52]:[#6:53](/[#6:54]=[#6:55]/[#6:56](=[#8:57])-[#8:58]-[#1]):[#6:59]:[#6:60]:[#6:61]:1.[#8:77]-[#15:78](=[#8:79])(-[#8:80])-[#8:81]-[#15:82]=[#8:83]>>[#6:47]-[#16:48]-[#6:56](/[#6:55]=[#6:54]/[#6:53]1:[#6:52]:[#6:51]:[#6:61]:[#6:60]:[#6:59]:1)=[#8:57].[#8:58](-[#15:78](-[#8:77])(=[#8:79])-[#8:80])-[#1].[#8:81](-[#15:82]=[#8:83])-[#1],"EVODEX.2-P6098,EVODEX.2-P6099,EVODEX.2-P6102,EVODEX.2-P6104,EVODEX.2-P6106",56853290901869469455997965129375176351366951075085370028662967039199092612260
EVODEX.2-Dm888,[#6:51]1:[#6:52]:[#6:53](/[#6:54]=[#6:55]/[#6:56](=[#8:57])-[#8:58]-[#1]):[#6:59]:[#6:60]:[#6:61]:1.[#8:75]-[#15:76](=[#8:77])(-[#8:78])-[#8:79]-[#15:80]=[#8:81]>>[#6]-[#16]-[#6:56](/[#6:55]=[#6:54]/[#6:53]1:[#6:52]:[#6:51]:[#6:61]:[#6:60]:[#6:59]:1)=[#8:57].[#8:58](-[#15:76](-[#8:75])(=[#8:77])-[#8:78])-[#1].[#8:79](-[#15:80]=[#8:81])-[#1],"EVODEX.2-P6101,EVODEX.2-P6103,EVODEX.2-P6105,EVODEX.2-P6107,EVODEX.2-P6147",54518104525333005647629480930457461077862146960361873442163604440000605313829
EVODEX.2-Dm891,[#8:75]-[#15:76](=[#8:77])(-[#8:78]-[#1])-[#8:79]>>[#6]-[#6](=[#8])-[#8:78]-[#1].[#8]=[#15]-[#8]-[#15:76](-[#8:75])(=[#8:77])-[#8:79],"EVODEX.2-P6136,EVODEX.2-P6138,EVODEX.2-P6228,EVODEX.2-P6244,EVODEX.2-P6421",22181046021916614576886577635989386858736059084727414086236436261480410292101
EVODEX.2-Dm922,[#6:29](-[#6@@:23])(=[#8:30])-[#7:31](-[#6@@:32])-[#1].[#8]-[#15](=[#8])(-[#8:64]-[#1])-[#8]>>[#6:29](-[#6@@:23])(=[#8:30])-[#8:64]-[#1].[#7:31](-[#6@@:32])(-[#1])-[#1],"EVODEX.2-P6374,EVODEX.2-P6407,EVODEX.2-P6428,EVODEX.2-P6432,EVODEX.2-P6540",24181464319968226811053195442593620481097781425536313323817088609565080817894
EVODEX.2-Dm924,[#8]-[#15](=[#8])(-[#8:65]-[#1])-[#8].[#6:24]-[#6:25](=[#8:26])-[#7](-[#6@@])-[#1]>>[#6:24]-[#6:25](=[#8:26])-[#8:65]-[#1],"EVODEX.2-P6381,EVODEX.2-P6390,EVODEX.2-P6392,EVODEX.2-P6410,EVODEX.2-P6420",80078328608054491029402937424893383308355916613949016610490336750919606040754
EVODEX.2-Dm927,[#6:22]-[#6:23](=[#8:24])-[#7](-[#6@@])-[#1].[#8:69]=[#15:70]-[#8:71]-[#1]>>[#8]-[#15](=[#8])(-[#8])-[#8:71]-[#15:70]=[#8:69].[#6:22]-[#6:23](=[#8:24])-[#8]-[#1],"EVODEX.2-P6398,EVODEX.2-P6400,EVODEX.2-P6408,EVODEX.2-P6419,EVODEX.2-P6928",27419894772685834676633480263752242268041864744110028955727427169939616044606
EVODEX.2-Dm930,[#6:5](=[#8:6])-[#8:7]-[#1].[#6:16](-[#6@:9])(=[#8:17])-[#8]-[#1]>>[#6:5](=[#8:6])-[#8:7]-[#6:16](-[#6@@:9])=[#8:17],"EVODEX.2-P6445,EVODEX.2-P6464,EVODEX.2-P6474,EVODEX.2-P6494,EVODEX.2-P6502",33508003936955055962457339783761897597644928076212935220498951453240162007346
EVODEX.2-Dm8,[#6:4]-[#6:5](=[#8:6])-[#6:7](-[#6:8])=[#8:9].[#6:11](=[#8:12])-[#6:13]1=[#6:14](-[#7:15](-[#6@@:16])-[#6:51](=[#6:52](-[#6:53]-1(-[#1:137])-[#1])-[#1:136])-[#1:135])-[#1:112].[#6:55](=[#8:56])-[#6:57]1=[#6:58](-[#7:59](-[#6@@:60])-[#6:95](=[#6:96](-[#6:97]-1(-[#1:166])-[#1])-[#1:165])-[#1:164])-[#1:141]>>[#6:4]-[#6:5](-[#8:6]-[#1])(-[#6:7](-[#6:8])(-[#8:9]-[#1])-[#1])-[#1].[#6:11](=[#8:12])-[#6:13]1:[#6:14](:[#7&+:15](-[#6@@:16]):[#6:51](:[#6:52](:[#6:53]:1-[#1:137])-[#1:136])-[#1:135])-[#1:112].[#6:55](=[#8:56])-[#6:57]1:[#6:58](:[#7&+:59](-[#6@@:60]):[#6:95](:[#6:96](:[#6:97]:1-[#1:166])-[#1:165])-[#1:164])-[#1:141],"EVODEX.2-P12,EVODEX.2-P13,EVODEX.2-P14,EVODEX.2-P69",104530848588404269005151415795014574841825819189389157113708479542836759944840
EVODEX.2-Dm74,[#8:15]-[#15:16](=[#8:17])(-[#8:18])-[#8:19]-[#6:20]=[#8:21].[#8:41]=[#15:42]-[#8:43]-[#1]>>[#8:15]-[#15:16](=[#8:17])(-[#8:18])-[#8:43]-[#15:42]=[#8:41].[#8:19](-[#6:20]=[#8:21])-[#1],"EVODEX.2-P248,EVODEX.2-P3034,EVODEX.2-P3043,EVODEX.2-P3045",56677590113524200054216427249502081434184945591780460803610317002678976546357
EVODEX.2-Dm183,[#6:15]-[#7&+:16]1:[#6:17](:[#6:18](:[#6:19](-[#6:20]2:[#6:21](:[#6:22](:[#7&+:23](-[#6:24]):[#6:25](:[#6:26]:2-[#1:42])-[#1:41])-[#1:37])-[#1:36]):[#6:27](:[#6:28]:1-[#1:44])-[#1:43])-[#1:35])-[#1:34].[#6:5]-[#6:6](=[#8:7])-[#1].[#6:12]-[#6:13](=[#8:14])-[#1]>>[#6:15]-[#7:16]1-[#6:17](=[#6:18](-[#6:19](-[#6:20]2(-[#6:21](=[#6:22](-[#7:23](-[#6:24])-[#6:25](=[#6:26]-2-[#1:42])-[#1:41])-[#1:37])-[#1:36])-[#1])(-[#6:27](=[#6:28]-1-[#1:44])-[#1:43])-[#1])-[#1:35])-[#1:34].[#6:5]-[#6:6](=[#8:7])-[#8]-[#1].[#6:12]-[#6:13](=[#8:14])-[#8]-[#1],"EVODEX.2-P879,EVODEX.2-P885,EVODEX.2-P886,EVODEX.2-P887",52483195273131993276776186691975406129795080044330375904361798172490610679887
EVODEX.2-Dm188,[#6:6]/[#6:7](=[#6:8](/[#6:9])-[#6:12]=[#8:13])-[#1:71].[#6:15](=[#8:16])-[#6:17]1=[#6:18](-[#7:19](-[#6@@:20])-[#6:55](=[#6:56](-[#6:57]-1(-[#1:105])-[#1])-[#1:104])-[#1:103])-[#1:80]>>[#6:6]-[#6:7](-[#6:8](-[#6:9])(-[#6:12]=[#8:13])-[#1])(-[#1:71])-[#1].[#6:15](=[#8:16])-[#6:17]1:[#6:18](:[#7&+:19](-[#6@@:20]):[#6:55](:[#6:56](:[#6:57]:1-[#1:105])-[#1:104])-[#1:103])-[#1:80],"EVODEX.2-P904,EVODEX.2-P905,EVODEX.2-P906,EVODEX.2-P907",56202183647297516608627473513590188252101251515725616339447078245020091500744
EVODEX.2-Dm294,[#6:1]-[#6:2](-[#6:3])=[#6:4](-[#6:5])-[#1].[#6:32](-[#16&+](-[#6])-[#6])(-[#1:109])(-[#1:110])-[#1]>>[#6:1]-[#6:2](-[#6:3])(-[#6:4](-[#6:5])=[#6:32](-[#1:109])-[#1:110])-[#1],"EVODEX.2-P1358,EVODEX.2-P1359,EVODEX.2-P1361,EVODEX.2-P1408",27758365475848669568958405224084348093733585583775368494584707547094511553838
EVODEX.2-Dm295,[#6:2]/[#6:3](-[#6:4])=[#6:5](/[#6:6])-[#1]>>[#6:2]-[#6:3](-[#6:4])(-[#6:5](-[#6:6])=[#6](-[#1])-[#1])-[#1],"EVODEX.2-P1363,EVODEX.2-P1375,EVODEX.2-P1379,EVODEX.2-P1380",105320275561763685430019571576206186352776024733547849638958086770645365208532
EVODEX.2-Dm320,[#8:9]=[#6:10](-[#6:11])-[#1:22]>>[#7]-[#6@](-[#6]=[#8])(-[#6@:10](-[#8:9]-[#1])(-[#6:11])-[#1:22])-[#1],"EVODEX.2-P1503,EVODEX.2-P1504,EVODEX.2-P1505,EVODEX.2-P5911",46197926105221183978605606851227669892538302033242119330807734941282280676272
EVODEX.2-Dm414,[#15:25](=[#8:26])-[#8:28]-[#6@@:29](-[#8:30])(-[#6@:38])-[#1:55].[#8:1]=[#6:2]-[#8:3]-[#1]>>[#15:25](=[#8:26])-[#8:28]-[#1].[#8:1]=[#6:2]-[#8:3]-[#6@:29](-[#8:30])(-[#6@:38])-[#1:55],"EVODEX.2-P1993,EVODEX.2-P2025,EVODEX.2-P2032,EVODEX.2-P2040",82375171019021215243933251143246672735432031151781291445858768027301138754382
EVODEX.2-Dm420,[#8:17]-[#6@:18](-[#8:19]-[#15:20]=[#8:21])(-[#6@:44])-[#1:73].[#8:60](-[#1])-[#1]>>[#8:17]-[#6@@:18](-[#8:60]-[#1])(-[#6@:44])-[#1:73].[#8:19](-[#15:20]=[#8:21])-[#1],"EVODEX.2-P2022,EVODEX.2-P3678,EVODEX.2-P3730,EVODEX.2-P3731",79502621051611093795873636832795311886938568254548608061345734229372167866848
EVODEX.2-Dm478,[#6:2]-[#16:4]-[#6:5].[#6:25](-[#6@:24])(-[#8:26]-[#15:27](=[#8:28])(-[#8:29])-[#8:30]-[#15:31]=[#8:32])(-[#1:65])-[#1:66]>>[#6:2]-[#16&+:4](-[#6:5])-[#6:25](-[#6@:24])(-[#1:65])-[#1:66].[#8:26](-[#15:27](=[#8:28])(-[#8:29])-[#8]-[#1])-[#1].[#8:30](-[#15:31]=[#8:32])-[#1],"EVODEX.2-P2350,EVODEX.2-P2361,EVODEX.2-P2363,EVODEX.2-P2370",42038656249215416732776178386317792683363194225991782295613380407332292371773
EVODEX.2-Dm523,[#8:4]-[#6:5](-[#8:6]-[#1])(-[#6@:7])-[#1:53].[#15](=[#8])-[#8]-[#15:39](=[#8:40])(-[#8:41])-[#8:42]>>[#8:4]-[#6@:5](-[#8:6]-[#15:39](=[#8:40])(-[#8:41])-[#8:42])(-[#6@:7])-[#1:53],"EVODEX.2-P2858,EVODEX.2-P2859,EVODEX.2-P2860,EVODEX.2-P2865",90610595285079226297747362955094261978249336809844741714137155583077818799899
EVODEX.2-Dm529,[#6:24]-[#8:25]-[#1].[#8:28]=[#15:29](-[#8:30])(-[#8:31])-[#8:32]-[#6@@:33](-[#8:34])(-[#6@:42])-[#1:66]>>[#6:24]-[#8:25]-[#15:29](=[#8:28])(-[#8:30])-[#8:31].[#8:32](-[#6:33](-[#8:34])(-[#6@:42])-[#1:66])-[#1],"EVODEX.2-P2935,EVODEX.2-P2953,EVODEX.2-P6024,EVODEX.2-P6026",12631625163698555347039170289183489484970827659541088816268937876853342150765
EVODEX.2-Dm567,[#8:57]=[#6:58](-[#8:59]-[#1])-[#6:60]>>[#6](=[#8])(-[#6]=[#6])-[#8:59]-[#1].[#6]-[#16]-[#6:58](=[#8:57])-[#6:60],"EVODEX.2-P3320,EVODEX.2-P3322,EVODEX.2-P3323,EVODEX.2-P3325",74934373436686798311070806806795865711565586515470086792877687843372177906117
EVODEX.2-Dm576,[#6:3]-[#6:4](-[#8:5]-[#6:6]=[#8:7])(-[#1:25])-[#1:26]>>[#6:3]-[#6:4](-[#8]-[#1])(-[#1:25])-[#1:26].[#8:5](-[#6:6]=[#8:7])-[#1],"EVODEX.2-P3383,EVODEX.2-P3425,EVODEX.2-P3441,EVODEX.2-P4820",40401085105303213987561998477580775220968206087064071790131166371611700920955
EVODEX.2-Dm578,[#6:3]-[#6:4](=[#8:5])-[#8:6]-[#6:7]1:[#6:8]:[#6:9]:[#6:10]2:[#6:11]:[#6:13]:[#6:14](=[#8:15]):[#8:16]:[#6:17]:2:[#6:18]:1.[#8:19](-[#1])-[#1]>>[#6:3]-[#6:4](=[#8:5])-[#8:19]-[#1].[#8:6](-[#6:7]1:[#6:8]:[#6:9]:[#6:10]2:[#6:11]:[#6:13]:[#6:14](=[#8:15]):[#8:16]:[#6:17]:2:[#6:18]:1)-[#1],"EVODEX.2-P3388,EVODEX.2-P3389,EVODEX.2-P3391,EVODEX.2-P3827",46776064364230005530606421939435064987074367431278961066502689421697316477653
EVODEX.2-Dm598,[#6:7]-[#6:8](-[#6:9])(-[#8:16]-[#6:17]=[#8:18])-[#1:32]>>[#6:7]-[#6:8](-[#6:9])(-[#8]-[#1])-[#1:32].[#8:16](-[#6:17]=[#8:18])-[#1],"EVODEX.2-P3467,EVODEX.2-P3577,EVODEX.2-P3584,EVODEX.2-P3625",20712518350534820918088949891894492018153758216215757662143806817621651225689
EVODEX.2-Dm609,[#6]=[#6]-[#8]-[#6:4](-[#6:5])=[#8:6].[#8:25](-[#6@:24])-[#1]>>[#6:4](-[#6:5])(=[#8:6])-[#8:25]-[#6@:24],"EVODEX.2-P3514,EVODEX.2-P3517,EVODEX.2-P3605,EVODEX.2-P3606",24877019126631789856072200794419921343208995795700773360203562424142938406976
EVODEX.2-Dm667,[#8:5](-[#6@:4](-[#6@@:3])(-[#8:17])-[#1:45])-[#6@@:6](-[#8:7])(-[#6@@:15])-[#1:46].[#8:40](-[#1])-[#1]>>[#8:40](-[#6@@:6](-[#8:7])(-[#6@@:15])-[#1:46])-[#1].[#6:4](-[#6@@:3])(-[#8:5]-[#1])(-[#8:17])-[#1:45],"EVODEX.2-P3785,EVODEX.2-P3795,EVODEX.2-P3798,EVODEX.2-P3800",8946740930619134413517546734236552497408356416184103779239292515038368566037
EVODEX.2-Dm742,[#6]1:[#6]:[#6](=[#8]):[#8]:[#6]2:[#6]:[#6]:[#6](-[#7](-[#6:15](=[#8:16])-[#6@@:17])-[#1]):[#6]:[#6]:1:2.[#8:42](-[#1])-[#1]>>[#6:15](=[#8:16])(-[#6@@:17])-[#8:42]-[#1],"EVODEX.2-P4562,EVODEX.2-P4571,EVODEX.2-P4573,EVODEX.2-P4577",62680918176309408560100808005902333543562711727916729733869627379276150518385
EVODEX.2-Dm791,[#8:19]-[#15:20](=[#8:21])(-[#8:22])-[#8:23]-[#15:24]=[#8:25].[#6:37](-[#6@:36])(=[#8:38])-[#8:39]-[#1].[#8:32](-[#1])-[#1]>>[#8:19]-[#15:20](=[#8:21])(-[#8:22])-[#8:39]-[#1].[#8:23](-[#15:24]=[#8:25])-[#1].[#8:32](-[#6:37](-[#6@:36])=[#8:38])-[#1],"EVODEX.2-P5576,EVODEX.2-P5579,EVODEX.2-P6009,EVODEX.2-P6010",53710988310512749685670328115245672061955851079547540760379152519380146530831
EVODEX.2-Dm813,[#8:18]-[#15:19](=[#8:20])(-[#8:21])-[#8:22]-[#15:23]=[#8:24].[#8:55](-[#1])-[#1]>>[#8:18]-[#15:19](=[#8:20])(-[#8:21])-[#8:55]-[#1].[#8:22](-[#15:23]=[#8:24])-[#1],"EVODEX.2-P5696,EVODEX.2-P5703,EVODEX.2-P5705,EVODEX.2-P5708",23227010070684774898269970199861407037774271879995832314079376457377053487037
EVODEX.2-Dm852,[#8]=[#6]-[#6](-[#6@:4](-[#8:5]-[#1])(-[#6@:6])-[#1:17])(-[#1])-[#1]>>[#6:4](=[#8:5])(-[#6@:6])-[#1:17],"EVODEX.2-P5881,EVODEX.2-P5883,EVODEX.2-P5885,EVODEX.2-P5886",3356352975948808032408299642247008839705886546551222665283379633686350710873
EVODEX.2-Dm868,[#6:7](-[#6@:5])(=[#8:8])-[#8:9]-[#1].[#7:10](-[#8:11])(-[#1])-[#1].[#8:26]-[#15:27](=[#8:28])(-[#8:29])-[#8:30]-[#15:31]=[#8:32]>>[#6:7](-[#6@:5])(=[#8:8])-[#7:10](-[#8:11])-[#1].[#8:30](-[#15:31]=[#8:32])-[#1].[#8:9](-[#15:27](-[#8:26])(=[#8:28])-[#8:29])-[#1],"EVODEX.2-P6032,EVODEX.2-P6167,EVODEX.2-P6231,EVODEX.2-P6535",107919120374444719554317366454908903036393957772624238451085684261696939400472
EVODEX.2-Dm870,[#6:4](-[#6@@:2])(=[#8:5])-[#8]-[#1].[#6:10](=[#8:11])-[#8:12]-[#1].[#8]-[#15](=[#8])(-[#8])-[#8:35]-[#15:36]=[#8:37]>>[#6:4](-[#6@@:2])(=[#8:5])-[#8:12]-[#6:10]=[#8:11].[#8:35](-[#15:36]=[#8:37])-[#1],"EVODEX.2-P6037,EVODEX.2-P6444,EVODEX.2-P6493,EVODEX.2-P6554",2011238799178171264256590196294969943686783474015632296104901510060417983820
EVODEX.2-Dm871,[#6:1]-[#6:2](=[#8:3])-[#8:4]-[#1].[#6:51]-[#16:52]-[#1].[#8:67]-[#15:68](=[#8:69])(-[#8:70])-[#8:71]-[#15:72]=[#8:73]>>[#6:1]-[#6:2](=[#8:3])-[#16:52]-[#6:51].[#8:4](-[#15:68](-[#8:67])(=[#8:69])-[#8:70])-[#1].[#8:71](-[#15:72]=[#8:73])-[#1],"EVODEX.2-P6038,EVODEX.2-P6190,EVODEX.2-P6212,EVODEX.2-P6221",82218733141632481022039957257622478634331496032981565253298012924084084702622
EVODEX.2-Dm892,[#15:68](=[#8:69])-[#8:71]-[#15:72](=[#8:73])(-[#8:74])-[#8:75].[#8:80]=[#6:81](-[#8:82]-[#1])-[#6:83]>>[#6]-[#16]-[#6:81](=[#8:80])-[#6:83].[#15:68](=[#8:69])-[#8:71]-[#1].[#15:72](=[#8:73])(-[#8:74])(-[#8:75])-[#8:82]-[#1],"EVODEX.2-P6141,EVODEX.2-P6155,EVODEX.2-P6210,EVODEX.2-P6214",36761859717400290726636341827839576198713064226862267253404832586926180939724
EVODEX.2-Dm893,[#8:80]=[#6:81](-[#8]-[#1])-[#6:83]>>[#6]-[#16]-[#6:81](=[#8:80])-[#6:83],"EVODEX.2-P6154,EVODEX.2-P6158,EVODEX.2-P6162,EVODEX.2-P6164",88407040317961355519310438424110557846774705766801564628548073987055137448200
EVODEX.2-Dm921,[#6:29](-[#6@@:23])(=[#8:30])-[#7:31](-[#6@@:32])-[#1].[#8:70]=[#15:71]-[#8:72]-[#1]>>[#6:29](-[#6@@:23])(=[#8:30])-[#8]-[#1].[#7:31](-[#6@@:32])(-[#1])-[#1].[#8]-[#15](=[#8])(-[#8])-[#8:72]-[#15:71]=[#8:70],"EVODEX.2-P6373,EVODEX.2-P6394,EVODEX.2-P6893,EVODEX.2-P6945",51393059743384015734584915149385282456429775079028648229474173666606696822190
EVODEX.2-Dm923,[#8:62]-[#15:63](=[#8:64])(-[#8:65]-[#1])-[#8:66].[#6:24]-[#6:25](=[#8:26])-[#7:27](-[#6@@:28])-[#1]>>[#7:27](-[#6@@:28])(-[#1])-[#1].[#8:62]-[#15:63](=[#8:64])(-[#8:66])-[#8]-[#15]=[#8].[#6:24]-[#6:25](=[#8:26])-[#8:65]-[#1],"EVODEX.2-P6380,EVODEX.2-P6402,EVODEX.2-P6406,EVODEX.2-P6442",80836814046590529663784262941250345710833381965246230314932035175998616906171
EVODEX.2-Dm926,[#8:78]-[#15:79](=[#8:80])(-[#8:81]-[#1])-[#8:82].[#6:40]-[#6:41](=[#8:42])-[#7](-[#6@@])-[#1]>>[#8:78]-[#15:79](=[#8:80])(-[#8:82])-[#8]-[#15]=[#8].[#6:40]-[#6:41](=[#8:42])-[#8:81]-[#1],"EVODEX.2-P6393,EVODEX.2-P6397,EVODEX.2-P6409,EVODEX.2-P6424",47874335625418568093285816243430094110731323232006865330173867701007368419514
EVODEX.2-Dm929,[#6:5](=[#8:6])-[#8:7]-[#1].[#6:16](-[#6@:9])(=[#8:17])-[#8:18]-[#1].[#8:37]-[#15:38](=[#8:39])(-[#8:40])-[#8:41]-[#15:42]=[#8:43]>>[#6:5](=[#8:6])-[#8:7]-[#6:16](-[#6@@:9])=[#8:17].[#8:18](-[#15:38](-[#8:37])(=[#8:39])-[#8:40])-[#1].[#8:41](-[#15:42]=[#8:43])-[#1],"EVODEX.2-P6443,EVODEX.2-P6448,EVODEX.2-P6462,EVODEX.2-P6479",73848814688852832057701109401864209956418783532262155165169962376801375217218
EVODEX.2-Dm941,[#6:1]-[#6:2](-[#7:3](-[#1])-[#1])(-[#6:4](-[#7:5](-[#1])-[#1])(-[#6:6])-[#1:54])-[#1:51].[#8:32]-[#15:33](=[#8:34])(-[#8:35])-[#8]-[#15]=[#8].[#8:45]=[#6:46]=[#8:47]>>[#6:1]-[#6@@:2]1(-[#7:3](-[#6:46](=[#8:47])-[#7:5](-[#6@@:4]-1(-[#6:6])-[#1:54])-[#1])-[#1])-[#1:51].[#8:32]-[#15:33](=[#8:34])(-[#8:35])-[#8:45]-[#1],"EVODEX.2-P6929,EVODEX.2-P6932,EVODEX.2-P6935,EVODEX.2-P6941",16079688387344302599059281197344300572783496862259108143851440971904657869210
EVODEX.2-Dm302,[#7:1]=[#6:2]1:[#7:3]:[#6:4]:[#6:5](:[#6:6](=[#8:7]):[#7:8]:1)-[#7:9]1-[#6:10](-[#7:11](-[#6:12]2:[#6:13]:[#6:14]:[#6:15](-[#6:16]=[#8:17]):[#6:73]:[#6:74]:2)-[#6:75]-[#6@:76]-1(-[#6:77])-[#1])(-[#1:102])-[#1:103].[#8:79]=[#6:80]1:[#6:81](:[#6:82]:[#7:83]:[#6:96](=[#8:97]):[#7:98]:1)-[#1]>>[#6:10](-[#6:81]1:[#6:80](=[#8:79]):[#7:98]:[#6:96](=[#8:97]):[#7:83]:[#6:82]:1)(-[#1:102])(-[#1:103])-[#1].[#7:1]=[#6:2]1:[#7:3]:[#6:4]:[#6:5](:[#6:6](=[#8:7]):[#7:8]:1)-[#7:9]=[#6:76](-[#6:75]-[#7:11](-[#6:12]1:[#6:13]:[#6:14]:[#6:15](-[#6:16]=[#8:17]):[#6:73]:[#6:74]:1)-[#1])-[#6:77],"EVODEX.2-P1411,EVODEX.2-P1415,EVODEX.2-P1416",89654812920078401638665878213393123355632320046558017498098997964659055326271
EVODEX.2-Dm304,[#6:1](-[#6:2]1:[#6:3]:[#7:4]:[#6:17](=[#8:18]):[#7:19]:[#6:20]:1=[#8:21])(-[#1:72])(-[#1:73])-[#1].[#7:22]=[#6:23]1:[#7:24]:[#6:25]:[#6:26](:[#6:27](=[#8:28]):[#7:29]:1)-[#7:30]=[#6:31](-[#6:32]-[#7:33](-[#6:34]1:[#6:35]:[#6:36]:[#6:37](-[#6:38]=[#8:39]):[#6:68]:[#6:69]:1)-[#1])-[#6:70]>>[#6:1]1(-[#7:30](-[#6:26]2:[#6:25]:[#7:24]:[#6:23](=[#7:22]):[#7:29]:[#6:27]:2=[#8:28])-[#6@:31](-[#6:70])(-[#6:32]-[#7:33]-1-[#6:34]1:[#6:35]:[#6:36]:[#6:37](-[#6:38]=[#8:39]):[#6:68]:[#6:69]:1)-[#1])(-[#1:72])-[#1:73].[#6:2]1(:[#6:3]:[#7:4]:[#6:17](=[#8:18]):[#7:19]:[#6:20]:1=[#8:21])-[#1],"EVODEX.2-P1414,EVODEX.2-P1417,EVODEX.2-P1418",106948048947878544700653850524669730690931910247586287699094925797754439043113
EVODEX.2-Dm358,[#6:59]-[#8:60]-[#1]>>[#6]=[#6]-[#6](=[#8])-[#8:60]-[#6:59],"EVODEX.2-P1628,EVODEX.2-P1633,EVODEX.2-P1634",4689173007068962178484557401717504921908671206660001030182705008168324306814
EVODEX.2-Dm497,[#7:1](-[#6](-[#6])(-[#1])-[#1])(-[#1])-[#1].[#6:15]-[#6:16](=[#8])-[#6:18]=[#8:19]>>[#7:1](-[#6:16](-[#6:15])(-[#6:18]=[#8:19])-[#1])(-[#1])-[#1],"EVODEX.2-P2435,EVODEX.2-P2563,EVODEX.2-P2566",105403183849729661364799532728697069795899180240071995675022513030802336583075
EVODEX.2-Dm525,[#6:1](-[#6:2](-[#6:3])(-[#8:4]-[#1])-[#6:5](-[#6:6](=[#8:7])-[#8:8]-[#1])(-[#1:47])-[#1:48])(-[#1:40])(-[#1:41])-[#1].[#8:27]-[#15:28](=[#8:29])(-[#8:30])-[#8:31]-[#15:32]=[#8:33]>>[#6:6](=[#8:7])=[#8:8].[#6:1](=[#6:2](-[#6:3])-[#6:5](-[#1:47])(-[#1:48])-[#1])(-[#1:40])-[#1:41].[#8:31](-[#15:32]=[#8:33])-[#1].[#8:4](-[#15:28](-[#8:27])(=[#8:29])-[#8:30])-[#1],"EVODEX.2-P2868,EVODEX.2-P5802,EVODEX.2-P5814",17281118522204911400535665571915747980419154695834203243488535947188465479575
EVODEX.2-Dm542,[#6:2](=[#8:3])-[#8:4]-[#1].[#15:22](=[#8:23])-[#8:25]-[#15:26](=[#8:27])(-[#8:28])-[#8:29]>>[#6:2](=[#8:3])-[#8:4]-[#15:26](=[#8:27])(-[#8:28])-[#8:29].[#15:22](=[#8:23])-[#8:25]-[#1],"EVODEX.2-P3035,EVODEX.2-P3044,EVODEX.2-P3053",59077872081341299398525371364508815526690773239145938009489479607443407807927
EVODEX.2-Dm543,[#6:3](=[#8:4])-[#8:5]-[#15](=[#8])(-[#8])-[#8]>>[#6:3](=[#8:4])-[#8:5]-[#1],"EVODEX.2-P3038,EVODEX.2-P3040,EVODEX.2-P3657",15290828481025838320329321644148425417779850900924597166776060997894690589416
EVODEX.2-Dm570,[#6:3]-[#6:4](=[#8:5])-[#8]-[#1].[#6:8]-[#8:9]-[#1]>>[#6:3]-[#6:4](=[#8:5])-[#8:9]-[#6:8],"EVODEX.2-P3370,EVODEX.2-P3580,EVODEX.2-P3912",55380256367386756470753900152824259840348341161204412940761270294151896791502
EVODEX.2-Dm583,[#6:1]-[#6:2](-[#8:3]-[#6:4]=[#8:5])(-[#1:23])-[#1:24].[#8:19](-[#1])-[#1]>>[#6:1]-[#6:2](-[#8:19]-[#1])(-[#1:23])-[#1:24].[#8:3](-[#6:4]=[#8:5])-[#1],"EVODEX.2-P3396,EVODEX.2-P3427,EVODEX.2-P3433",52286471239108070508550278450187098259207439054272459615540683184639629524303
EVODEX.2-Dm594,[#6:10](-[#6@:9])(=[#8:11])-[#8:12]-[#6:13].[#8:27](-[#1])-[#1]>>[#6:10](-[#6@:9])(=[#8:11])-[#8:27]-[#1].[#8:12](-[#6:13])-[#1],"EVODEX.2-P3430,EVODEX.2-P3568,EVODEX.2-P3918",31060413215451819376807198352811413157750527303687932885026334331779146602028
EVODEX.2-Dm612,[#6:19]-[#6:20](-[#6:21])(-[#8:33]-[#6:34]=[#8:35])-[#1:83].[#8:51](-[#1])-[#1]>>[#6:19]-[#6:20](-[#6:21])(-[#8:51]-[#1])-[#1:83].[#8:33](-[#6:34]=[#8:35])-[#1],"EVODEX.2-P3535,EVODEX.2-P3536,EVODEX.2-P3624",55375590638913419121845175606879115281165790267594434386051434404722646977133
EVODEX.2-Dm790,[#8:19]-[#15:20](=[#8:21])(-[#8:22])-[#8]-[#15]=[#8].[#6:37](-[#6@:36])(=[#8:38])-[#8:39]-[#1]>>[#8:19]-[#15:20](=[#8:21])(-[#8:22])-[#8:39]-[#1].[#8](-[#6:37](-[#6@:36])=[#8:38])-[#1],"EVODEX.2-P5575,EVODEX.2-P5578,EVODEX.2-P5581",37543612641579642747221599829393797938559977602572778810253010066863143997728
EVODEX.2-Dm829,[#6]-[#6@@](-[#8:3]-[#1])(-[#6])-[#6].[#8:37]-[#15:38](=[#8:39])(-[#8:40])-[#8]-[#15]=[#8]>>[#8:3](-[#15:38](-[#8:37])(=[#8:39])-[#8:40])-[#1],"EVODEX.2-P5788,EVODEX.2-P5790,EVODEX.2-P5796",27838903818995152293214297336121528675983244084321173916039933454530979612389
EVODEX.2-Dm830,[#6:1](-[#6@@:2](-[#8:3]-[#1])(-[#6:4])-[#6:15](-[#6](=[#8])-[#8])(-[#1:61])-[#1:62])(-[#1:50])(-[#1:51])-[#1].[#8:37]-[#15:38](=[#8:39])(-[#8:40])-[#8]-[#15]=[#8]>>[#6:1](=[#6:2](-[#6:4])-[#6:15](-[#1:61])(-[#1:62])-[#1])(-[#1:50])-[#1:51].[#8:3](-[#15:38](-[#8:37])(=[#8:39])-[#8:40])-[#1],"EVODEX.2-P5789,EVODEX.2-P5791,EVODEX.2-P5797",109909475598738328578160483376800927720591390772875300457350143811461784289388
EVODEX.2-Dm834,[#6]-[#6@@](-[#8:3]-[#1])(-[#6])-[#6](-[#6:16](=[#8:17])-[#8:18]-[#1])(-[#1])-[#1].[#8:35]-[#15:36](=[#8:37])(-[#8:38])-[#8:39]-[#15:40]=[#8:41]>>[#6:16](=[#8:17])=[#8:18].[#8:39](-[#15:40]=[#8:41])-[#1].[#8:3](-[#15:36](-[#8:35])(=[#8:37])-[#8:38])-[#1],"EVODEX.2-P5795,EVODEX.2-P5798,EVODEX.2-P5803",53529544354912224425055159052952652678548445378862539044509545393680071481971
EVODEX.2-Dm883,[#6:1]-[#6:2](=[#8:3])-[#16]-[#6].[#8:66]-[#15:67](=[#8:68])(-[#8:69]-[#1])-[#8:70].[#8:75]=[#15:76]-[#8:77]-[#1]>>[#6:1]-[#6:2](=[#8:3])-[#8:69]-[#1].[#8:66]-[#15:67](=[#8:68])(-[#8:70])-[#8:77]-[#15:76]=[#8:75],"EVODEX.2-P6063,EVODEX.2-P6075,EVODEX.2-P6194",44210481775968021385678295313537619203358506907716646964685903413909007009507
EVODEX.2-Dm884,[#8:63]-[#15:64](=[#8:65])(-[#8:66])-[#8:67]-[#15:68]=[#8:69].[#8]=[#6](-[#8:82]-[#1])-[#1]>>[#8:63]-[#15:64](=[#8:65])(-[#8:66])-[#8:82]-[#1].[#8:67](-[#15:68]=[#8:69])-[#1],"EVODEX.2-P6078,EVODEX.2-P6936,EVODEX.2-P6940",72466319900342689575999237652961723359525603883255426499002320937501242971722
EVODEX.2-Dm894,[#8:17]-[#15:18](=[#8:19])(-[#8:20])-[#8:21]-[#15:22]=[#8:23].[#8:34]=[#6:35](-[#8:36]-[#1])-[#6:37]>>[#8:17]-[#15:18](=[#8:19])(-[#8:20])-[#8:36]-[#1].[#7](-[#8])(-[#6:35](=[#8:34])-[#6:37])-[#1].[#8:21](-[#15:22]=[#8:23])-[#1],"EVODEX.2-P6166,EVODEX.2-P6168,EVODEX.2-P6259",95439243963006115333122126362466299742975486226013924215916432653977428560306
EVODEX.2-Dm896,[#8:29]-[#15:30](=[#8:31])(-[#8:32]-[#1])-[#8:33].[#7](-[#6:2](=[#8:3])-[#6:4])(-[#1])-[#1].[#8:38]=[#15:39]-[#8:40]-[#1]>>[#6:2](=[#8:3])(-[#6:4])-[#8:32]-[#1].[#8:29]-[#15:30](=[#8:31])(-[#8:33])-[#8:40]-[#15:39]=[#8:38],"EVODEX.2-P6227,EVODEX.2-P6243,EVODEX.2-P6250",18018143426175969181814900697649172990987323116458478184293710663098090347875
EVODEX.2-Dm900,[#8:28]-[#15:29](=[#8:30])(-[#8:31])-[#8]-[#15]=[#8].[#6:5]-[#6:6](=[#8:7])-[#8:8]-[#1].[#7:1](-[#1])(-[#1])-[#1]>>[#7:1](-[#6:6](-[#6:5])=[#8:7])(-[#1])-[#1].[#8:8](-[#15:29](-[#8:28])(=[#8:30])-[#8:31])-[#1],"EVODEX.2-P6235,EVODEX.2-P6242,EVODEX.2-P6251",97846809878014677228260286152161253230707213585886341620665510918690164852564
EVODEX.2-Dm901,[#8:28]-[#15:29](=[#8:30])(-[#8:31])-[#8:32]-[#15:33]=[#8:34].[#6:5]-[#6:6](=[#8:7])-[#8:8]-[#1]>>[#7](-[#6:6](-[#6:5])=[#8:7])(-[#1])-[#1].[#8:32](-[#15:33]=[#8:34])-[#1].[#8:8](-[#15:29](-[#8:28])(=[#8:30])-[#8:31])-[#1],"EVODEX.2-P6236,EVODEX.2-P6241,EVODEX.2-P6246",25037814249347134233993682910385312826976129373398000770040339894044865825354
EVODEX.2-Dm902,[#8:27]-[#15:28](=[#8:29])(-[#8:30]-[#1])-[#8:31].[#7:1](-[#6:2](=[#8:3])-[#6:4])(-[#1])-[#1].[#8:39]=[#15:40]-[#8:41]-[#1]>>[#6:2](=[#8:3])(-[#6:4])-[#8:30]-[#1].[#8:27]-[#15:28](=[#8:29])(-[#8:31])-[#8:41]-[#15:40]=[#8:39].[#7:1](-[#1])(-[#1])-[#1],"EVODEX.2-P6238,EVODEX.2-P6248,EVODEX.2-P6255",33716253734954930461856859872582305655015773021462408057430842181654881796918
EVODEX.2-Dm915,[#7:24](-[#6@@:25])(-[#1])-[#1].[#8:52]-[#15:53](=[#8:54])(-[#8:55])-[#8:56]-[#15:57]=[#8:58].[#6:13]1:[#6:14]:[#6:15]:[#6:16](-[#6:17](=[#8:18])-[#8:19]-[#1]):[#6:20]:[#6:21]:1>>[#6:13]1:[#6:14]:[#6:15]:[#6:16](-[#6:17](=[#8:18])-[#7:24](-[#6@@:25])-[#1]):[#6:20]:[#6:21]:1.[#8:19](-[#15:53](-[#8:52])(=[#8:54])-[#8:55])-[#1].[#8:56](-[#15:57]=[#8:58])-[#1],"EVODEX.2-P6323,EVODEX.2-P6327,EVODEX.2-P6333",29096155245553423418307041489709697039107761428193267338149702283205198735969
EVODEX.2-Dm916,[#8:52]-[#15:53](=[#8:54])(-[#8:55])-[#8]-[#15]=[#8].[#6:13]1:[#6:14]:[#6:15]:[#6:16](-[#6:17](=[#8:18])-[#8:19]-[#1]):[#6:20]:[#6:21]:1>>[#6:13]1:[#6:14]:[#6:15]:[#6:16](-[#6:17](=[#8:18])-[#7](-[#6@@])-[#1]):[#6:20]:[#6:21]:1.[#8:19](-[#15:53](-[#8:52])(=[#8:54])-[#8:55])-[#1],"EVODEX.2-P6324,EVODEX.2-P6331,EVODEX.2-P6334",39498539264727440247692274666404296453955920446184661980906718462214462110284
EVODEX.2-Dm917,[#8:52]-[#15:53](=[#8:54])(-[#8:55])-[#8:56]-[#15:57]=[#8:58].[#6]1:[#6]:[#6]:[#6](-[#6](=[#8])-[#8:19]-[#1]):[#6]:[#6]:1>>[#8:19](-[#15:53](-[#8:52])(=[#8:54])-[#8:55])-[#1].[#8:56](-[#15:57]=[#8:58])-[#1],"EVODEX.2-P6325,EVODEX.2-P6332,EVODEX.2-P6335",65622535752581850904967619870133962332793119603692540470474499294258509117457
EVODEX.2-Dm931,[#6:16](-[#6@:9])(=[#8:17])-[#8:18]-[#1].[#8:37]-[#15:38](=[#8:39])(-[#8:40])-[#8:41]-[#15:42]=[#8:43]>>[#6](=[#8])-[#8]-[#6:16](-[#6@@:9])=[#8:17].[#8:18](-[#15:38](-[#8:37])(=[#8:39])-[#8:40])-[#1].[#8:41](-[#15:42]=[#8:43])-[#1],"EVODEX.2-P6446,EVODEX.2-P6480,EVODEX.2-P6555",58465684735228199975642091319326533408635331601871376918307411670363896212344
EVODEX.2-Dm935,[#7:21](-[#6@@:22](-[#6:23])(-[#6:27]=[#8:28])-[#1:63])(-[#1])-[#1].[#8:48]-[#15:49](=[#8:50])(-[#8:51])-[#8:52]-[#15:53]=[#8:54].[#6:13]-[#6:15](=[#8:16])-[#8:17]-[#1]>>[#6:13]-[#6:15](=[#8:16])-[#7:21](-[#6:22](-[#6:23])(-[#6:27]=[#8:28])-[#1:63])-[#1].[#8:17](-[#15:49](-[#8:48])(=[#8:50])-[#8:51])-[#1].[#8:52](-[#15:53]=[#8:54])-[#1],"EVODEX.2-P6507,EVODEX.2-P6552,EVODEX.2-P6912",1826914915060465626609175540596150443735792361824512885151760019224864752627
EVODEX.2-Dm936,[#6:2]-[#6:3](=[#8:4])-[#8:5]-[#1].[#8:24]-[#15:25](=[#8:26])(-[#8:27])-[#8:28]-[#15:29]=[#8:30].[#6:43]-[#7:44](-[#6@@:40])-[#1]>>[#6:2]-[#6:3](=[#8:4])-[#7:44](-[#6@:40])-[#6:43].[#8:28](-[#15:29]=[#8:30])-[#1].[#8:5](-[#15:25](-[#8:24])(=[#8:26])-[#8:27])-[#1],"EVODEX.2-P6604,EVODEX.2-P6607,EVODEX.2-P6683",31043418770622395294463106341500808988378829135158540328318781705219988108277
EVODEX.2-Dm939,[#8:30]-[#15:31](=[#8:32])(-[#8:33])-[#8]-[#15]=[#8].[#6:9](-[#6@@:2])(=[#8:10])-[#8:11]-[#1]>>[#6:9](-[#6@@:2])(=[#8:10])-[#7](-[#6@])-[#6].[#8:11](-[#15:31](-[#8:30])(=[#8:32])-[#8:33])-[#1],"EVODEX.2-P6608,EVODEX.2-P6697,EVODEX.2-P6764",92102016358501428037283550164087894965997985189858022888505169283444174986123
EVODEX.2-Dm942,[#8:32]-[#15:33](=[#8:34])(-[#8:35])-[#8:36]-[#15:37]=[#8:38].[#8:45]=[#6:46]=[#8:47]>>[#7]1(-[#6@@]-[#6@@]-[#7](-[#6:46]-1=[#8:47])-[#1])-[#1].[#8:32]-[#15:33](=[#8:34])(-[#8:35])-[#8:45]-[#1].[#8:36](-[#15:37]=[#8:38])-[#1],"EVODEX.2-P6930,EVODEX.2-P6939,EVODEX.2-P6942",13045900151300634802597417048103164207599828791220162405515900814373248363845
EVODEX.2-Dm17,[#6:22](=[#8:23])-[#6:24](=[#8:25])-[#1:97].[#6:27](=[#8:28])-[#6:29]1=[#6:30](-[#7:31](-[#6@@:32])-[#6:67](=[#6:68](-[#6:69]-1(-[#1:125])-[#1])-[#1:124])-[#1:123])-[#1:100]>>[#6:22](=[#8:23])-[#6:24](-[#8:25]-[#1])(-[#1:97])-[#1].[#6:27](=[#8:28])-[#6:29]1:[#6:30](:[#7&+:31](-[#6@@:32]):[#6:67](:[#6:68](:[#6:69]:1-[#1:125])-[#1:124])-[#1:123])-[#1:100],"EVODEX.2-P29,EVODEX.2-P30",42528033935960107406479249216453776538432297889949709343187314177824248536847
EVODEX.2-Dm261,[#6:34](=[#8:35])-[#6:36]1=[#6:37](-[#7:38](-[#6@@:39])-[#6:78](=[#6:79](-[#6:80]-1(-[#1:109])-[#1])-[#1:108])-[#1:107])-[#1:83].[#7:1]=[#6:2]1:[#7:3]:[#6:4]:[#6:5](:[#6:6](=[#8:7]):[#7:8]:1)-[#7:9]=[#6:10](-[#6:11])-[#6:31]>>[#6:34](=[#8:35])-[#6:36]1:[#6:37](:[#7&+:38](-[#6@@:39]):[#6:78](:[#6:79](:[#6:80]:1-[#1:109])-[#1:108])-[#1:107])-[#1:83].[#7:1]=[#6:2]1:[#7:3]:[#6:4]:[#6:5](:[#6:6](=[#8:7]):[#7:8]:1)-[#7:9](-[#6@@:10](-[#6:11])(-[#6:31])-[#1])-[#1],"EVODEX.2-P1252,EVODEX.2-P1256",91721844647088023072618016299069045866598237789442204610312990499969823591241
EVODEX.2-Dm263,[#6:1]-[#6:2]1:[#6:3](:[#7:4]:[#6:5]2:[#7:6]:[#6:7](=[#7:8]):[#7:9]:[#6:10](=[#8:11]):[#6:12]:2:[#7:13]:1)-[#1:65].[#6:15](=[#8:16])-[#6:17]1=[#6:18](-[#7:19](-[#6@@:20])-[#6:59](=[#6:60](-[#6:61]-1(-[#1:97])-[#1])-[#1:96])-[#1:95])-[#1:71]>>[#6:1]-[#6:2]1=[#7:13]-[#6:12]2:[#6:5](:[#7:6]:[#6:7](=[#7:8]):[#7:9]:[#6:10]:2=[#8:11])-[#7:4](-[#6:3]-1(-[#1:65])-[#1])-[#1].[#6:15](=[#8:16])-[#6:17]1:[#6:18](:[#7&+:19](-[#6@@:20]):[#6:59](:[#6:60](:[#6:61]:1-[#1:97])-[#1:96])-[#1:95])-[#1:71],"EVODEX.2-P1254,EVODEX.2-P1255",59389392999838535068118908882442942471541489543095071170871898951830548494583
EVODEX.2-Dm301,[#6:2]1:[#7:3]:[#6:4]:[#6:5](:[#6:6](=[#8:7]):[#7:8]:1)-[#7:9]1-[#6:10](-[#7:11](-[#6:12]2:[#6:13]:[#6:14]:[#6:15](-[#6:16]=[#8:17]):[#6:28]:[#6:29]:2)-[#6:30]-[#6@:31]-1(-[#6:32])-[#1])(-[#1:57])-[#1:58].[#8:34]=[#6:35]1:[#6:36](:[#6:37]:[#7:38]:[#6:51](=[#8:52]):[#7:53]:1)-[#1]>>[#6:10](-[#6:36]1:[#6:35](=[#8:34]):[#7:53]:[#6:51](=[#8:52]):[#7:38]:[#6:37]:1)(-[#1:57])(-[#1:58])-[#1].[#6:2]1:[#7:3]:[#6:4]:[#6:5](:[#6:6](=[#8:7]):[#7:8]:1)-[#7:9]=[#6:31](-[#6:30]-[#7:11](-[#6:12]1:[#6:13]:[#6:14]:[#6:15](-[#6:16]=[#8:17]):[#6:28]:[#6:29]:1)-[#1])-[#6:32],"EVODEX.2-P1410,EVODEX.2-P1412",4068448065698607730347512398130330784616697902815423127659271071764087828318
EVODEX.2-Dm303,[#6:1](-[#6:2]1:[#6:3]:[#7:4]:[#6:17](=[#8:18]):[#7:19]:[#6:20]:1=[#8:21])(-[#1:90])(-[#1:91])-[#1].[#6:23]1:[#7:24]:[#6:25]:[#6:26](:[#6:27](=[#8:28]):[#7:29]:1)-[#7:30]=[#6:31](-[#6:32]-[#7:33](-[#6:34]1:[#6:35]:[#6:36]:[#6:37](-[#6:38]=[#8:39]):[#6:86]:[#6:87]:1)-[#1])-[#6:88]>>[#6:1]1(-[#7:30](-[#6:26]2:[#6:25]:[#7:24]:[#6:23]:[#7:29]:[#6:27]:2=[#8:28])-[#6@:31](-[#6:88])(-[#6:32]-[#7:33]-1-[#6:34]1:[#6:35]:[#6:36]:[#6:37](-[#6:38]=[#8:39]):[#6:86]:[#6:87]:1)-[#1])(-[#1:90])-[#1:91].[#6:2]1(:[#6:3]:[#7:4]:[#6:17](=[#8:18]):[#7:19]:[#6:20]:1=[#8:21])-[#1],"EVODEX.2-P1413,EVODEX.2-P1419",71247762990424487263531227366091186798274157604506831631891189701566396904653
EVODEX.2-Dm516,[#15:20](=[#8:21])-[#8:23]-[#15:24](=[#8:25])(-[#8:26])-[#8:27].[#8:39]-[#6:40](-[#8:41]-[#1])(-[#6@:42])-[#1:67]>>[#15:20](=[#8:21])-[#8:23]-[#1].[#15:24](=[#8:25])(-[#8:26])(-[#8:27])-[#8:41]-[#6@@:40](-[#8:39])(-[#6@:42])-[#1:67],"EVODEX.2-P2818,EVODEX.2-P2861",63067558882333636764925430576561993638283098717402630213039011036729144685279
EVODEX.2-Dm618,[#6:1](-[#8]-[#1])(-[#1:16])(-[#1:17])-[#1:18].[#6:13](=[#8:14])-[#8:15]-[#1]>>[#6:1](-[#8:15]-[#6:13]=[#8:14])(-[#1:16])(-[#1:17])-[#1:18],"EVODEX.2-P3552,EVODEX.2-P3553",95108925442265367793789232828543219071288271860594740099715135529167854967087
EVODEX.2-Dm660,[#8:3]-[#15@@:4](=[#8:5])(-[#8:6]-[#6:7]1:[#6:8]:[#6:9]:[#6:10](-[#7&+:11]=[#8:12]):[#6:14]:[#6:15]:1)-[#8:16]>>[#8:3]-[#15:4](=[#8:5])(-[#8:6]-[#1])-[#8:16].[#6:7]1(-[#8]-[#1]):[#6:8]:[#6:9]:[#6:10](-[#7&+:11]=[#8:12]):[#6:14]:[#6:15]:1,"EVODEX.2-P3771,EVODEX.2-P3772",85185404838842287778795185723136909324722350808688261945872088564607327176459
EVODEX.2-Dm670,[#8:124](-[#6@@:123](-[#6@:114])(-[#6@:121])-[#1:260])-[#6@@:125](-[#8:126])(-[#6@:134])-[#1:261].[#8:148](-[#1])-[#1]>>[#8:148](-[#6@@:123](-[#6@:114])(-[#6@:121])-[#1:260])-[#1].[#8:124](-[#6:125](-[#8:126])(-[#6@:134])-[#1:261])-[#1],"EVODEX.2-P3803,EVODEX.2-P3892",67329554091317365623471272672684337026965125446847308666109754726984125069948
EVODEX.2-Dm686,[#6:13](-[#6@:12])(-[#8:14]-[#6@:15](-[#8:16])(-[#6@:24])-[#1:75])(-[#1:73])-[#1:74].[#8:56](-[#1])-[#1]>>[#6:13](-[#6@:12])(-[#8:56]-[#1])(-[#1:73])-[#1:74].[#8:14](-[#6:15](-[#8:16])(-[#6@:24])-[#1:75])-[#1],"EVODEX.2-P3893,EVODEX.2-P3894",87539475162621945608595693602880957260526603003987033151920730174247455295842
EVODEX.2-Dm759,[#6:1](-[#8:2]-[#6:3]=[#8:4])(-[#1:23])(-[#1:24])-[#1:25].[#8:22](-[#1])-[#1]>>[#6:1](-[#8:22]-[#1])(-[#1:23])(-[#1:24])-[#1:25].[#8:2](-[#6:3]=[#8:4])-[#1],"EVODEX.2-P4908,EVODEX.2-P5322",108414748752548732472054436127792823020972271964442003331962992655247140697400
EVODEX.2-Dm793,[#8:19]-[#15:20](=[#8:21])(-[#8:22])-[#8:23]-[#15:24]=[#8:25].[#8:33]=[#6:34](-[#8:35]-[#1])-[#6:36]>>[#8:19]-[#15:20](=[#8:21])(-[#8:22])-[#8:35]-[#1].[#8:23](-[#15:24]=[#8:25])-[#1].[#8](-[#6:34](=[#8:33])-[#6:36])-[#1],"EVODEX.2-P5580,EVODEX.2-P6011",65539931452999957615611580124065406928807500145440621249562217902381016417485
EVODEX.2-Dm814,[#8:11]-[#15:12](=[#8:13])(-[#8:14])-[#8:15]-[#15:16](=[#8:17])(-[#8:18])-[#8:19]-[#15:20]=[#8:21]>>[#8:11]-[#15:12](=[#8:13])(-[#8:14])-[#8]-[#1].[#8:15](-[#15:16](=[#8:17])(-[#8:18])-[#8]-[#1])-[#1].[#8:19](-[#15:20]=[#8:21])-[#1],"EVODEX.2-P5700,EVODEX.2-P5701",93531410983564936320517034192183688784763500719719279163870979242930236290749
EVODEX.2-Dm831,[#6]-[#6@@](-[#8:3]-[#1])(-[#6])-[#6].[#8:32]-[#15:33](=[#8:34])(-[#8:35])-[#8:36]-[#15:37]=[#8:38]>>[#8:36](-[#15:37]=[#8:38])-[#1].[#8:3](-[#15:33](-[#8:32])(=[#8:34])-[#8:35])-[#1],"EVODEX.2-P5792,EVODEX.2-P5800",3146931083907197419307840600424087549119003244768358177696996465975393172738
EVODEX.2-Dm832,[#6:1](-[#6@@:2](-[#8:3]-[#1])(-[#6:4])-[#6:15](-[#6:16](=[#8:17])-[#8:18]-[#1])(-[#1:59])-[#1:60])(-[#1:48])(-[#1:49])-[#1].[#8:32]-[#15:33](=[#8:34])(-[#8:35])-[#8]-[#15]=[#8]>>[#6:16](=[#8:17])=[#8:18].[#6:1](=[#6:2](-[#6:4])-[#6:15](-[#1:59])(-[#1:60])-[#1])(-[#1:48])-[#1:49].[#8:3](-[#15:33](-[#8:32])(=[#8:34])-[#8:35])-[#1],"EVODEX.2-P5793,EVODEX.2-P5815",86688211109917092041173383718813408918369063329654666673519767324145637904047
EVODEX.2-Dm833,[#6:1](-[#6@@:2](-[#8:3]-[#1])(-[#6:4])-[#6:15](-[#6](=[#8])-[#8])(-[#1:62])-[#1:63])(-[#1:51])(-[#1:52])-[#1].[#8:35]-[#15:36](=[#8:37])(-[#8:38])-[#8:39]-[#15:40]=[#8:41]>>[#6:1](=[#6:2](-[#6:4])-[#6:15](-[#1:62])(-[#1:63])-[#1])(-[#1:51])-[#1:52].[#8:39](-[#15:40]=[#8:41])-[#1].[#8:3](-[#15:36](-[#8:35])(=[#8:37])-[#8:38])-[#1],"EVODEX.2-P5794,EVODEX.2-P5801",66286909648665499190351995084389766957596610296720027956032796110736577666837
EVODEX.2-Dm835,[#6]-[#6@@](-[#8:3]-[#1])(-[#6])-[#6](-[#6:16](=[#8:17])-[#8:18]-[#1])(-[#1])-[#1].[#8:39]-[#15:40](=[#8:41])(-[#8:42])-[#8]-[#15]=[#8]>>[#6:16](=[#8:17])=[#8:18].[#8:3](-[#15:40](-[#8:39])(=[#8:41])-[#8:42])-[#1],"EVODEX.2-P5799,EVODEX.2-P5804",104616939460322777700949637411734436326168551275917651746952829989923434674306
EVODEX.2-Dm859,[#6:5]/[#6:6](=[#6:7](\[#6:8])-[#1:34])-[#1:33]>>[#6:5]-[#6:6](-[#6@@:7](-[#6:8])(-[#8]-[#1])-[#1:34])(-[#1:33])-[#1],"EVODEX.2-P5945,EVODEX.2-P5948",93516309199704082908345665369162066101833466701569745371521384049540080697769
EVODEX.2-Dm869,[#8:31]-[#15:32](=[#8:33])(-[#8:34])-[#8:35]-[#15:36]=[#8:37].[#6:14](-[#6@@:3])(=[#8:15])-[#8:16]-[#1].[#7:1](-[#1])(-[#1])-[#1]>>[#7:1](-[#6:14](-[#6@@:3])=[#8:15])(-[#1])-[#1].[#8:16](-[#15:32](-[#8:31])(=[#8:33])-[#8:34])-[#1].[#8:35](-[#15:36]=[#8:37])-[#1],"EVODEX.2-P6036,EVODEX.2-P6952",41913552234428514646057305044043328626211076046965510996670817645589897876248
EVODEX.2-Dm889,[#6:3]-[#6:4](=[#8:5])-[#16:6]-[#6:7].[#8:72]-[#15:73](=[#8:74])(-[#8:75]-[#1])-[#8:76].[#8:81]=[#15:82]-[#8:83]-[#1]>>[#6:3]-[#6:4](=[#8:5])-[#8:75]-[#1].[#8:72]-[#15:73](=[#8:74])(-[#8:76])-[#8:83]-[#15:82]=[#8:81].[#16:6](-[#6:7])-[#1],"EVODEX.2-P6109,EVODEX.2-P6198",108724494203561797468608564027943729343765197785467365325566302719429017061477
EVODEX.2-Dm897,[#8:29]-[#15:30](=[#8:31])(-[#8:32]-[#1])-[#8:33].[#7:1](-[#6:2](=[#8:3])-[#6:4])(-[#1])-[#1]>>[#6:2](=[#8:3])(-[#6:4])-[#8:32]-[#1].[#8:29]-[#15:30](=[#8:31])(-[#8:33])-[#8]-[#15]=[#8].[#7:1](-[#1])(-[#1])-[#1],"EVODEX.2-P6229,EVODEX.2-P6249",7208565511667327174477016096875376843100262691730535752499207452790402773964
EVODEX.2-Dm898,[#8:29]-[#15:30](=[#8:31])(-[#8:32]-[#1])-[#8:33].[#7](-[#6:2](=[#8:3])-[#6:4])(-[#1])-[#1]>>[#6:2](=[#8:3])(-[#6:4])-[#8:32]-[#1].[#8:29]-[#15:30](=[#8:31])(-[#8:33])-[#8]-[#15]=[#8],"EVODEX.2-P6230,EVODEX.2-P6240",19398676056452164499755746052166744099928638297350556832408594783149738493320
EVODEX.2-Dm903,[#8:15]-[#15:16](=[#8:17])(-[#8:18])-[#8]-[#15]=[#8].[#6:34]-[#6:35](=[#8:36])-[#8:37]-[#1]>>[#8:15]-[#15:16](=[#8:17])(-[#8:18])-[#8:37]-[#1].[#7](-[#6:35](-[#6:34])=[#8:36])(-[#1])-[#1],"EVODEX.2-P6253,EVODEX.2-P6566",74924478109086641979986500654938454609050465043469830448197283361663254876921
EVODEX.2-Dm904,[#8:30]-[#15:31](=[#8:32])(-[#8:33])-[#8]-[#15]=[#8].[#6:5]-[#6:6](=[#8:7])-[#8:8]-[#1]>>[#7](-[#8])(-[#6:6](-[#6:5])=[#8:7])-[#1].[#8:8](-[#15:31](-[#8:30])(=[#8:32])-[#8:33])-[#1],"EVODEX.2-P6260,EVODEX.2-P6524",87365141332579226785625661046795841090379576994016372726490570540109859420067
EVODEX.2-Dm914,[#8:31]-[#15:32](=[#8:33])(-[#8:34])-[#8]-[#15]=[#8].[#6:3]-[#6:4](=[#8:5])-[#8:6]-[#1].[#6:11]-[#6@:12](-[#7:13](-[#1])-[#1])(-[#6:14]=[#8:15])-[#1:76]>>[#6:3]-[#6:4](=[#8:5])-[#7:13](-[#6@:12](-[#6:11])(-[#6:14]=[#8:15])-[#1:76])-[#1].[#8:6](-[#15:32](-[#8:31])(=[#8:33])-[#8:34])-[#1],"EVODEX.2-P6305,EVODEX.2-P6913",3325221025360620930047909608726412833159553569255558388851119677745700095797
EVODEX.2-Dm918,[#8:52]-[#15:53](=[#8:54])(-[#8:55])-[#8]-[#15]=[#8].[#6]1:[#6]:[#6]:[#6](-[#6](=[#8])-[#8:19]-[#1]):[#6]:[#6]:1>>[#8:19](-[#15:53](-[#8:52])(=[#8:54])-[#8:55])-[#1],"EVODEX.2-P6326,EVODEX.2-P6336",42909856961291686192283440095470443960509072395228452266496276091596169018251
EVODEX.2-Dm919,[#7:24](-[#6@@:25])(-[#1])-[#1].[#8:54]-[#15:55](=[#8:56])(-[#8:57])-[#8]-[#15]=[#8].[#6:13]1:[#6:14]:[#6:15]:[#6:16](-[#6:17](=[#8:18])-[#8:19]-[#1]):[#6:20]:[#6:21]:1>>[#6:13]1:[#6:14]:[#6:15]:[#6:16](-[#6:17](=[#8:18])-[#7:24](-[#6@@:25])-[#1]):[#6:20]:[#6:21]:1.[#8:19](-[#15:55](-[#8:54])(=[#8:56])-[#8:57])-[#1],"EVODEX.2-P6328,EVODEX.2-P6337",69269771642604242155087144893293576265240481096320378786482144268991383339244
EVODEX.2-Dm920,[#8:54]-[#15:55](=[#8:56])(-[#8:57])-[#8:58]-[#15:59]=[#8:60].[#6:13]1:[#6:14]:[#6:15]:[#6:16](-[#6:17](=[#8:18])-[#8:19]-[#1]):[#6:20]:[#6:21]:1>>[#6:13]1:[#6:14]:[#6:15]:[#6:16](-[#6:17](=[#8:18])-[#7](-[#6@@])-[#1]):[#6:20]:[#6:21]:1.[#8:19](-[#15:55](-[#8:54])(=[#8:56])-[#8:57])-[#1].[#8:58](-[#15:59]=[#8:60])-[#1],"EVODEX.2-P6329,EVODEX.2-P6330",24212549214722967235236396636381722061492085299140776253441047362680444301989
EVODEX.2-Dm925,[#8:60]-[#15:61](=[#8:62])(-[#8:63]-[#1])-[#8:64].[#6:19]-[#6:20](=[#8:21])-[#7:22](-[#6@@:23])-[#1].[#8:69]=[#15:70]-[#8:71]-[#1]>>[#7:22](-[#6@@:23])(-[#1])-[#1].[#8:60]-[#15:61](=[#8:62])(-[#8:64])-[#8:71]-[#15:70]=[#8:69].[#6:19]-[#6:20](=[#8:21])-[#8:63]-[#1],"EVODEX.2-P6384,EVODEX.2-P6388",1273572291148351740388431685041799839650409366615149183600901028357588736294
EVODEX.2-Dm932,[#6:5](-[#6@:3])(=[#8:6])-[#8:7]-[#1].[#6:16](=[#8:17])-[#8:18]-[#1].[#8:37]-[#15:38](=[#8:39])(-[#8:40])-[#8]-[#15]=[#8]>>[#6:5](-[#6@:3])(=[#8:6])-[#8:18]-[#6:16]=[#8:17].[#8:7](-[#15:38](-[#8:37])(=[#8:39])-[#8:40])-[#1],"EVODEX.2-P6463,EVODEX.2-P6475",45215171130549615039534924471787710311080751525928945769769165613032155421849
EVODEX.2-Dm937,[#6:2]-[#6:3](=[#8:4])-[#8:5]-[#1].[#8:24]-[#15:25](=[#8:26])(-[#8:27])-[#8]-[#15]=[#8].[#6:43]-[#7:44](-[#6@@:40])-[#1]>>[#6:2]-[#6:3](=[#8:4])-[#7:44](-[#6@:40])-[#6:43].[#8:5](-[#15:25](-[#8:24])(=[#8:26])-[#8:27])-[#1],"EVODEX.2-P6605,EVODEX.2-P6763",78127628386755968981095080136275224720932543658080143578487439203606503893583
EVODEX.2-Dm938,[#6:2]-[#6:3](=[#8:4])-[#8:5]-[#1].[#8:24]-[#15:25](=[#8:26])(-[#8:27])-[#8:28]-[#15:29]=[#8:30]>>[#6:2]-[#6:3](=[#8:4])-[#7](-[#6@])-[#6].[#8:28](-[#15:29]=[#8:30])-[#1].[#8:5](-[#15:25](-[#8:24])(=[#8:26])-[#8:27])-[#1],"EVODEX.2-P6606,EVODEX.2-P6684",113319247861435358353900881363408037731691112290815345927523736569370537645376
EVODEX.2-Dm943,[#8:32]-[#15:33](=[#8:34])(-[#8:35])-[#8]-[#15]=[#8].[#8:45]=[#6:46]=[#8:47]>>[#7]1(-[#6@@]-[#6@@]-[#7](-[#6:46]-1=[#8:47])-[#1])-[#1].[#8:32]-[#15:33](=[#8:34])(-[#8:35])-[#8:45]-[#1],"EVODEX.2-P6931,EVODEX.2-P6933",93434036681199031621594838360521225443322833490342989729230751728780386311773
EVODEX.2-Dm944,[#8:27]-[#15:28](=[#8:29])(-[#8:30])-[#8]-[#15]=[#8].[#8:43]=[#6]=[#8]>>[#8:27]-[#15:28](=[#8:29])(-[#8:30])-[#8:43]-[#1],"EVODEX.2-P6934,EVODEX.2-P6937",93540993590602174723924509038246400318862799938279898107723108054445785110676
EVODEX.2-Dm1,[#6:2](=[#8:3])-[#6:4](=[#8:5])-[#1:53]>>[#6:2](=[#8:3])-[#6:4](-[#8:5]-[#1])(-[#1:53])-[#1],EVODEX.2-P1,71121224698324136144906885156850073985198618006792676283406150520791588740422
EVODEX.2-Dm7,[#6:4]-[#6:5](=[#8:6])-[#6:7](-[#6:8])=[#8:9]>>[#6:4]-[#6:5](-[#8:6]-[#1])(-[#6:7](-[#6:8])(-[#8:9]-[#1])-[#1])-[#1],EVODEX.2-P11,63616588915813865704614102656547571600153615247403516395865839776036081142452
EVODEX.2-Dm32,[#6:47]-[#6@@:48](-[#8:49]-[#6@@:50](-[#8:51])(-[#6@:52])-[#1])(-[#6@@:56])-[#1:91]>>([#8](-[#6@:48](-[#6:47])(-[#6@:56])-[#1:91])-[#1].[#6:50](-[#6@:52])(=[#8:49])-[#8:51]),EVODEX.2-P84,114986053574795277759119577095450182899553027937183746936170705077228975769572
EVODEX.2-Dm33,[#8:1]=[#8:2].[#8:6]-[#6:7](-[#8:8])(-[#6@:9](-[#8:10]-[#1])(-[#6@@:11])-[#1])-[#1:19]>>[#8:1](-[#8:2]-[#1])-[#1].[#8:6]-[#6@@:7](-[#8:8])(-[#6:9](=[#8:10])-[#6@@:11])-[#1:19],EVODEX.2-P104,97151793173272550728302588284775051250164618753422437064738619498374218292080
EVODEX.2-Dm181,[#8:45](-[#1])-[#1].[#6:50]-[#6@:51](-[#8:52]-[#6@:53](-[#6@:47])(-[#8:54])-[#1])(-[#6@:55])-[#1:92]>>([#8:45](-[#6@@:51](-[#6:50])(-[#6@@:55])-[#1:92])-[#1].[#6:53](-[#6@:47])(=[#8:52])-[#8:54]),EVODEX.2-P862,29561806612227799651797707878696409398118009074014091048375399640948180727282
EVODEX.2-Dm182,[#6:1]-[#7&+:2]1:[#6:3](:[#6:4](:[#6:5](-[#6:6]2:[#6:7]:[#6:8]:[#7&+:9]:[#6:11]:[#6:12]:2):[#6:13](:[#6:14]:1-[#1:36])-[#1:35])-[#1:27])-[#1:26].[#8:16]=[#6:17](-[#6:18])-[#1]>>[#6:1]-[#7:2]1-[#6:3](=[#6:4](-[#6:5](-[#6:6]2:[#6:7]:[#6:8]:[#7&+:9]:[#6:11]:[#6:12]:2)(-[#6:13](=[#6:14]-1-[#1:36])-[#1:35])-[#1])-[#1:27])-[#1:26].[#8](-[#6:17](=[#8:16])-[#6:18])-[#1],EVODEX.2-P878,65493793174162290688630260179766564323572849992031795684071899221177481979927
EVODEX.2-Dm187,[#6:1]-[#6:2](=[#6:3](-[#6:4]=[#8:5])-[#1:64])-[#6:10].[#6:14](=[#8:15])-[#6:16]1=[#6:17](-[#7:18](-[#6@@:19])-[#6:58](=[#6:59](-[#6:60]-1(-[#1:103])-[#1])-[#1:102])-[#1:101])-[#1:77]>>[#6:1]-[#6:2](-[#6:3](-[#6:4]=[#8:5])(-[#1:64])-[#1])(-[#6:10])-[#1].[#6:14](=[#8:15])-[#6:16]1:[#6:17](:[#7&+:18](-[#6@@:19]):[#6:58](:[#6:59](:[#6:60]:1-[#1:103])-[#1:102])-[#1:101])-[#1:77],EVODEX.2-P902,14448698702685318553864045777908006043288745261301873715190843654390236924215
EVODEX.2-Dm262,[#6:2](=[#8:3])-[#6:4]1=[#6:5](-[#7:6](-[#6@@:7])-[#6:46](=[#6:47](-[#6:48]-1(-[#1:111])-[#1])-[#1:110])-[#1:109])-[#1:85].[#6:50]1:[#7:51]:[#6:52]:[#6:53](:[#6:54](=[#8:55]):[#7:56]:1)-[#7:57]=[#6:58](-[#6:59])-[#6:81]>>[#6:2](=[#8:3])-[#6:4]1:[#6:5](:[#7&+:6](-[#6@@:7]):[#6:46](:[#6:47](:[#6:48]:1-[#1:111])-[#1:110])-[#1:109])-[#1:85].[#6:50]1:[#7:51]:[#6:52]:[#6:53](:[#6:54](=[#8:55]):[#7:56]:1)-[#7:57](-[#6:58](-[#6:59])(-[#6:81])-[#1])-[#1],EVODEX.2-P1253,11709002676916648371838592819275059606340626662243319042927251374737598028256
EVODEX.2-Dm274,[#8:7]-[#6:8](=[#8:9])-[#6:10](=[#8:11])-[#6:12].[#6:16](=[#8:17])-[#6:18]1=[#6:19](-[#7:20](-[#6@@:21])-[#6:60](=[#6:61](-[#6:62]-1(-[#1:109])-[#1])-[#1:108])-[#1:107])-[#1:83]>>[#8:7]-[#6:8](-[#8:9]-[#1])=[#6:10](-[#8:11]-[#1])-[#6:12].[#6:16](=[#8:17])-[#6:18]1:[#6:19](:[#7&+:20](-[#6@@:21]):[#6:60](:[#6:61](:[#6:62]:1-[#1:109])-[#1:108])-[#1:107])-[#1:83],EVODEX.2-P1306,2484720355767975616229827502819182728133486741937077000629497051942021984732
EVODEX.2-Dm299,[#6:2]=[#6:4](-[#6:5])-[#1].[#6:21](-[#16&+](-[#6])-[#6])(-[#1:70])(-[#1:71])-[#1:72]>>[#6:2]=[#6:4](-[#6:5])-[#6:21](-[#1:70])(-[#1:71])-[#1:72],EVODEX.2-P1376,28451420567712137726034148353102659215313356190369362753778684965996614111982
EVODEX.2-Dm417,[#15:15](=[#8:16])-[#8:18]-[#6@@:19](-[#8:20])(-[#6@:28])-[#1:63].[#8:44]-[#6:45](-[#8:46]-[#1])(-[#6@:47])-[#1:83]>>[#8:46](-[#6@@:19](-[#8:20])(-[#6@:28])-[#1:63])-[#6@@:45](-[#8:44])(-[#6@:47])-[#1:83].[#15:15](=[#8:16])-[#8:18]-[#1],EVODEX.2-P2003,69448142730631770940706058993839663130798779991826439076219847855335698949043
EVODEX.2-Dm418,[#8:4]-[#6:5](-[#8:6]-[#1])(-[#6@:7])-[#1:83]>>[#8:4]-[#6@:5](-[#8:6]-[#6@@](-[#8])(-[#6@])-[#1])(-[#6@:7])-[#1:83],EVODEX.2-P2008,102003367244833110244082208687704855891306614436056737524284203844560055017683
EVODEX.2-Dm479,[#6:2]-[#16:4]-[#6:5].[#6:25](-[#6@:24])(-[#8]-[#15](=[#8])(-[#8])-[#8:30]-[#15:31]=[#8:32])(-[#1:65])-[#1:66]>>[#6:2]-[#16&+:4](-[#6:5])-[#6:25](-[#6@:24])(-[#1:65])-[#1:66].[#8:30](-[#15:31]=[#8:32])-[#1],EVODEX.2-P2351,105313733699076498490540475622880454644882605409267295493651071898386722081508
EVODEX.2-Dm521,[#8:31]-[#6@:32](-[#8:33]-[#15](=[#8])(-[#8])-[#8])(-[#6@:38])-[#1:61]>>[#8:31]-[#6:32](-[#8:33]-[#1])(-[#6@:38])-[#1:61],EVODEX.2-P2841,68538147130205222109510728014696361487117633447363416951624997225131710287477
EVODEX.2-Dm531,[#6:2](=[#8:3])-[#8:4]-[#15:5](=[#8:6])(-[#8:7])-[#8:8].[#8:9](-[#6:10])-[#1]>>[#6:2](=[#8:3])-[#8:4]-[#1].[#15:5](=[#8:6])(-[#8:7])(-[#8:8])-[#8:9]-[#6:10],EVODEX.2-P2955,66366829408755151008518258617062495197385558643681527107609857749651808698266
EVODEX.2-Dm551,[#15:14](=[#8:15])-[#8:16]-[#1].[#8:32]-[#6@:33](-[#8:34]-[#15:35](=[#8:36])(-[#8:37])-[#8:38])(-[#6@:43])-[#1:66]>>[#15:14](=[#8:15])-[#8:16]-[#15:35](=[#8:36])(-[#8:37])-[#8:38].[#8:32]-[#6:33](-[#8:34]-[#1])(-[#6@:43])-[#1:66],EVODEX.2-P3130,2857167171042536679754419608580979568680493788968473314087401796666726957269
EVODEX.2-Dm553,[#8:21]-[#15:22](=[#8:23])(-[#8:24])-[#8:25]-[#15:26](=[#8:27])-[#8:29]-[#15](=[#8])(-[#8])-[#8]>>[#8:21]-[#15:22](=[#8:23])(-[#8:24])-[#8]-[#1].[#8:25](-[#15:26](=[#8:27])-[#8:29]-[#1])-[#1],EVODEX.2-P3267,76991098916654071385419192465642923334397750099380811920871714085837264041360
EVODEX.2-Dm602,[#6:1]-[#6:2]1=[#6:3](-[#6:4]-[#6:5](=[#8:6])-[#8:7]-1)-[#1:12].[#8:8](-[#1])-[#1]>>[#6:1]-[#6:2](-[#6:3](-[#6:4]-[#6:5](=[#8:6])-[#8:8]-[#1])(-[#1:12])-[#1])=[#8:7],EVODEX.2-P3482,15755874910261623516705249372877755967478759701919068587539978024189796670914
EVODEX.2-Dm603,[#6:1]-[#6:2]1=[#6:3](-[#6:4]-[#6:5](=[#8:6])-[#8:7]-1)-[#1:12]>>[#6:1]-[#6:2](-[#6:3](-[#6:4]-[#6:5](=[#8:6])-[#8]-[#1])(-[#1:12])-[#1])=[#8:7],EVODEX.2-P3483,14827564524780155425112926486834166525985249525630402764914467714686011706183
EVODEX.2-Dm613,[#6](=[#8])-[#8]-[#6:5](-[#8:6])(-[#6@:18])-[#1:27].[#8:23](-[#1])-[#1]>>[#6:5](-[#8:23]-[#1])(-[#8:6])(-[#6@:18])-[#1:27],EVODEX.2-P3538,3291077013362247645721187857578201729941970775170810466902868858036062202425
EVODEX.2-Dm633,[#8:11]-[#15:12](=[#8:13])(-[#8:14])-[#8:15]-[#6:16]1:[#6:17]:[#6:18]:[#6:19](-[#7&+:20]=[#8:21]):[#6:23]:[#6:24]:1.[#8:35](-[#1])-[#1]>>[#8:11]-[#15:12](=[#8:13])(-[#8:14])-[#8:35]-[#1].[#8:15](-[#6:16]1:[#6:17]:[#6:18]:[#6:19](-[#7&+:20]=[#8:21]):[#6:23]:[#6:24]:1)-[#1],EVODEX.2-P3629,82716865838676305901135763874466282107040126338857485476201391005823022260009
EVODEX.2-Dm643,[#6:9](=[#8:10])-[#8:11]-[#15:12](=[#8:13])(-[#8:14])-[#8:15].[#8:16](-[#1])-[#1]>>[#6:9](=[#8:10])-[#8:11]-[#1].[#15:12](=[#8:13])(-[#8:14])(-[#8:15])-[#8:16]-[#1],EVODEX.2-P3656,19814214187425651752243567821677149719634588050083493214977550072823822812312
EVODEX.2-Dm645,[#8:9]-[#6@@:10](-[#8]-[#15]=[#8])(-[#6@:16])-[#1:27]>>[#8](-[#6:10](-[#8:9])(-[#6@:16])-[#1:27])-[#1],EVODEX.2-P3661,99118547182727411223387682313070857700716299588131838926401014231998216670802
EVODEX.2-Dm659,[#8:3]-[#15@@:4](=[#8:5])(-[#8:6]-[#6]1:[#6]:[#6]:[#6](-[#7&+]=[#8]):[#6]:[#6]:1)-[#8:16]>>[#8:3]-[#15:4](=[#8:5])(-[#8:6]-[#1])-[#8:16],EVODEX.2-P3770,14706104793366274239072463410390886715475861384647419425413275887383903059420
EVODEX.2-Dm668,[#8](-[#6@@:4](-[#6@:3])(-[#8:17])-[#1:47])-[#6@]>>[#8](-[#6@:4](-[#6@:3])(-[#8:17])-[#1:47])-[#1],EVODEX.2-P3799,1852050143090049437493538080998571114416552148706515376452965555344731539906
EVODEX.2-Dm680,[#6:32]-[#6@:31](-[#6@@:9])(-[#8:33]-[#6:34](-[#8:35])(-[#6@:43])-[#1:108])-[#1:104]>>[#6:32]-[#6@:31](-[#6@@:9])(-[#8]-[#1])-[#1:104].[#8:33](-[#6@:34](-[#8:35])(-[#6@:43])-[#1:108])-[#1],EVODEX.2-P3861,108647348321692842712832758875316716951234670358923571738955437497682564493049
EVODEX.2-Dm685,[#6:61](-[#6@:2])(-[#8:62]-[#6@:63](-[#8:64])(-[#6@:72])-[#1:148])(-[#1:146])-[#1:147]>>[#6:61](-[#6@:2])(-[#8]-[#1])(-[#1:146])-[#1:147].[#8:62](-[#6:63](-[#8:64])(-[#6@:72])-[#1:148])-[#1],EVODEX.2-P3891,50886995054236310017614881961888128180108822967170750922865084244669767368806
EVODEX.2-Dm703,[#6:2]1:[#6:3]:[#6:4](=[#8:5]):[#8:6]:[#6:7]2:[#6:8]:[#6:9](-[#8:10]-[#6:11]=[#8:12]):[#6:19]:[#6:20]:[#6:21]:1:2.[#8:22](-[#1])-[#1]>>[#6:2]1:[#6:3]:[#6:4](=[#8:5]):[#8:6]:[#6:7]2:[#6:8]:[#6:9](-[#8:22]-[#1]):[#6:19]:[#6:20]:[#6:21]:1:2.[#8:10](-[#6:11]=[#8:12])-[#1],EVODEX.2-P4086,110417664643466954031863211495296973959710996178180832753442407443624249985221
EVODEX.2-Dm743,[#6:25](-[#6@:24])(=[#8:26])-[#7](-[#6]1:[#6]:[#6]:[#6]:[#6]:[#6]:1)-[#1].[#8:43](-[#1])-[#1]>>[#6:25](-[#6@:24])(=[#8:26])-[#8:43]-[#1],EVODEX.2-P4565,71354601340867575881655784639563929915236068044515333719616282164656738168193
EVODEX.2-Dm792,[#8:19]-[#15:20](=[#8:21])(-[#8:22])-[#8]-[#15]=[#8].[#6:37](-[#6@:36])(=[#8:38])-[#8:39]-[#1].[#8:32](-[#1])-[#1]>>[#8:19]-[#15:20](=[#8:21])(-[#8:22])-[#8:39]-[#1].[#8:32](-[#6:37](-[#6@:36])=[#8:38])-[#1],EVODEX.2-P5577,92453660196949116858337891654813842732966920474824300107154580900254928454813
EVODEX.2-Dm815,[#8:15]-[#15:16](=[#8:17])(-[#8:18])-[#8:19]-[#15:20](=[#8:21])(-[#8:22])-[#8:23]-[#15:24]=[#8:25].[#8:32](-[#1])-[#1].[#8:33](-[#1])-[#1]>>[#8:15]-[#15:16](=[#8:17])(-[#8:18])-[#8:32]-[#1].[#8:19](-[#15:20](=[#8:21])(-[#8:22])-[#8:33]-[#1])-[#1].[#8:23](-[#15:24]=[#8:25])-[#1],EVODEX.2-P5702,49090635384222450136333470932598373475570861707074251905876847045745182772161
EVODEX.2-Dm899,[#8:31]-[#15:32](=[#8:33])(-[#8:34])-[#8]-[#15]=[#8].[#7:1](-[#8:2])(-[#1])-[#1].[#6:6]-[#6:7](=[#8:8])-[#8:9]-[#1]>>[#7:1](-[#8:2])(-[#6:7](-[#6:6])=[#8:8])-[#1].[#8:9](-[#15:32](-[#8:31])(=[#8:33])-[#8:34])-[#1],EVODEX.2-P6232,97901499305847185712142061184004274586215825892648012578539973385394550178913
EVODEX.2-Dm912,[#6:2]-[#6:5](=[#8:6])-[#8]-[#1].[#8]-[#15](=[#8])(-[#8])-[#8:55]-[#15:56](=[#8:57])(-[#8:58])-[#8:59]-[#15:60]=[#8:61]>>[#6:2]-[#6:5](=[#8:6])-[#7](-[#6@@])-[#1].[#8](-[#15:56](-[#8:55]-[#1])(=[#8:57])-[#8:58])-[#1].[#8:59](-[#15:60]=[#8:61])-[#1],EVODEX.2-P6290,25037072346366810314076005673048313948531910411649856047391965327799733931985
EVODEX.2-Dm928,[#6:13]-[#6:14](=[#8:15])-[#7](-[#6@@])-[#1].[#8:61]-[#15:62](=[#8:63])(-[#8:64]-[#1])-[#8:65].[#8:70]=[#15:71]-[#8:72]-[#1]>>[#6:13]-[#6:14](=[#8:15])-[#8:64]-[#1].[#8:61]-[#15:62](=[#8:63])(-[#8:65])-[#8:72]-[#15:71]=[#8:70],EVODEX.2-P6418,63608401924215299480645412979731668738810124224247909723387404775053603836277
EVODEX.2-Dm933,[#6:7]-[#6:9](=[#8:10])-[#8:11]-[#1].[#8:37]-[#15:38](=[#8:39])(-[#8:40])-[#8]-[#15]=[#8]>>[#6:7]-[#6:9](=[#8:10])-[#8]-[#6]=[#8].[#8:11](-[#15:38](-[#8:37])(=[#8:39])-[#8:40])-[#1],EVODEX.2-P6481,42782366109599687497191894092326299700616744161395645281303705300586980383914
EVODEX.2-Dm934,[#8:36]-[#15:37](=[#8:38])(-[#8:39])-[#8:40]-[#15:41]=[#8:42].[#6:12](=[#8:13])-[#8:14]-[#1]>>[#6]-[#6](=[#8])-[#8:14]-[#6:12]=[#8:13].[#8:40](-[#15:41]=[#8:42])-[#1].[#8](-[#15:37](-[#8:36])(=[#8:38])-[#8:39])-[#1],EVODEX.2-P6495,103652098547657772606268154416581401554988003623694088727452220327760546600479
EVODEX.2-Dm940,[#7:11](-[#6@@:12])(-[#1])-[#1].[#6:8](-[#6@:6])(=[#8:9])-[#8:10]-[#1].[#8:40]-[#15:41](=[#8:42])(-[#8:43])-[#8:44]-[#15:45]=[#8:46]>>[#6:8](-[#6@:6])(=[#8:9])-[#7:11](-[#6@@:12])-[#1].[#8:10](-[#15:41](-[#8:40])(=[#8:42])-[#8:43])-[#1].[#8:44](-[#15:45]=[#8:46])-[#1],EVODEX.2-P6634,62788819605272111284728472062974168756324350888587755843688628746090698682353
EVODEX.2-Dm945,[#6:1]-[#6:2](-[#7:3](-[#1])-[#1])(-[#6:4](-[#7:5](-[#1])-[#1])(-[#6:6])-[#1:52])-[#1:49].[#8:14]=[#6:15]=[#8:16].[#8:30]-[#15:31](=[#8:32])(-[#8:33])-[#8:34]-[#15:35]=[#8:36]>>[#6:1]-[#6@@:2]1(-[#7:3](-[#6:15](=[#8:16])-[#7:5](-[#6@@:4]-1(-[#6:6])-[#1:52])-[#1])-[#1])-[#1:49].[#8:14](-[#15:31](-[#8:30])(=[#8:32])-[#8:33])-[#1].[#8:34](-[#15:35]=[#8:36])-[#1],EVODEX.2-P6938,61652108293933014759574124432431450200858479484127562220364325005157989971355
