id,smarts,sources,hash
EVODEX.2-Bm15,[#6:1]-[#8:40]>>[#6:1]-[#8].[#15]-[#8:40],"EVODEX.2-P1031,EVODEX.2-P1032,EVODEX.2-P1038,EVODEX.2-P1041,EVODEX.2-P1051,EVODEX.2-P1065,EVODEX.2-P1072,EVODEX.2-P1076,EVODEX.2-P1087,EVODEX.2-P112,EVODEX.2-P1128,EVODEX.2-P1149,EVODEX.2-P1176,EVODEX.2-P1177,EVODEX.2-P1194,EVODEX.2-P1196,EVODEX.2-P122,EVODEX.2-P1242,EVODEX.2-P1255,EVODEX.2-P1280,EVODEX.2-P1292,EVODEX.2-P1344,EVODEX.2-P1375,EVODEX.2-P1378,EVODEX.2-P1425,EVODEX.2-P1449,EVODEX.2-P1467,EVODEX.2-P1500,EVODEX.2-P1514,EVODEX.2-P1519,EVODEX.2-P1587,EVODEX.2-P16,EVODEX.2-P1609,EVODEX.2-P1615,EVODEX.2-P1620,EVODEX.2-P164,EVODEX.2-P1654,EVODEX.2-P1655,EVODEX.2-P1677,EVODEX.2-P1707,EVODEX.2-P1709,EVODEX.2-P1727,EVODEX.2-P1746,EVODEX.2-P1753,EVODEX.2-P1779,EVODEX.2-P1784,EVODEX.2-P1812,EVODEX.2-P1840,EVODEX.2-P1843,EVODEX.2-P1846,EVODEX.2-P1854,EVODEX.2-P1859,EVODEX.2-P1886,EVODEX.2-P1907,EVODEX.2-P1916,EVODEX.2-P1940,EVODEX.2-P1960,EVODEX.2-P1967,EVODEX.2-P1970,EVODEX.2-P1985,EVODEX.2-P2046,EVODEX.2-P213,EVODEX.2-P2134,EVODEX.2-P2154,EVODEX.2-P2156,EVODEX.2-P2165,EVODEX.2-P2174,EVODEX.2-P2182,EVODEX.2-P2195,EVODEX.2-P2212,EVODEX.2-P2239,EVODEX.2-P2241,EVODEX.2-P2309,EVODEX.2-P231,EVODEX.2-P2316,EVODEX.2-P2322,EVODEX.2-P2334,EVODEX.2-P2346,EVODEX.2-P2384,EVODEX.2-P2403,EVODEX.2-P2412,EVODEX.2-P2416,EVODEX.2-P2419,EVODEX.2-P2421,EVODEX.2-P2423,EVODEX.2-P2425,EVODEX.2-P2437,EVODEX.2-P2438,EVODEX.2-P2449,EVODEX.2-P2458,EVODEX.2-P2467,EVODEX.2-P2484,EVODEX.2-P2485,EVODEX.2-P2487,EVODEX.2-P2506,EVODEX.2-P2508,EVODEX.2-P252,EVODEX.2-P2523,EVODEX.2-P2544,EVODEX.2-P2579,EVODEX.2-P2589,EVODEX.2-P2599,EVODEX.2-P2615,EVODEX.2-P2634,EVODEX.2-P2649,EVODEX.2-P2655,EVODEX.2-P2659,EVODEX.2-P2663,EVODEX.2-P2682,EVODEX.2-P2695,EVODEX.2-P2730,EVODEX.2-P2736,EVODEX.2-P2737,EVODEX.2-P2762,EVODEX.2-P2769,EVODEX.2-P2802,EVODEX.2-P2813,EVODEX.2-P2830,EVODEX.2-P2852,EVODEX.2-P2904,EVODEX.2-P2924,EVODEX.2-P2931,EVODEX.2-P2961,EVODEX.2-P2986,EVODEX.2-P2993,EVODEX.2-P2996,EVODEX.2-P3004,EVODEX.2-P3009,EVODEX.2-P3014,EVODEX.2-P3026,EVODEX.2-P3049,EVODEX.2-P3071,EVODEX.2-P3075,EVODEX.2-P309,EVODEX.2-P3109,EVODEX.2-P3119,EVODEX.2-P3138,EVODEX.2-P3150,EVODEX.2-P3152,EVODEX.2-P3163,EVODEX.2-P3190,EVODEX.2-P3191,EVODEX.2-P3209,EVODEX.2-P3241,EVODEX.2-P3275,EVODEX.2-P3282,EVODEX.2-P3358,EVODEX.2-P3371,EVODEX.2-P3381,EVODEX.2-P3448,EVODEX.2-P3516,EVODEX.2-P3522,EVODEX.2-P3537,EVODEX.2-P3543,EVODEX.2-P3549,EVODEX.2-P3559,EVODEX.2-P3628,EVODEX.2-P3629,EVODEX.2-P3660,EVODEX.2-P3669,EVODEX.2-P3684,EVODEX.2-P3706,EVODEX.2-P3719,EVODEX.2-P3752,EVODEX.2-P3763,EVODEX.2-P3806,EVODEX.2-P382,EVODEX.2-P3882,EVODEX.2-P3893,EVODEX.2-P3918,EVODEX.2-P3925,EVODEX.2-P3928,EVODEX.2-P3935,EVODEX.2-P3947,EVODEX.2-P3948,EVODEX.2-P3968,EVODEX.2-P3980,EVODEX.2-P3989,EVODEX.2-P3996,EVODEX.2-P400,EVODEX.2-P4004,EVODEX.2-P4041,EVODEX.2-P4071,EVODEX.2-P4098,EVODEX.2-P4112,EVODEX.2-P4121,EVODEX.2-P4124,EVODEX.2-P4135,EVODEX.2-P4148,EVODEX.2-P4201,EVODEX.2-P4206,EVODEX.2-P4213,EVODEX.2-P422,EVODEX.2-P4240,EVODEX.2-P4274,EVODEX.2-P4277,EVODEX.2-P468,EVODEX.2-P500,EVODEX.2-P508,EVODEX.2-P514,EVODEX.2-P578,EVODEX.2-P602,EVODEX.2-P615,EVODEX.2-P655,EVODEX.2-P661,EVODEX.2-P708,EVODEX.2-P728,EVODEX.2-P784,EVODEX.2-P807,EVODEX.2-P823,EVODEX.2-P831,EVODEX.2-P837,EVODEX.2-P859,EVODEX.2-P86,EVODEX.2-P862,EVODEX.2-P900,EVODEX.2-P905,EVODEX.2-P942,EVODEX.2-P955,EVODEX.2-P983",22041699680591813173785230769006131208829504894694558525144752177991522259136
EVODEX.2-Bm33,[#8]-[#6:1].[#8:2]-[#15]>>[#8:2]-[#6:1],"EVODEX.2-P1012,EVODEX.2-P1013,EVODEX.2-P1045,EVODEX.2-P1074,EVODEX.2-P1077,EVODEX.2-P1084,EVODEX.2-P1086,EVODEX.2-P1099,EVODEX.2-P1118,EVODEX.2-P1127,EVODEX.2-P1148,EVODEX.2-P1158,EVODEX.2-P116,EVODEX.2-P1184,EVODEX.2-P1193,EVODEX.2-P1195,EVODEX.2-P1209,EVODEX.2-P1220,EVODEX.2-P1232,EVODEX.2-P1320,EVODEX.2-P1357,EVODEX.2-P1371,EVODEX.2-P1392,EVODEX.2-P1402,EVODEX.2-P1406,EVODEX.2-P1417,EVODEX.2-P1456,EVODEX.2-P1485,EVODEX.2-P1518,EVODEX.2-P1538,EVODEX.2-P1551,EVODEX.2-P1593,EVODEX.2-P1619,EVODEX.2-P1661,EVODEX.2-P1669,EVODEX.2-P1683,EVODEX.2-P1687,EVODEX.2-P1698,EVODEX.2-P1716,EVODEX.2-P1719,EVODEX.2-P1751,EVODEX.2-P1771,EVODEX.2-P1772,EVODEX.2-P1796,EVODEX.2-P1848,EVODEX.2-P1864,EVODEX.2-P1929,EVODEX.2-P1956,EVODEX.2-P1962,EVODEX.2-P1966,EVODEX.2-P197,EVODEX.2-P1984,EVODEX.2-P1997,EVODEX.2-P2015,EVODEX.2-P2023,EVODEX.2-P2047,EVODEX.2-P2070,EVODEX.2-P2079,EVODEX.2-P2084,EVODEX.2-P2089,EVODEX.2-P2090,EVODEX.2-P2096,EVODEX.2-P212,EVODEX.2-P2120,EVODEX.2-P2126,EVODEX.2-P2137,EVODEX.2-P2164,EVODEX.2-P2200,EVODEX.2-P2222,EVODEX.2-P2271,EVODEX.2-P2279,EVODEX.2-P2303,EVODEX.2-P2304,EVODEX.2-P2308,EVODEX.2-P2339,EVODEX.2-P2349,EVODEX.2-P2386,EVODEX.2-P2402,EVODEX.2-P2411,EVODEX.2-P2424,EVODEX.2-P2435,EVODEX.2-P2440,EVODEX.2-P2468,EVODEX.2-P247,EVODEX.2-P251,EVODEX.2-P2526,EVODEX.2-P2540,EVODEX.2-P2550,EVODEX.2-P2559,EVODEX.2-P2574,EVODEX.2-P2601,EVODEX.2-P2621,EVODEX.2-P2647,EVODEX.2-P2669,EVODEX.2-P2689,EVODEX.2-P2694,EVODEX.2-P2717,EVODEX.2-P2740,EVODEX.2-P275,EVODEX.2-P2753,EVODEX.2-P2807,EVODEX.2-P2818,EVODEX.2-P2834,EVODEX.2-P2837,EVODEX.2-P2886,EVODEX.2-P2909,EVODEX.2-P3001,EVODEX.2-P3013,EVODEX.2-P3015,EVODEX.2-P3048,EVODEX.2-P3062,EVODEX.2-P3070,EVODEX.2-P3099,EVODEX.2-P3118,EVODEX.2-P3137,EVODEX.2-P314,EVODEX.2-P3140,EVODEX.2-P3161,EVODEX.2-P3189,EVODEX.2-P3240,EVODEX.2-P3243,EVODEX.2-P3247,EVODEX.2-P3253,EVODEX.2-P3281,EVODEX.2-P3285,EVODEX.2-P3304,EVODEX.2-P3305,EVODEX.2-P335,EVODEX.2-P3367,EVODEX.2-P337,EVODEX.2-P3370,EVODEX.2-P3385,EVODEX.2-P34,EVODEX.2-P3404,EVODEX.2-P3418,EVODEX.2-P342,EVODEX.2-P3420,EVODEX.2-P3447,EVODEX.2-P3451,EVODEX.2-P3464,EVODEX.2-P3469,EVODEX.2-P3478,EVODEX.2-P3484,EVODEX.2-P3491,EVODEX.2-P3497,EVODEX.2-P3507,EVODEX.2-P3531,EVODEX.2-P3586,EVODEX.2-P3594,EVODEX.2-P362,EVODEX.2-P3633,EVODEX.2-P3639,EVODEX.2-P3646,EVODEX.2-P3668,EVODEX.2-P3673,EVODEX.2-P3705,EVODEX.2-P372,EVODEX.2-P3734,EVODEX.2-P3749,EVODEX.2-P375,EVODEX.2-P3762,EVODEX.2-P3795,EVODEX.2-P381,EVODEX.2-P3836,EVODEX.2-P3837,EVODEX.2-P3859,EVODEX.2-P3869,EVODEX.2-P3870,EVODEX.2-P3927,EVODEX.2-P3938,EVODEX.2-P396,EVODEX.2-P3970,EVODEX.2-P3979,EVODEX.2-P4005,EVODEX.2-P4011,EVODEX.2-P4013,EVODEX.2-P4014,EVODEX.2-P4038,EVODEX.2-P4040,EVODEX.2-P4095,EVODEX.2-P4134,EVODEX.2-P4147,EVODEX.2-P4207,EVODEX.2-P4227,EVODEX.2-P4238,EVODEX.2-P4248,EVODEX.2-P4251,EVODEX.2-P4257,EVODEX.2-P4262,EVODEX.2-P428,EVODEX.2-P4300,EVODEX.2-P480,EVODEX.2-P513,EVODEX.2-P555,EVODEX.2-P589,EVODEX.2-P59,EVODEX.2-P627,EVODEX.2-P630,EVODEX.2-P641,EVODEX.2-P642,EVODEX.2-P651,EVODEX.2-P686,EVODEX.2-P705,EVODEX.2-P717,EVODEX.2-P727,EVODEX.2-P744,EVODEX.2-P756,EVODEX.2-P794,EVODEX.2-P82,EVODEX.2-P836,EVODEX.2-P84,EVODEX.2-P858,EVODEX.2-P894,EVODEX.2-P904,EVODEX.2-P908,EVODEX.2-P931,EVODEX.2-P941,EVODEX.2-P944,EVODEX.2-P973,EVODEX.2-P987",26877812597531739134426208308620478184781126439232421744467720794391563176061
EVODEX.2-Bm19,[#6:1]-[#8:41].[#15:42]-[#8:2]>>[#6:1]-[#8:2].[#15:42]-[#8:41],"EVODEX.2-P1011,EVODEX.2-P1047,EVODEX.2-P1049,EVODEX.2-P1075,EVODEX.2-P1081,EVODEX.2-P1154,EVODEX.2-P120,EVODEX.2-P1215,EVODEX.2-P1219,EVODEX.2-P1325,EVODEX.2-P1362,EVODEX.2-P1429,EVODEX.2-P1447,EVODEX.2-P1474,EVODEX.2-P1510,EVODEX.2-P1524,EVODEX.2-P1676,EVODEX.2-P1682,EVODEX.2-P1697,EVODEX.2-P1777,EVODEX.2-P184,EVODEX.2-P1857,EVODEX.2-P1870,EVODEX.2-P1877,EVODEX.2-P1914,EVODEX.2-P1941,EVODEX.2-P1951,EVODEX.2-P1965,EVODEX.2-P1983,EVODEX.2-P20,EVODEX.2-P2002,EVODEX.2-P2041,EVODEX.2-P2065,EVODEX.2-P2088,EVODEX.2-P2099,EVODEX.2-P2112,EVODEX.2-P2114,EVODEX.2-P2151,EVODEX.2-P2181,EVODEX.2-P2216,EVODEX.2-P2238,EVODEX.2-P2278,EVODEX.2-P2307,EVODEX.2-P2321,EVODEX.2-P2330,EVODEX.2-P2331,EVODEX.2-P2380,EVODEX.2-P2432,EVODEX.2-P2480,EVODEX.2-P2516,EVODEX.2-P2517,EVODEX.2-P2525,EVODEX.2-P2536,EVODEX.2-P2557,EVODEX.2-P2570,EVODEX.2-P2584,EVODEX.2-P2672,EVODEX.2-P270,EVODEX.2-P2709,EVODEX.2-P2773,EVODEX.2-P2811,EVODEX.2-P2833,EVODEX.2-P2839,EVODEX.2-P287,EVODEX.2-P2899,EVODEX.2-P2903,EVODEX.2-P2930,EVODEX.2-P2935,EVODEX.2-P3011,EVODEX.2-P3047,EVODEX.2-P3066,EVODEX.2-P3082,EVODEX.2-P3083,EVODEX.2-P3108,EVODEX.2-P312,EVODEX.2-P3130,EVODEX.2-P3142,EVODEX.2-P3158,EVODEX.2-P3162,EVODEX.2-P3171,EVODEX.2-P3187,EVODEX.2-P3211,EVODEX.2-P3313,EVODEX.2-P3496,EVODEX.2-P3506,EVODEX.2-P3529,EVODEX.2-P3558,EVODEX.2-P3588,EVODEX.2-P3627,EVODEX.2-P3635,EVODEX.2-P3678,EVODEX.2-P3767,EVODEX.2-P378,EVODEX.2-P3797,EVODEX.2-P3852,EVODEX.2-P3865,EVODEX.2-P3881,EVODEX.2-P3900,EVODEX.2-P3926,EVODEX.2-P397,EVODEX.2-P3987,EVODEX.2-P4010,EVODEX.2-P4017,EVODEX.2-P4049,EVODEX.2-P4062,EVODEX.2-P4074,EVODEX.2-P4083,EVODEX.2-P4084,EVODEX.2-P4085,EVODEX.2-P4089,EVODEX.2-P4136,EVODEX.2-P421,EVODEX.2-P4217,EVODEX.2-P4242,EVODEX.2-P4247,EVODEX.2-P4273,EVODEX.2-P4276,EVODEX.2-P4298,EVODEX.2-P430,EVODEX.2-P4304,EVODEX.2-P442,EVODEX.2-P531,EVODEX.2-P554,EVODEX.2-P653,EVODEX.2-P685,EVODEX.2-P701,EVODEX.2-P733,EVODEX.2-P797,EVODEX.2-P81,EVODEX.2-P822,EVODEX.2-P852,EVODEX.2-P888,EVODEX.2-P903,EVODEX.2-P920,EVODEX.2-P947,EVODEX.2-P949",43139237678629517084733745371961742748505262437874837632730567123799539699543
EVODEX.2-Bm24,[#6:1]-[#8].[#8:2]-[#1]>>[#6:1]-[#8:2],"EVODEX.2-P104,EVODEX.2-P1048,EVODEX.2-P1060,EVODEX.2-P1100,EVODEX.2-P1110,EVODEX.2-P1120,EVODEX.2-P1164,EVODEX.2-P1167,EVODEX.2-P124,EVODEX.2-P1317,EVODEX.2-P1351,EVODEX.2-P1360,EVODEX.2-P1382,EVODEX.2-P1396,EVODEX.2-P1401,EVODEX.2-P153,EVODEX.2-P1557,EVODEX.2-P1660,EVODEX.2-P1672,EVODEX.2-P1700,EVODEX.2-P1717,EVODEX.2-P1783,EVODEX.2-P1790,EVODEX.2-P1803,EVODEX.2-P1826,EVODEX.2-P1855,EVODEX.2-P1882,EVODEX.2-P191,EVODEX.2-P192,EVODEX.2-P1957,EVODEX.2-P1993,EVODEX.2-P2003,EVODEX.2-P2040,EVODEX.2-P2071,EVODEX.2-P2083,EVODEX.2-P2110,EVODEX.2-P2132,EVODEX.2-P2172,EVODEX.2-P2190,EVODEX.2-P224,EVODEX.2-P2250,EVODEX.2-P2255,EVODEX.2-P2260,EVODEX.2-P2327,EVODEX.2-P2390,EVODEX.2-P2392,EVODEX.2-P2431,EVODEX.2-P2443,EVODEX.2-P25,EVODEX.2-P2513,EVODEX.2-P2519,EVODEX.2-P253,EVODEX.2-P2545,EVODEX.2-P2602,EVODEX.2-P2653,EVODEX.2-P2661,EVODEX.2-P2714,EVODEX.2-P2763,EVODEX.2-P2790,EVODEX.2-P2827,EVODEX.2-P2851,EVODEX.2-P2902,EVODEX.2-P2948,EVODEX.2-P2950,EVODEX.2-P2984,EVODEX.2-P2990,EVODEX.2-P2997,EVODEX.2-P3038,EVODEX.2-P3053,EVODEX.2-P3054,EVODEX.2-P3069,EVODEX.2-P310,EVODEX.2-P3125,EVODEX.2-P3151,EVODEX.2-P3186,EVODEX.2-P3220,EVODEX.2-P3228,EVODEX.2-P3229,EVODEX.2-P3249,EVODEX.2-P3261,EVODEX.2-P329,EVODEX.2-P3397,EVODEX.2-P3408,EVODEX.2-P3435,EVODEX.2-P3475,EVODEX.2-P350,EVODEX.2-P3525,EVODEX.2-P3535,EVODEX.2-P3544,EVODEX.2-P3548,EVODEX.2-P3599,EVODEX.2-P3607,EVODEX.2-P3759,EVODEX.2-P3866,EVODEX.2-P3883,EVODEX.2-P3913,EVODEX.2-P3986,EVODEX.2-P4099,EVODEX.2-P4151,EVODEX.2-P4162,EVODEX.2-P4228,EVODEX.2-P4282,EVODEX.2-P4305,EVODEX.2-P532,EVODEX.2-P632,EVODEX.2-P692,EVODEX.2-P720,EVODEX.2-P747,EVODEX.2-P768,EVODEX.2-P805,EVODEX.2-P806,EVODEX.2-P827,EVODEX.2-P914,EVODEX.2-P939,EVODEX.2-P95",67056055264889852059266485707642822356088990650047025194517009619033352839286
EVODEX.2-Bm16,[#6:1]-[#8:77]-[#1].[#8:78](-[#1])-[#1]>>[#6:1]-[#1].[#8:77]=[#8:78],"EVODEX.2-P1061,EVODEX.2-P1071,EVODEX.2-P1109,EVODEX.2-P1166,EVODEX.2-P1227,EVODEX.2-P1393,EVODEX.2-P1412,EVODEX.2-P1443,EVODEX.2-P1481,EVODEX.2-P1482,EVODEX.2-P1522,EVODEX.2-P1533,EVODEX.2-P1544,EVODEX.2-P1550,EVODEX.2-P1604,EVODEX.2-P162,EVODEX.2-P163,EVODEX.2-P1658,EVODEX.2-P1670,EVODEX.2-P17,EVODEX.2-P1872,EVODEX.2-P2026,EVODEX.2-P2109,EVODEX.2-P2180,EVODEX.2-P2259,EVODEX.2-P2310,EVODEX.2-P2361,EVODEX.2-P2541,EVODEX.2-P2586,EVODEX.2-P264,EVODEX.2-P2667,EVODEX.2-P2707,EVODEX.2-P2711,EVODEX.2-P2712,EVODEX.2-P2718,EVODEX.2-P272,EVODEX.2-P2722,EVODEX.2-P2742,EVODEX.2-P285,EVODEX.2-P2863,EVODEX.2-P2896,EVODEX.2-P3056,EVODEX.2-P3064,EVODEX.2-P3092,EVODEX.2-P3160,EVODEX.2-P3198,EVODEX.2-P3200,EVODEX.2-P3225,EVODEX.2-P3232,EVODEX.2-P3356,EVODEX.2-P3398,EVODEX.2-P3412,EVODEX.2-P3423,EVODEX.2-P3431,EVODEX.2-P3492,EVODEX.2-P3501,EVODEX.2-P3505,EVODEX.2-P3509,EVODEX.2-P361,EVODEX.2-P365,EVODEX.2-P3652,EVODEX.2-P3655,EVODEX.2-P3659,EVODEX.2-P3666,EVODEX.2-P3697,EVODEX.2-P3701,EVODEX.2-P3710,EVODEX.2-P3736,EVODEX.2-P374,EVODEX.2-P3766,EVODEX.2-P3774,EVODEX.2-P3776,EVODEX.2-P3932,EVODEX.2-P3943,EVODEX.2-P3981,EVODEX.2-P4012,EVODEX.2-P4211,EVODEX.2-P4236,EVODEX.2-P4281,EVODEX.2-P4297,EVODEX.2-P470,EVODEX.2-P501,EVODEX.2-P511,EVODEX.2-P55,EVODEX.2-P561,EVODEX.2-P581,EVODEX.2-P644,EVODEX.2-P65,EVODEX.2-P66,EVODEX.2-P696,EVODEX.2-P743,EVODEX.2-P811,EVODEX.2-P812,EVODEX.2-P820,EVODEX.2-P821,EVODEX.2-P840,EVODEX.2-P848,EVODEX.2-P872,EVODEX.2-P902",62005785914626728281061843374582555537115222997212285482343902394680824643709
EVODEX.2-Bm21,[#6:1]-[#8:15]>>[#6:1]-[#8].[#8:15]-[#1],"EVODEX.2-P1010,EVODEX.2-P1029,EVODEX.2-P1046,EVODEX.2-P1056,EVODEX.2-P110,EVODEX.2-P1107,EVODEX.2-P1126,EVODEX.2-P1168,EVODEX.2-P119,EVODEX.2-P1218,EVODEX.2-P1298,EVODEX.2-P131,EVODEX.2-P1321,EVODEX.2-P1322,EVODEX.2-P1376,EVODEX.2-P1413,EVODEX.2-P1426,EVODEX.2-P1659,EVODEX.2-P1684,EVODEX.2-P1718,EVODEX.2-P1750,EVODEX.2-P1793,EVODEX.2-P1839,EVODEX.2-P1853,EVODEX.2-P190,EVODEX.2-P1919,EVODEX.2-P1932,EVODEX.2-P1969,EVODEX.2-P2091,EVODEX.2-P2169,EVODEX.2-P2170,EVODEX.2-P2183,EVODEX.2-P22,EVODEX.2-P2202,EVODEX.2-P2221,EVODEX.2-P2253,EVODEX.2-P2261,EVODEX.2-P2290,EVODEX.2-P2296,EVODEX.2-P2306,EVODEX.2-P2347,EVODEX.2-P2348,EVODEX.2-P2441,EVODEX.2-P2454,EVODEX.2-P2515,EVODEX.2-P2524,EVODEX.2-P2641,EVODEX.2-P2652,EVODEX.2-P2662,EVODEX.2-P2668,EVODEX.2-P2819,EVODEX.2-P2868,EVODEX.2-P2936,EVODEX.2-P294,EVODEX.2-P3024,EVODEX.2-P3057,EVODEX.2-P3141,EVODEX.2-P3146,EVODEX.2-P3147,EVODEX.2-P3199,EVODEX.2-P3204,EVODEX.2-P3287,EVODEX.2-P3403,EVODEX.2-P3426,EVODEX.2-P3432,EVODEX.2-P3456,EVODEX.2-P349,EVODEX.2-P3518,EVODEX.2-P3634,EVODEX.2-P369,EVODEX.2-P3702,EVODEX.2-P3703,EVODEX.2-P3758,EVODEX.2-P3775,EVODEX.2-P3784,EVODEX.2-P3809,EVODEX.2-P3850,EVODEX.2-P3858,EVODEX.2-P3884,EVODEX.2-P3914,EVODEX.2-P3960,EVODEX.2-P3998,EVODEX.2-P4053,EVODEX.2-P4082,EVODEX.2-P4117,EVODEX.2-P4260,EVODEX.2-P502,EVODEX.2-P680,EVODEX.2-P690,EVODEX.2-P697,EVODEX.2-P749,EVODEX.2-P769,EVODEX.2-P911,EVODEX.2-P971,EVODEX.2-P978",21046273248930603494884668210004066170627554550543174031340528435040012908985
EVODEX.2-Bm9,[#8:50]-[#1]>>[#8:50]-[#6],"EVODEX.2-P1021,EVODEX.2-P1033,EVODEX.2-P107,EVODEX.2-P1090,EVODEX.2-P1112,EVODEX.2-P1198,EVODEX.2-P1200,EVODEX.2-P1310,EVODEX.2-P1366,EVODEX.2-P1372,EVODEX.2-P1374,EVODEX.2-P1397,EVODEX.2-P1479,EVODEX.2-P1487,EVODEX.2-P1599,EVODEX.2-P1600,EVODEX.2-P1614,EVODEX.2-P1617,EVODEX.2-P1648,EVODEX.2-P1656,EVODEX.2-P170,EVODEX.2-P1798,EVODEX.2-P1817,EVODEX.2-P182,EVODEX.2-P1831,EVODEX.2-P1851,EVODEX.2-P1900,EVODEX.2-P1946,EVODEX.2-P1959,EVODEX.2-P206,EVODEX.2-P2175,EVODEX.2-P225,EVODEX.2-P2379,EVODEX.2-P2529,EVODEX.2-P2587,EVODEX.2-P261,EVODEX.2-P2704,EVODEX.2-P2821,EVODEX.2-P2871,EVODEX.2-P2894,EVODEX.2-P2926,EVODEX.2-P2943,EVODEX.2-P2944,EVODEX.2-P3008,EVODEX.2-P3039,EVODEX.2-P3041,EVODEX.2-P3061,EVODEX.2-P3127,EVODEX.2-P313,EVODEX.2-P316,EVODEX.2-P3167,EVODEX.2-P3196,EVODEX.2-P3255,EVODEX.2-P3257,EVODEX.2-P3284,EVODEX.2-P3345,EVODEX.2-P3364,EVODEX.2-P3380,EVODEX.2-P3389,EVODEX.2-P341,EVODEX.2-P3474,EVODEX.2-P3528,EVODEX.2-P3596,EVODEX.2-P3611,EVODEX.2-P364,EVODEX.2-P3765,EVODEX.2-P3803,EVODEX.2-P3839,EVODEX.2-P3856,EVODEX.2-P3924,EVODEX.2-P3995,EVODEX.2-P4030,EVODEX.2-P4101,EVODEX.2-P4126,EVODEX.2-P4215,EVODEX.2-P4235,EVODEX.2-P4254,EVODEX.2-P469,EVODEX.2-P521,EVODEX.2-P526,EVODEX.2-P534,EVODEX.2-P538,EVODEX.2-P541,EVODEX.2-P560,EVODEX.2-P592,EVODEX.2-P650,EVODEX.2-P781,EVODEX.2-P809,EVODEX.2-P88,EVODEX.2-P887,EVODEX.2-P895,EVODEX.2-P9,EVODEX.2-P962",112642082691867978273872611391449182462117819515944910976832570413757309150620
EVODEX.2-Bm45,[#6]-[#8:28]>>[#8:28]-[#1],"EVODEX.2-P1000,EVODEX.2-P1069,EVODEX.2-P1073,EVODEX.2-P1119,EVODEX.2-P1121,EVODEX.2-P1151,EVODEX.2-P1156,EVODEX.2-P1180,EVODEX.2-P1214,EVODEX.2-P1221,EVODEX.2-P1265,EVODEX.2-P1273,EVODEX.2-P1303,EVODEX.2-P144,EVODEX.2-P1490,EVODEX.2-P1508,EVODEX.2-P151,EVODEX.2-P1694,EVODEX.2-P1745,EVODEX.2-P1794,EVODEX.2-P1953,EVODEX.2-P2013,EVODEX.2-P216,EVODEX.2-P2177,EVODEX.2-P2277,EVODEX.2-P2295,EVODEX.2-P2300,EVODEX.2-P2320,EVODEX.2-P2341,EVODEX.2-P2366,EVODEX.2-P2368,EVODEX.2-P2373,EVODEX.2-P2543,EVODEX.2-P2562,EVODEX.2-P2566,EVODEX.2-P2609,EVODEX.2-P2688,EVODEX.2-P2713,EVODEX.2-P2891,EVODEX.2-P2910,EVODEX.2-P2989,EVODEX.2-P3052,EVODEX.2-P3074,EVODEX.2-P3084,EVODEX.2-P3100,EVODEX.2-P3111,EVODEX.2-P3114,EVODEX.2-P3126,EVODEX.2-P3291,EVODEX.2-P3396,EVODEX.2-P3527,EVODEX.2-P3647,EVODEX.2-P3712,EVODEX.2-P373,EVODEX.2-P3732,EVODEX.2-P3741,EVODEX.2-P3840,EVODEX.2-P3885,EVODEX.2-P3907,EVODEX.2-P3937,EVODEX.2-P3997,EVODEX.2-P4190,EVODEX.2-P4252,EVODEX.2-P4264,EVODEX.2-P4266,EVODEX.2-P4308,EVODEX.2-P46,EVODEX.2-P539,EVODEX.2-P640,EVODEX.2-P654,EVODEX.2-P664,EVODEX.2-P689,EVODEX.2-P719,EVODEX.2-P779,EVODEX.2-P860,EVODEX.2-P928,EVODEX.2-P929,EVODEX.2-P934,EVODEX.2-P953,EVODEX.2-P963",66334671499855758439786693274443880346620343068183895918917059645299165023889
EVODEX.2-Bm46,[#6]-[#7:5]>>[#7:5]-[#1],"EVODEX.2-P1123,EVODEX.2-P1137,EVODEX.2-P1143,EVODEX.2-P1260,EVODEX.2-P133,EVODEX.2-P1353,EVODEX.2-P1400,EVODEX.2-P1419,EVODEX.2-P1436,EVODEX.2-P1497,EVODEX.2-P1559,EVODEX.2-P1574,EVODEX.2-P1731,EVODEX.2-P1926,EVODEX.2-P1942,EVODEX.2-P1974,EVODEX.2-P2196,EVODEX.2-P2205,EVODEX.2-P2207,EVODEX.2-P2230,EVODEX.2-P2286,EVODEX.2-P2293,EVODEX.2-P2314,EVODEX.2-P2325,EVODEX.2-P2335,EVODEX.2-P2351,EVODEX.2-P2362,EVODEX.2-P2581,EVODEX.2-P2764,EVODEX.2-P2772,EVODEX.2-P2791,EVODEX.2-P2938,EVODEX.2-P2940,EVODEX.2-P3101,EVODEX.2-P3235,EVODEX.2-P3297,EVODEX.2-P3303,EVODEX.2-P3486,EVODEX.2-P3571,EVODEX.2-P3733,EVODEX.2-P3821,EVODEX.2-P3876,EVODEX.2-P391,EVODEX.2-P3912,EVODEX.2-P3922,EVODEX.2-P3962,EVODEX.2-P3985,EVODEX.2-P4002,EVODEX.2-P4006,EVODEX.2-P4067,EVODEX.2-P4076,EVODEX.2-P4192,EVODEX.2-P4269,EVODEX.2-P4294,EVODEX.2-P47,EVODEX.2-P490,EVODEX.2-P496,EVODEX.2-P530,EVODEX.2-P556,EVODEX.2-P557,EVODEX.2-P61,EVODEX.2-P611,EVODEX.2-P688,EVODEX.2-P731,EVODEX.2-P815",115018610735264923416360597447954048455518152736262776294140180085286309239726
EVODEX.2-Bm17,([#8:4]-[#1].[#6:1]-[#8]).[#6:3]-[#8:2]>>([#6:3]-[#8:4].[#6:1]-[#8:2]),"EVODEX.2-P1199,EVODEX.2-P1240,EVODEX.2-P1258,EVODEX.2-P1286,EVODEX.2-P1288,EVODEX.2-P1316,EVODEX.2-P1339,EVODEX.2-P1367,EVODEX.2-P1439,EVODEX.2-P1441,EVODEX.2-P1478,EVODEX.2-P1484,EVODEX.2-P1608,EVODEX.2-P1665,EVODEX.2-P1738,EVODEX.2-P1740,EVODEX.2-P1782,EVODEX.2-P18,EVODEX.2-P1850,EVODEX.2-P1918,EVODEX.2-P1973,EVODEX.2-P2032,EVODEX.2-P2098,EVODEX.2-P2268,EVODEX.2-P2285,EVODEX.2-P2323,EVODEX.2-P2338,EVODEX.2-P2367,EVODEX.2-P2378,EVODEX.2-P2430,EVODEX.2-P2564,EVODEX.2-P2636,EVODEX.2-P292,EVODEX.2-P3050,EVODEX.2-P307,EVODEX.2-P3268,EVODEX.2-P3295,EVODEX.2-P3309,EVODEX.2-P3330,EVODEX.2-P3390,EVODEX.2-P3430,EVODEX.2-P345,EVODEX.2-P3637,EVODEX.2-P3672,EVODEX.2-P4034,EVODEX.2-P4054,EVODEX.2-P4086,EVODEX.2-P4159,EVODEX.2-P4202,EVODEX.2-P431,EVODEX.2-P533,EVODEX.2-P575,EVODEX.2-P591,EVODEX.2-P597,EVODEX.2-P606,EVODEX.2-P617,EVODEX.2-P842,EVODEX.2-P845,EVODEX.2-P935,EVODEX.2-P985",17259848306575516040017545054975616538962515187224438667911427450289165669821
EVODEX.2-Bm36,[#7:2]-[#1].>>[#6]-[#7:2].,"EVODEX.2-P1004,EVODEX.2-P1186,EVODEX.2-P1211,EVODEX.2-P1212,EVODEX.2-P1216,EVODEX.2-P1335,EVODEX.2-P1395,EVODEX.2-P1492,EVODEX.2-P1513,EVODEX.2-P1527,EVODEX.2-P1641,EVODEX.2-P1642,EVODEX.2-P1692,EVODEX.2-P1920,EVODEX.2-P1938,EVODEX.2-P196,EVODEX.2-P2049,EVODEX.2-P2056,EVODEX.2-P2135,EVODEX.2-P2184,EVODEX.2-P2252,EVODEX.2-P2478,EVODEX.2-P2495,EVODEX.2-P2503,EVODEX.2-P2510,EVODEX.2-P268,EVODEX.2-P2798,EVODEX.2-P2848,EVODEX.2-P2877,EVODEX.2-P2908,EVODEX.2-P2991,EVODEX.2-P3110,EVODEX.2-P3183,EVODEX.2-P3219,EVODEX.2-P3399,EVODEX.2-P351,EVODEX.2-P3593,EVODEX.2-P3667,EVODEX.2-P37,EVODEX.2-P3812,EVODEX.2-P3816,EVODEX.2-P3860,EVODEX.2-P3874,EVODEX.2-P3957,EVODEX.2-P408,EVODEX.2-P4105,EVODEX.2-P4109,EVODEX.2-P4123,EVODEX.2-P4171,EVODEX.2-P4285,EVODEX.2-P455,EVODEX.2-P547,EVODEX.2-P574,EVODEX.2-P752,EVODEX.2-P758,EVODEX.2-P787,EVODEX.2-P874,EVODEX.2-P885,EVODEX.2-P960,EVODEX.2-P994",63994209972666967406422286319703131170139442526259945123646777351629388656181
EVODEX.2-Bm105,([#8:4]-[#1].[#6:1]-[#8:41]).[#6:3]-[#8:2]>>([#6:3]-[#8:4].[#6:1]-[#8:2]).[#8:41]-[#1],"EVODEX.2-P1009,EVODEX.2-P1035,EVODEX.2-P1152,EVODEX.2-P1440,EVODEX.2-P1477,EVODEX.2-P1502,EVODEX.2-P1610,EVODEX.2-P1616,EVODEX.2-P1737,EVODEX.2-P176,EVODEX.2-P1781,EVODEX.2-P1858,EVODEX.2-P1934,EVODEX.2-P2043,EVODEX.2-P2045,EVODEX.2-P2317,EVODEX.2-P2552,EVODEX.2-P2585,EVODEX.2-P2635,EVODEX.2-P2761,EVODEX.2-P278,EVODEX.2-P2805,EVODEX.2-P3045,EVODEX.2-P3058,EVODEX.2-P306,EVODEX.2-P3086,EVODEX.2-P3165,EVODEX.2-P3177,EVODEX.2-P3260,EVODEX.2-P3265,EVODEX.2-P3293,EVODEX.2-P336,EVODEX.2-P3429,EVODEX.2-P3449,EVODEX.2-P346,EVODEX.2-P3584,EVODEX.2-P3626,EVODEX.2-P3636,EVODEX.2-P3648,EVODEX.2-P3671,EVODEX.2-P3802,EVODEX.2-P3842,EVODEX.2-P3871,EVODEX.2-P4033,EVODEX.2-P4073,EVODEX.2-P4196,EVODEX.2-P423,EVODEX.2-P449,EVODEX.2-P563,EVODEX.2-P590,EVODEX.2-P596,EVODEX.2-P605,EVODEX.2-P676,EVODEX.2-P695,EVODEX.2-P699,EVODEX.2-P723,EVODEX.2-P755,EVODEX.2-P846,EVODEX.2-P877,EVODEX.2-P998",86871710962544391850924342372484923941765196278228826564361732441559024525530
EVODEX.2-Bm13,[#6:27]-[#16&+].[#8:28]-[#1]>>[#8:28]-[#6:27],"EVODEX.2-P1314,EVODEX.2-P1345,EVODEX.2-P14,EVODEX.2-P1455,EVODEX.2-P1598,EVODEX.2-P1776,EVODEX.2-P1808,EVODEX.2-P1899,EVODEX.2-P1905,EVODEX.2-P2033,EVODEX.2-P2146,EVODEX.2-P2162,EVODEX.2-P2245,EVODEX.2-P2298,EVODEX.2-P2328,EVODEX.2-P2518,EVODEX.2-P2626,EVODEX.2-P2675,EVODEX.2-P2703,EVODEX.2-P2768,EVODEX.2-P2797,EVODEX.2-P2859,EVODEX.2-P2906,EVODEX.2-P2925,EVODEX.2-P2985,EVODEX.2-P3007,EVODEX.2-P3055,EVODEX.2-P3155,EVODEX.2-P324,EVODEX.2-P3283,EVODEX.2-P3324,EVODEX.2-P348,EVODEX.2-P3551,EVODEX.2-P3552,EVODEX.2-P3603,EVODEX.2-P3631,EVODEX.2-P3755,EVODEX.2-P389,EVODEX.2-P3902,EVODEX.2-P4022,EVODEX.2-P4114,EVODEX.2-P4223,EVODEX.2-P4234,EVODEX.2-P4253,EVODEX.2-P481,EVODEX.2-P51,EVODEX.2-P520,EVODEX.2-P529,EVODEX.2-P649,EVODEX.2-P693,EVODEX.2-P765,EVODEX.2-P87,EVODEX.2-P893,EVODEX.2-P946,EVODEX.2-P996",23363094805008321086391898852609328324621858182334250432553514485758937412837
EVODEX.2-Bm141,[#8:28]-[#6:1]>>[#6:1]-[#16&+].[#8:28]-[#1],"EVODEX.2-P1098,EVODEX.2-P1171,EVODEX.2-P1261,EVODEX.2-P1274,EVODEX.2-P1476,EVODEX.2-P1491,EVODEX.2-P1521,EVODEX.2-P1546,EVODEX.2-P1547,EVODEX.2-P1630,EVODEX.2-P1695,EVODEX.2-P1757,EVODEX.2-P1972,EVODEX.2-P2077,EVODEX.2-P2139,EVODEX.2-P2147,EVODEX.2-P2299,EVODEX.2-P2342,EVODEX.2-P2363,EVODEX.2-P2374,EVODEX.2-P2474,EVODEX.2-P2528,EVODEX.2-P2648,EVODEX.2-P271,EVODEX.2-P2734,EVODEX.2-P2911,EVODEX.2-P3034,EVODEX.2-P3042,EVODEX.2-P3115,EVODEX.2-P3172,EVODEX.2-P327,EVODEX.2-P332,EVODEX.2-P3357,EVODEX.2-P3391,EVODEX.2-P3427,EVODEX.2-P3476,EVODEX.2-P3490,EVODEX.2-P3645,EVODEX.2-P3683,EVODEX.2-P3696,EVODEX.2-P3955,EVODEX.2-P4050,EVODEX.2-P4168,EVODEX.2-P4185,EVODEX.2-P4231,EVODEX.2-P4232,EVODEX.2-P438,EVODEX.2-P671,EVODEX.2-P694,EVODEX.2-P712,EVODEX.2-P761,EVODEX.2-P788,EVODEX.2-P798,EVODEX.2-P855,EVODEX.2-P940",92199457357768760063991418261845660392725149459606485978777084196061025768454
EVODEX.2-Bm5,[#6:45](-[#7])-[#1]>>[#6:45]=[#8],"EVODEX.2-P1039,EVODEX.2-P1203,EVODEX.2-P1206,EVODEX.2-P1210,EVODEX.2-P138,EVODEX.2-P150,EVODEX.2-P1678,EVODEX.2-P1849,EVODEX.2-P1867,EVODEX.2-P195,EVODEX.2-P2187,EVODEX.2-P2409,EVODEX.2-P2533,EVODEX.2-P2583,EVODEX.2-P2606,EVODEX.2-P269,EVODEX.2-P289,EVODEX.2-P2960,EVODEX.2-P3036,EVODEX.2-P3059,EVODEX.2-P3089,EVODEX.2-P3106,EVODEX.2-P3263,EVODEX.2-P328,EVODEX.2-P3436,EVODEX.2-P3443,EVODEX.2-P3467,EVODEX.2-P3470,EVODEX.2-P354,EVODEX.2-P3562,EVODEX.2-P358,EVODEX.2-P3595,EVODEX.2-P3658,EVODEX.2-P3689,EVODEX.2-P3730,EVODEX.2-P3820,EVODEX.2-P3889,EVODEX.2-P3965,EVODEX.2-P3991,EVODEX.2-P4088,EVODEX.2-P4189,EVODEX.2-P478,EVODEX.2-P5,EVODEX.2-P668,EVODEX.2-P67,EVODEX.2-P673,EVODEX.2-P735,EVODEX.2-P762,EVODEX.2-P801,EVODEX.2-P92",19661478392776171613478457422821965151258950567697201881207564141353517853249
EVODEX.2-Bm68,[#6:1]-[#8]>>[#7]-[#6:1],"EVODEX.2-P1018,EVODEX.2-P1030,EVODEX.2-P1096,EVODEX.2-P1160,EVODEX.2-P1189,EVODEX.2-P1244,EVODEX.2-P1336,EVODEX.2-P1403,EVODEX.2-P1480,EVODEX.2-P149,EVODEX.2-P1503,EVODEX.2-P1601,EVODEX.2-P174,EVODEX.2-P1824,EVODEX.2-P1847,EVODEX.2-P1909,EVODEX.2-P2133,EVODEX.2-P2301,EVODEX.2-P2329,EVODEX.2-P2376,EVODEX.2-P243,EVODEX.2-P2531,EVODEX.2-P2657,EVODEX.2-P2710,EVODEX.2-P2751,EVODEX.2-P2783,EVODEX.2-P2884,EVODEX.2-P3087,EVODEX.2-P3242,EVODEX.2-P3300,EVODEX.2-P3416,EVODEX.2-P347,EVODEX.2-P3656,EVODEX.2-P3721,EVODEX.2-P3796,EVODEX.2-P3845,EVODEX.2-P3969,EVODEX.2-P4036,EVODEX.2-P4072,EVODEX.2-P4093,EVODEX.2-P4283,EVODEX.2-P452,EVODEX.2-P495,EVODEX.2-P645,EVODEX.2-P753,EVODEX.2-P789,EVODEX.2-P83,EVODEX.2-P883,EVODEX.2-P990,EVODEX.2-P999",104364814907602693606256191617732082420564223433959927665637061541803939758200
EVODEX.2-Bm100,[#6:1]=[#8:11].[#7:2]-[#1]>>[#6:1](-[#7:2])-[#1].[#8:11](-[#1])-[#1],"EVODEX.2-P1003,EVODEX.2-P1175,EVODEX.2-P1275,EVODEX.2-P1324,EVODEX.2-P1333,EVODEX.2-P1434,EVODEX.2-P1452,EVODEX.2-P1570,EVODEX.2-P161,EVODEX.2-P1712,EVODEX.2-P1744,EVODEX.2-P1809,EVODEX.2-P2262,EVODEX.2-P237,EVODEX.2-P239,EVODEX.2-P2477,EVODEX.2-P2493,EVODEX.2-P2494,EVODEX.2-P2607,EVODEX.2-P2650,EVODEX.2-P2666,EVODEX.2-P2750,EVODEX.2-P2840,EVODEX.2-P2907,EVODEX.2-P3021,EVODEX.2-P3117,EVODEX.2-P3194,EVODEX.2-P3234,EVODEX.2-P3299,EVODEX.2-P3328,EVODEX.2-P3338,EVODEX.2-P3339,EVODEX.2-P3395,EVODEX.2-P353,EVODEX.2-P3530,EVODEX.2-P3540,EVODEX.2-P3541,EVODEX.2-P363,EVODEX.2-P3682,EVODEX.2-P3815,EVODEX.2-P3832,EVODEX.2-P3844,EVODEX.2-P3888,EVODEX.2-P3892,EVODEX.2-P3933,EVODEX.2-P4008,EVODEX.2-P4221,EVODEX.2-P4290,EVODEX.2-P614,EVODEX.2-P790",17290803363774488160897770387677439094248503577447792398902488094122743883650
EVODEX.2-Bm11,[#6:1]-[#7].[#8:2]-[#1]>>[#6:1]-[#8:2],"EVODEX.2-P1008,EVODEX.2-P11,EVODEX.2-P137,EVODEX.2-P1380,EVODEX.2-P1578,EVODEX.2-P1621,EVODEX.2-P1726,EVODEX.2-P178,EVODEX.2-P1925,EVODEX.2-P194,EVODEX.2-P2014,EVODEX.2-P2315,EVODEX.2-P2771,EVODEX.2-P2817,EVODEX.2-P288,EVODEX.2-P3102,EVODEX.2-P3104,EVODEX.2-P3262,EVODEX.2-P3292,EVODEX.2-P3298,EVODEX.2-P3310,EVODEX.2-P3402,EVODEX.2-P3473,EVODEX.2-P357,EVODEX.2-P3573,EVODEX.2-P3591,EVODEX.2-P3623,EVODEX.2-P3657,EVODEX.2-P3681,EVODEX.2-P3727,EVODEX.2-P387,EVODEX.2-P3994,EVODEX.2-P4068,EVODEX.2-P4180,EVODEX.2-P4186,EVODEX.2-P4188,EVODEX.2-P427,EVODEX.2-P4287,EVODEX.2-P435,EVODEX.2-P522,EVODEX.2-P638,EVODEX.2-P667,EVODEX.2-P716,EVODEX.2-P817,EVODEX.2-P926",112714205852670665030568911404498205024855286612468239627393129241952961816893
EVODEX.2-Bm29,[#6:1](-[#7:12])-[#1].[#8:2](-[#1])-[#1]>>[#6:1]=[#8:2].[#7:12]-[#1],"EVODEX.2-P1192,EVODEX.2-P1225,EVODEX.2-P1304,EVODEX.2-P1368,EVODEX.2-P1421,EVODEX.2-P1470,EVODEX.2-P1558,EVODEX.2-P1628,EVODEX.2-P1649,EVODEX.2-P1741,EVODEX.2-P1765,EVODEX.2-P1944,EVODEX.2-P1986,EVODEX.2-P2028,EVODEX.2-P2068,EVODEX.2-P2074,EVODEX.2-P2097,EVODEX.2-P2188,EVODEX.2-P2229,EVODEX.2-P2257,EVODEX.2-P2471,EVODEX.2-P2605,EVODEX.2-P2801,EVODEX.2-P2814,EVODEX.2-P2919,EVODEX.2-P30,EVODEX.2-P3124,EVODEX.2-P3169,EVODEX.2-P3289,EVODEX.2-P3378,EVODEX.2-P3438,EVODEX.2-P3622,EVODEX.2-P3877,EVODEX.2-P3921,EVODEX.2-P3975,EVODEX.2-P4026,EVODEX.2-P4120,EVODEX.2-P4133,EVODEX.2-P4163,EVODEX.2-P426,EVODEX.2-P498,EVODEX.2-P709,EVODEX.2-P736,EVODEX.2-P763,EVODEX.2-P800",99868542887377887350800969075519120200112071352726410023877131430243241293790
EVODEX.2-Bm34,[#6:27]-[#16&+:1].[#8:28]-[#1]>>[#16:1].[#8:28]-[#6:27],"EVODEX.2-P106,EVODEX.2-P1078,EVODEX.2-P1088,EVODEX.2-P1187,EVODEX.2-P1462,EVODEX.2-P1597,EVODEX.2-P1626,EVODEX.2-P1639,EVODEX.2-P1646,EVODEX.2-P1647,EVODEX.2-P1710,EVODEX.2-P1763,EVODEX.2-P1800,EVODEX.2-P181,EVODEX.2-P1819,EVODEX.2-P2145,EVODEX.2-P2219,EVODEX.2-P2336,EVODEX.2-P241,EVODEX.2-P2446,EVODEX.2-P2660,EVODEX.2-P2674,EVODEX.2-P2676,EVODEX.2-P3040,EVODEX.2-P3072,EVODEX.2-P3323,EVODEX.2-P3350,EVODEX.2-P340,EVODEX.2-P35,EVODEX.2-P3754,EVODEX.2-P388,EVODEX.2-P3901,EVODEX.2-P3923,EVODEX.2-P4113,EVODEX.2-P4166,EVODEX.2-P420,EVODEX.2-P4233,EVODEX.2-P488,EVODEX.2-P516,EVODEX.2-P519,EVODEX.2-P600,EVODEX.2-P648,EVODEX.2-P880,EVODEX.2-P884,EVODEX.2-P913",36495228027914749091008638940908554550372977651144003872863487553796385028825
EVODEX.2-Bm44,[#16:2].[#6:1]-[#8:28]>>[#6:1]-[#16&+:2].[#8:28]-[#1],"EVODEX.2-P1097,EVODEX.2-P1249,EVODEX.2-P1264,EVODEX.2-P1507,EVODEX.2-P1627,EVODEX.2-P1734,EVODEX.2-P1754,EVODEX.2-P1863,EVODEX.2-P1924,EVODEX.2-P2076,EVODEX.2-P2340,EVODEX.2-P2375,EVODEX.2-P2548,EVODEX.2-P2708,EVODEX.2-P2733,EVODEX.2-P2812,EVODEX.2-P2847,EVODEX.2-P3033,EVODEX.2-P3103,EVODEX.2-P311,EVODEX.2-P3113,EVODEX.2-P3192,EVODEX.2-P331,EVODEX.2-P3400,EVODEX.2-P3534,EVODEX.2-P3716,EVODEX.2-P3731,EVODEX.2-P3761,EVODEX.2-P3875,EVODEX.2-P3906,EVODEX.2-P3954,EVODEX.2-P3983,EVODEX.2-P4035,EVODEX.2-P4047,EVODEX.2-P411,EVODEX.2-P4184,EVODEX.2-P4292,EVODEX.2-P436,EVODEX.2-P441,EVODEX.2-P45,EVODEX.2-P550,EVODEX.2-P616,EVODEX.2-P663,EVODEX.2-P828,EVODEX.2-P927",76227564499824039662221673477915242522350202448558632741068720865527611818326
EVODEX.2-Bm58,[#6:1]=[#8].[#7:2]-[#1]>>[#6:1](-[#7:2])-[#1],"EVODEX.2-P1197,EVODEX.2-P1256,EVODEX.2-P1318,EVODEX.2-P1398,EVODEX.2-P1460,EVODEX.2-P1466,EVODEX.2-P1483,EVODEX.2-P160,EVODEX.2-P180,EVODEX.2-P1874,EVODEX.2-P2101,EVODEX.2-P2226,EVODEX.2-P236,EVODEX.2-P2492,EVODEX.2-P2651,EVODEX.2-P2678,EVODEX.2-P2823,EVODEX.2-P2861,EVODEX.2-P291,EVODEX.2-P2921,EVODEX.2-P2964,EVODEX.2-P2977,EVODEX.2-P3068,EVODEX.2-P3123,EVODEX.2-P3135,EVODEX.2-P3182,EVODEX.2-P3230,EVODEX.2-P3233,EVODEX.2-P3329,EVODEX.2-P3434,EVODEX.2-P3515,EVODEX.2-P3542,EVODEX.2-P3751,EVODEX.2-P3773,EVODEX.2-P3911,EVODEX.2-P4220,EVODEX.2-P4291,EVODEX.2-P4306,EVODEX.2-P568,EVODEX.2-P635,EVODEX.2-P64,EVODEX.2-P68,EVODEX.2-P757,EVODEX.2-P819,EVODEX.2-P897",59333148940087982659974891396806857599828090314994433025067544209783907175694
EVODEX.2-Bm87,[#6:1]-[#8:12]>>[#6:1]-[#7].[#8:12]-[#1],"EVODEX.2-P1173,EVODEX.2-P1202,EVODEX.2-P1213,EVODEX.2-P1230,EVODEX.2-P1236,EVODEX.2-P1272,EVODEX.2-P130,EVODEX.2-P1391,EVODEX.2-P1404,EVODEX.2-P1666,EVODEX.2-P175,EVODEX.2-P1902,EVODEX.2-P1906,EVODEX.2-P1910,EVODEX.2-P2078,EVODEX.2-P211,EVODEX.2-P2208,EVODEX.2-P2227,EVODEX.2-P2247,EVODEX.2-P2475,EVODEX.2-P2504,EVODEX.2-P2527,EVODEX.2-P2555,EVODEX.2-P2658,EVODEX.2-P2784,EVODEX.2-P2820,EVODEX.2-P2965,EVODEX.2-P3088,EVODEX.2-P3098,EVODEX.2-P3333,EVODEX.2-P3388,EVODEX.2-P3614,EVODEX.2-P3722,EVODEX.2-P3735,EVODEX.2-P3833,EVODEX.2-P3861,EVODEX.2-P4007,EVODEX.2-P4094,EVODEX.2-P4170,EVODEX.2-P4187,EVODEX.2-P4284,EVODEX.2-P453,EVODEX.2-P567,EVODEX.2-P572,EVODEX.2-P991",35022160792936972509310430409407623982366176289633892252315208642375230986650
EVODEX.2-Bm65,[#7]-[#6:11]-[#1].[#6]=[#8:12]>>[#6:11]=[#8:12],"EVODEX.2-P1043,EVODEX.2-P1134,EVODEX.2-P1229,EVODEX.2-P1696,EVODEX.2-P1713,EVODEX.2-P1780,EVODEX.2-P1894,EVODEX.2-P1982,EVODEX.2-P1987,EVODEX.2-P2116,EVODEX.2-P2311,EVODEX.2-P2470,EVODEX.2-P2521,EVODEX.2-P2532,EVODEX.2-P2699,EVODEX.2-P2705,EVODEX.2-P2739,EVODEX.2-P2766,EVODEX.2-P2928,EVODEX.2-P3028,EVODEX.2-P3044,EVODEX.2-P3168,EVODEX.2-P3236,EVODEX.2-P326,EVODEX.2-P3480,EVODEX.2-P3488,EVODEX.2-P3495,EVODEX.2-P3502,EVODEX.2-P3617,EVODEX.2-P3694,EVODEX.2-P3748,EVODEX.2-P3898,EVODEX.2-P4056,EVODEX.2-P4060,EVODEX.2-P4090,EVODEX.2-P4224,EVODEX.2-P506,EVODEX.2-P620,EVODEX.2-P77,EVODEX.2-P835",78331312035385086159059486544151633155502680147054865030466700388276649757603
EVODEX.2-Bm71,[#6]-[#7:2].[#6:1]=[#8]>>[#7:2]-[#6:1]-[#1],"EVODEX.2-P1017,EVODEX.2-P1136,EVODEX.2-P1138,EVODEX.2-P1231,EVODEX.2-P1305,EVODEX.2-P1506,EVODEX.2-P1517,EVODEX.2-P1739,EVODEX.2-P1747,EVODEX.2-P1758,EVODEX.2-P1954,EVODEX.2-P2360,EVODEX.2-P2383,EVODEX.2-P2400,EVODEX.2-P2758,EVODEX.2-P2872,EVODEX.2-P2883,EVODEX.2-P2922,EVODEX.2-P2971,EVODEX.2-P3184,EVODEX.2-P3224,EVODEX.2-P3277,EVODEX.2-P3376,EVODEX.2-P3847,EVODEX.2-P3890,EVODEX.2-P3950,EVODEX.2-P3963,EVODEX.2-P4028,EVODEX.2-P4091,EVODEX.2-P4127,EVODEX.2-P4181,EVODEX.2-P544,EVODEX.2-P564,EVODEX.2-P629,EVODEX.2-P710,EVODEX.2-P834,EVODEX.2-P868,EVODEX.2-P93,EVODEX.2-P964,EVODEX.2-P975",110597953404399775100963639899526605333752182377421977973604168889203764995777
EVODEX.2-Bm72,[#6:1]=[#8:15]>>[#7]-[#6:1]-[#1].[#6]=[#8:15],"EVODEX.2-P1019,EVODEX.2-P1139,EVODEX.2-P1263,EVODEX.2-P128,EVODEX.2-P1289,EVODEX.2-P1523,EVODEX.2-P1556,EVODEX.2-P1680,EVODEX.2-P1742,EVODEX.2-P1866,EVODEX.2-P1869,EVODEX.2-P1955,EVODEX.2-P1976,EVODEX.2-P2117,EVODEX.2-P2312,EVODEX.2-P2551,EVODEX.2-P2855,EVODEX.2-P2885,EVODEX.2-P2946,EVODEX.2-P3029,EVODEX.2-P3278,EVODEX.2-P3288,EVODEX.2-P3503,EVODEX.2-P3517,EVODEX.2-P3805,EVODEX.2-P3807,EVODEX.2-P3808,EVODEX.2-P3848,EVODEX.2-P3891,EVODEX.2-P3916,EVODEX.2-P3956,EVODEX.2-P3964,EVODEX.2-P4182,EVODEX.2-P4310,EVODEX.2-P525,EVODEX.2-P545,EVODEX.2-P665,EVODEX.2-P711,EVODEX.2-P94,EVODEX.2-P965",73876074108070349364258042360041863979248415495126741553714691772711243305069
EVODEX.2-Bm89,[#6:2]=[#6:1].[#8:3]-[#1]>>[#6:2](-[#8:3])-[#6:1]-[#1],"EVODEX.2-P1101,EVODEX.2-P1106,EVODEX.2-P1327,EVODEX.2-P135,EVODEX.2-P1423,EVODEX.2-P1494,EVODEX.2-P1667,EVODEX.2-P1671,EVODEX.2-P1761,EVODEX.2-P1786,EVODEX.2-P1885,EVODEX.2-P2066,EVODEX.2-P2067,EVODEX.2-P2130,EVODEX.2-P2381,EVODEX.2-P2396,EVODEX.2-P2486,EVODEX.2-P2512,EVODEX.2-P2547,EVODEX.2-P2715,EVODEX.2-P2825,EVODEX.2-P3107,EVODEX.2-P3132,EVODEX.2-P3154,EVODEX.2-P3231,EVODEX.2-P3271,EVODEX.2-P3374,EVODEX.2-P3406,EVODEX.2-P3444,EVODEX.2-P3465,EVODEX.2-P3553,EVODEX.2-P3826,EVODEX.2-P3930,EVODEX.2-P4216,EVODEX.2-P4286,EVODEX.2-P475,EVODEX.2-P626,EVODEX.2-P959,EVODEX.2-P972,EVODEX.2-P988",95006850840548232705553638244190727187356753586600461766847586953704529192991
EVODEX.2-Bm143,[#7:12]-[#6:1]-[#1]>>[#6:1]=[#8].[#7:12]-[#1],"EVODEX.2-P1040,EVODEX.2-P1191,EVODEX.2-P1257,EVODEX.2-P1297,EVODEX.2-P1365,EVODEX.2-P1420,EVODEX.2-P1488,EVODEX.2-P1686,EVODEX.2-P1705,EVODEX.2-P1764,EVODEX.2-P1948,EVODEX.2-P1952,EVODEX.2-P1989,EVODEX.2-P2189,EVODEX.2-P2228,EVODEX.2-P2558,EVODEX.2-P2727,EVODEX.2-P277,EVODEX.2-P2809,EVODEX.2-P2846,EVODEX.2-P2954,EVODEX.2-P3060,EVODEX.2-P3091,EVODEX.2-P3170,EVODEX.2-P3227,EVODEX.2-P3377,EVODEX.2-P3419,EVODEX.2-P3523,EVODEX.2-P3685,EVODEX.2-P3974,EVODEX.2-P3992,EVODEX.2-P4009,EVODEX.2-P4193,EVODEX.2-P467,EVODEX.2-P636,EVODEX.2-P783,EVODEX.2-P791,EVODEX.2-P802,EVODEX.2-P818,EVODEX.2-P907",111106193655132357884563704763914770759190942065312435318512761196263855556362
EVODEX.2-Bm219,[#7:2]-[#6:6]-[#1]>>[#7:2]-[#6].[#6:6]=[#8],"EVODEX.2-P1044,EVODEX.2-P1135,EVODEX.2-P1161,EVODEX.2-P1179,EVODEX.2-P1377,EVODEX.2-P1418,EVODEX.2-P1424,EVODEX.2-P1714,EVODEX.2-P1748,EVODEX.2-P1852,EVODEX.2-P1895,EVODEX.2-P1921,EVODEX.2-P1988,EVODEX.2-P2118,EVODEX.2-P2313,EVODEX.2-P2401,EVODEX.2-P2522,EVODEX.2-P2706,EVODEX.2-P2735,EVODEX.2-P3030,EVODEX.2-P3105,EVODEX.2-P3139,EVODEX.2-P3159,EVODEX.2-P3351,EVODEX.2-P3382,EVODEX.2-P3471,EVODEX.2-P3481,EVODEX.2-P3485,EVODEX.2-P3489,EVODEX.2-P3504,EVODEX.2-P3565,EVODEX.2-P3899,EVODEX.2-P3905,EVODEX.2-P4024,EVODEX.2-P4092,EVODEX.2-P4142,EVODEX.2-P4150,EVODEX.2-P4164,EVODEX.2-P750,EVODEX.2-P778",90734177525964463974616539959198827979858140209780222422475977779960910770674
EVODEX.2-Bm129,[#6:11](-[#7:2])-[#1].[#6:1]=[#8:12]>>[#7:2]-[#6:1]-[#1].[#6:11]=[#8:12],"EVODEX.2-P1016,EVODEX.2-P1165,EVODEX.2-P1172,EVODEX.2-P1228,EVODEX.2-P1341,EVODEX.2-P1363,EVODEX.2-P1679,EVODEX.2-P1732,EVODEX.2-P1865,EVODEX.2-P1868,EVODEX.2-P1883,EVODEX.2-P1893,EVODEX.2-P2385,EVODEX.2-P240,EVODEX.2-P2520,EVODEX.2-P2530,EVODEX.2-P2719,EVODEX.2-P2826,EVODEX.2-P2854,EVODEX.2-P2882,EVODEX.2-P3035,EVODEX.2-P304,EVODEX.2-P3375,EVODEX.2-P3846,EVODEX.2-P3897,EVODEX.2-P3904,EVODEX.2-P4003,EVODEX.2-P4023,EVODEX.2-P4027,EVODEX.2-P4048,EVODEX.2-P4055,EVODEX.2-P4141,EVODEX.2-P4149,EVODEX.2-P4208,EVODEX.2-P776",111878707719762780573053370008132050577936410111737078126110530897349977293757
EVODEX.2-Bm25,[#8:2]-[#6:3]>>([#8:2]-[#6].[#8]-[#6:3]),"EVODEX.2-P1095,EVODEX.2-P1287,EVODEX.2-P1442,EVODEX.2-P1509,EVODEX.2-P1788,EVODEX.2-P1901,EVODEX.2-P1935,EVODEX.2-P2565,EVODEX.2-P2567,EVODEX.2-P26,EVODEX.2-P266,EVODEX.2-P2806,EVODEX.2-P300,EVODEX.2-P3010,EVODEX.2-P3046,EVODEX.2-P3076,EVODEX.2-P3166,EVODEX.2-P3178,EVODEX.2-P3269,EVODEX.2-P3294,EVODEX.2-P3550,EVODEX.2-P3585,EVODEX.2-P3638,EVODEX.2-P3649,EVODEX.2-P3878,EVODEX.2-P424,EVODEX.2-P566,EVODEX.2-P607,EVODEX.2-P700,EVODEX.2-P85,EVODEX.2-P856",73679195776662411728933395318226915168406587887571144118591413886804046347682
EVODEX.2-Bm177,[#8]-[#15:8].[#8:7]-[#1]>>[#8:7]-[#15:8],"EVODEX.2-P1399,EVODEX.2-P1493,EVODEX.2-P1560,EVODEX.2-P1595,EVODEX.2-P1675,EVODEX.2-P1770,EVODEX.2-P1797,EVODEX.2-P1799,EVODEX.2-P1961,EVODEX.2-P2054,EVODEX.2-P2062,EVODEX.2-P2243,EVODEX.2-P2434,EVODEX.2-P2497,EVODEX.2-P2588,EVODEX.2-P2623,EVODEX.2-P2692,EVODEX.2-P2698,EVODEX.2-P2731,EVODEX.2-P2969,EVODEX.2-P3079,EVODEX.2-P3424,EVODEX.2-P3510,EVODEX.2-P3524,EVODEX.2-P3560,EVODEX.2-P3693,EVODEX.2-P4069,EVODEX.2-P451,EVODEX.2-P677,EVODEX.2-P706,EVODEX.2-P841",1125429349197024759460143291961197290265046943771777528301563421430544373955
EVODEX.2-Bm60,[#6:1]-[#8:41].[#15:42]-[#8:36]>>[#6:1]-[#8].[#8:36]-[#1].[#15:42]-[#8:41],"EVODEX.2-P1350,EVODEX.2-P1384,EVODEX.2-P1408,EVODEX.2-P1511,EVODEX.2-P1565,EVODEX.2-P1622,EVODEX.2-P1979,EVODEX.2-P2000,EVODEX.2-P2256,EVODEX.2-P2282,EVODEX.2-P2382,EVODEX.2-P2415,EVODEX.2-P2561,EVODEX.2-P273,EVODEX.2-P2788,EVODEX.2-P2838,EVODEX.2-P2929,EVODEX.2-P3266,EVODEX.2-P3354,EVODEX.2-P3458,EVODEX.2-P3472,EVODEX.2-P3587,EVODEX.2-P3801,EVODEX.2-P3855,EVODEX.2-P4029,EVODEX.2-P4258,EVODEX.2-P70,EVODEX.2-P795,EVODEX.2-P906,EVODEX.2-P99",18651899271912383480632962694700039915119624597543240324864037364792634613445
EVODEX.2-Bm70,[#8:2]=[#6:1]>>[#6:1](-[#8:2]-[#1])-[#1],"EVODEX.2-P117,EVODEX.2-P1217,EVODEX.2-P1241,EVODEX.2-P1330,EVODEX.2-P1459,EVODEX.2-P1496,EVODEX.2-P1501,EVODEX.2-P1605,EVODEX.2-P168,EVODEX.2-P1939,EVODEX.2-P1963,EVODEX.2-P2302,EVODEX.2-P2455,EVODEX.2-P2502,EVODEX.2-P2631,EVODEX.2-P2690,EVODEX.2-P2888,EVODEX.2-P3022,EVODEX.2-P3321,EVODEX.2-P3341,EVODEX.2-P3786,EVODEX.2-P4174,EVODEX.2-P738,EVODEX.2-P847,EVODEX.2-P861,EVODEX.2-P869,EVODEX.2-P91,EVODEX.2-P945,EVODEX.2-P97,EVODEX.2-P989",92636087779053121796834557236431306140812452353210413249525037812096152351157
EVODEX.2-Bm74,[#6:1]-[#8].[#8:9]-[#1].[#15:10]-[#8:2]>>[#6:1]-[#8:2].[#8:9]-[#15:10],"EVODEX.2-P100,EVODEX.2-P1409,EVODEX.2-P1473,EVODEX.2-P152,EVODEX.2-P1837,EVODEX.2-P2085,EVODEX.2-P2171,EVODEX.2-P2254,EVODEX.2-P2283,EVODEX.2-P2289,EVODEX.2-P2305,EVODEX.2-P2563,EVODEX.2-P2697,EVODEX.2-P2789,EVODEX.2-P2870,EVODEX.2-P2873,EVODEX.2-P3136,EVODEX.2-P3221,EVODEX.2-P3238,EVODEX.2-P3459,EVODEX.2-P3691,EVODEX.2-P377,EVODEX.2-P3799,EVODEX.2-P4259,EVODEX.2-P4303,EVODEX.2-P577,EVODEX.2-P584,EVODEX.2-P732,EVODEX.2-P879,EVODEX.2-P981",47727466160138042699539520216177701714121980654532568030457531987292766554407
EVODEX.2-Bm69,[#6:11]1=[#6:16]-[#7:15]-[#6:14]=[#6:13]-[#6:12]-1-[#1].[#8:2]=[#6:1]>>[#6:1](-[#8:2]-[#1])-[#1].[#6:11]1:[#6:12]:[#6:13]:[#6:14]:[#7&+:15]:[#6:16]:1,"EVODEX.2-P1170,EVODEX.2-P1284,EVODEX.2-P1354,EVODEX.2-P1504,EVODEX.2-P1552,EVODEX.2-P1596,EVODEX.2-P167,EVODEX.2-P1768,EVODEX.2-P1775,EVODEX.2-P1931,EVODEX.2-P1933,EVODEX.2-P1995,EVODEX.2-P2018,EVODEX.2-P2086,EVODEX.2-P2121,EVODEX.2-P2387,EVODEX.2-P2939,EVODEX.2-P3662,EVODEX.2-P405,EVODEX.2-P434,EVODEX.2-P489,EVODEX.2-P745,EVODEX.2-P751,EVODEX.2-P764,EVODEX.2-P808,EVODEX.2-P843,EVODEX.2-P867,EVODEX.2-P90,EVODEX.2-P912",46318446806141829410394235417804914926936453362505107960009169231207513972595
EVODEX.2-Bm22,[#8:2]-[#1]>>[#8:2]-[#15],"EVODEX.2-P108,EVODEX.2-P1085,EVODEX.2-P125,EVODEX.2-P1285,EVODEX.2-P1300,EVODEX.2-P2224,EVODEX.2-P2273,EVODEX.2-P23,EVODEX.2-P2417,EVODEX.2-P2624,EVODEX.2-P2693,EVODEX.2-P3080,EVODEX.2-P3276,EVODEX.2-P339,EVODEX.2-P3425,EVODEX.2-P3598,EVODEX.2-P3790,EVODEX.2-P3915,EVODEX.2-P4039,EVODEX.2-P439,EVODEX.2-P625,EVODEX.2-P698,EVODEX.2-P730,EVODEX.2-P767",22170324844123374217005871699740261777835455094640275960357806980514966829432
EVODEX.2-Bm59,[#6:1]-[#8:41].[#8:2]-[#1].[#15:42]-[#8:36]>>[#6:1]-[#8:2].[#8:36]-[#1].[#15:42]-[#8:41],"EVODEX.2-P1301,EVODEX.2-P1361,EVODEX.2-P1383,EVODEX.2-P1635,EVODEX.2-P1830,EVODEX.2-P203,EVODEX.2-P2197,EVODEX.2-P2280,EVODEX.2-P2288,EVODEX.2-P2413,EVODEX.2-P2686,EVODEX.2-P2744,EVODEX.2-P3337,EVODEX.2-P3457,EVODEX.2-P3690,EVODEX.2-P3740,EVODEX.2-P4154,EVODEX.2-P4307,EVODEX.2-P479,EVODEX.2-P548,EVODEX.2-P583,EVODEX.2-P652,EVODEX.2-P69",19228601543201518665858682341513376318928839806627706620265208079397244018106
EVODEX.2-Bm51,[#6:1]-[#8]>>[#6:1]-[#1],"EVODEX.2-P1053,EVODEX.2-P1912,EVODEX.2-P2123,EVODEX.2-P2220,EVODEX.2-P2568,EVODEX.2-P2603,EVODEX.2-P263,EVODEX.2-P281,EVODEX.2-P2844,EVODEX.2-P3174,EVODEX.2-P3625,EVODEX.2-P3782,EVODEX.2-P3873,EVODEX.2-P3951,EVODEX.2-P3999,EVODEX.2-P54,EVODEX.2-P741,EVODEX.2-P780,EVODEX.2-P833,EVODEX.2-P921,EVODEX.2-P995",100490479714449607858841778525016632842364020124048914946308857310718635556948
EVODEX.2-Bm1,([#6:1]-[#8:23].[#8:2]-[#1])>>[#6:1]-[#8:2].[#8:23]-[#1],"EVODEX.2-P1,EVODEX.2-P132,EVODEX.2-P1623,EVODEX.2-P1789,EVODEX.2-P1801,EVODEX.2-P1977,EVODEX.2-P2080,EVODEX.2-P2272,EVODEX.2-P2619,EVODEX.2-P2829,EVODEX.2-P2831,EVODEX.2-P3144,EVODEX.2-P3202,EVODEX.2-P3533,EVODEX.2-P3604,EVODEX.2-P366,EVODEX.2-P3707,EVODEX.2-P573,EVODEX.2-P924,EVODEX.2-P961",80694499011282225360124355450172551142318815192319401308449521178355732651606
EVODEX.2-Bm3,[#6:45](-[#7:52])-[#1].[#6:1]1:[#6:6]:[#6:5]:[#6:4]:[#7&+:3]:[#6:2]:1>>[#6:1]1=[#6:2]-[#7:3]-[#6:4]=[#6:5]-[#6:6]-1-[#1].[#6:45]=[#8].[#7:52]-[#1],"EVODEX.2-P1369,EVODEX.2-P1489,EVODEX.2-P1733,EVODEX.2-P2024,EVODEX.2-P2102,EVODEX.2-P2141,EVODEX.2-P2167,EVODEX.2-P2388,EVODEX.2-P2803,EVODEX.2-P2815,EVODEX.2-P2982,EVODEX.2-P3,EVODEX.2-P3379,EVODEX.2-P3439,EVODEX.2-P3726,EVODEX.2-P4153,EVODEX.2-P4177,EVODEX.2-P4194,EVODEX.2-P659,EVODEX.2-P814",102932587922196232347071031525684357764001996183624094446130370473809754840119
EVODEX.2-Bm14,[#6:1]-[#8:14].[#15]-[#8:2]>>[#6:1]-[#8:2].[#8:14]-[#1],"EVODEX.2-P101,EVODEX.2-P1108,EVODEX.2-P1410,EVODEX.2-P15,EVODEX.2-P2001,EVODEX.2-P2199,EVODEX.2-P2535,EVODEX.2-P3065,EVODEX.2-P338,EVODEX.2-P3410,EVODEX.2-P3460,EVODEX.2-P3606,EVODEX.2-P3677,EVODEX.2-P4222,EVODEX.2-P4241,EVODEX.2-P4261,EVODEX.2-P517,EVODEX.2-P71,EVODEX.2-P796,EVODEX.2-P951",18462002657034823460814059100125882622901370906497003880740270298773397083056
EVODEX.2-Bm37,[#6:11]1=[#6:16]-[#7:15]-[#6:14]=[#6:13]-[#6:12]-1-[#1].[#6:1]=[#8:55].[#7:2]-[#1]>>[#7:2]-[#6:1]-[#1].[#6:11]1:[#6:12]:[#6:13]:[#6:14]:[#7&+:15]:[#6:16]:1.[#8:55](-[#1])-[#1],"EVODEX.2-P1027,EVODEX.2-P1140,EVODEX.2-P1548,EVODEX.2-P1811,EVODEX.2-P1998,EVODEX.2-P2269,EVODEX.2-P2554,EVODEX.2-P3031,EVODEX.2-P3180,EVODEX.2-P3301,EVODEX.2-P3307,EVODEX.2-P3414,EVODEX.2-P3592,EVODEX.2-P3713,EVODEX.2-P3738,EVODEX.2-P38,EVODEX.2-P3813,EVODEX.2-P4129,EVODEX.2-P512,EVODEX.2-P604",83942333753719271224889230192676936844863515407265251986478719018810651337058
EVODEX.2-Bm40,[#6:1]-[#1]>>[#6:1]-[#8],"EVODEX.2-P1701,EVODEX.2-P1827,EVODEX.2-P187,EVODEX.2-P1994,EVODEX.2-P2104,EVODEX.2-P2447,EVODEX.2-P2491,EVODEX.2-P2612,EVODEX.2-P2898,EVODEX.2-P3248,EVODEX.2-P3747,EVODEX.2-P3788,EVODEX.2-P41,EVODEX.2-P415,EVODEX.2-P4210,EVODEX.2-P4296,EVODEX.2-P433,EVODEX.2-P507,EVODEX.2-P937,EVODEX.2-P967",47007241492477915045599378000683694665085824264563207794600373650983877835308
EVODEX.2-Bm43,[#6:1]-[#8:21]-[#1].[#6:11]-[#8:22]-[#1].[#8:13]=[#6:12]>>[#6:1]-[#1].[#6:11]-[#6:12]-[#8:13]-[#1].[#8:21]=[#8:22],"EVODEX.2-P1052,EVODEX.2-P2122,EVODEX.2-P2352,EVODEX.2-P2453,EVODEX.2-P2483,EVODEX.2-P2760,EVODEX.2-P2843,EVODEX.2-P2865,EVODEX.2-P3343,EVODEX.2-P3450,EVODEX.2-P3781,EVODEX.2-P3958,EVODEX.2-P4051,EVODEX.2-P4052,EVODEX.2-P4116,EVODEX.2-P44,EVODEX.2-P458,EVODEX.2-P739,EVODEX.2-P740,EVODEX.2-P803",85668378607419575814506192171128350899004615363535493165627007905772013505694
EVODEX.2-Bm61,[#6:1]-[#8].[#8:26]=[#6:25]>>[#6:1]-[#1].[#6]-[#6:25]-[#8:26]-[#1],"EVODEX.2-P1054,EVODEX.2-P2082,EVODEX.2-P2353,EVODEX.2-P2364,EVODEX.2-P2365,EVODEX.2-P2640,EVODEX.2-P2759,EVODEX.2-P2866,EVODEX.2-P2867,EVODEX.2-P2956,EVODEX.2-P3145,EVODEX.2-P3173,EVODEX.2-P3175,EVODEX.2-P3342,EVODEX.2-P4115,EVODEX.2-P4169,EVODEX.2-P72,EVODEX.2-P742,EVODEX.2-P976,EVODEX.2-P977",26590327355266583475935217090213803007278971883015384087044397820287415009636
EVODEX.2-Bm77,([#8:2]-[#1].[#6:1]-[#8])>>[#6:1]-[#8:2],"EVODEX.2-P105,EVODEX.2-P1147,EVODEX.2-P121,EVODEX.2-P1834,EVODEX.2-P1884,EVODEX.2-P2081,EVODEX.2-P2173,EVODEX.2-P2276,EVODEX.2-P2428,EVODEX.2-P2620,EVODEX.2-P2832,EVODEX.2-P3203,EVODEX.2-P3363,EVODEX.2-P3605,EVODEX.2-P367,EVODEX.2-P3680,EVODEX.2-P3857,EVODEX.2-P612,EVODEX.2-P917,EVODEX.2-P925",73679492584219896449436291093127111432434941645655145931133511005563372089434
EVODEX.2-Bm80,[#6:1]-[#8:24].[#8:2]-[#1]>>[#6:1]-[#8:2].[#15]-[#8:24],"EVODEX.2-P1066,EVODEX.2-P113,EVODEX.2-P1352,EVODEX.2-P1516,EVODEX.2-P1520,EVODEX.2-P154,EVODEX.2-P1923,EVODEX.2-P205,EVODEX.2-P2053,EVODEX.2-P2333,EVODEX.2-P2546,EVODEX.2-P2874,EVODEX.2-P2932,EVODEX.2-P2951,EVODEX.2-P3320,EVODEX.2-P3355,EVODEX.2-P3508,EVODEX.2-P536,EVODEX.2-P669,EVODEX.2-P901",62789536647508135166665282681735729731346264529267038080962892507871604049690
EVODEX.2-Bm84,[#6:1]-[#1].[#6]-[#6:71]-[#8:72]-[#1].[#8:2]=[#8]>>[#6:1]-[#8:2]-[#1].[#8:72]=[#6:71],"EVODEX.2-P126,EVODEX.2-P1633,EVODEX.2-P1773,EVODEX.2-P2209,EVODEX.2-P2248,EVODEX.2-P2391,EVODEX.2-P2610,EVODEX.2-P2613,EVODEX.2-P2787,EVODEX.2-P2905,EVODEX.2-P3153,EVODEX.2-P3316,EVODEX.2-P3482,EVODEX.2-P3615,EVODEX.2-P3910,EVODEX.2-P631,EVODEX.2-P746,EVODEX.2-P936,EVODEX.2-P938,EVODEX.2-P966",26494328445170364371619938684188062061368332657222356867629916658193905253849
EVODEX.2-Bm102,[#6:1]-[#8].[#8:2]-[#1].[#15]-[#8:32]>>[#6:1]-[#8:2].[#8:32]-[#1],"EVODEX.2-P1064,EVODEX.2-P169,EVODEX.2-P204,EVODEX.2-P2042,EVODEX.2-P2281,EVODEX.2-P2414,EVODEX.2-P2466,EVODEX.2-P2622,EVODEX.2-P2752,EVODEX.2-P2767,EVODEX.2-P2810,EVODEX.2-P2927,EVODEX.2-P293,EVODEX.2-P2941,EVODEX.2-P3037,EVODEX.2-P3798,EVODEX.2-P549,EVODEX.2-P576,EVODEX.2-P707,EVODEX.2-P980",21533645165605246309760668686016521657768578594374251725757884374486672618073
EVODEX.2-Bm111,[#6:1]-[#1].[#6:57]-[#6:65]-[#8:66]-[#1]>>[#6:1]-[#8].[#6:57]-[#8].[#8:66]=[#6:65],"EVODEX.2-P1430,EVODEX.2-P1431,EVODEX.2-P1457,EVODEX.2-P1702,EVODEX.2-P1704,EVODEX.2-P1774,EVODEX.2-P1828,EVODEX.2-P193,EVODEX.2-P2004,EVODEX.2-P2105,EVODEX.2-P2191,EVODEX.2-P2210,EVODEX.2-P2427,EVODEX.2-P3526,EVODEX.2-P3600,EVODEX.2-P416,EVODEX.2-P417,EVODEX.2-P748,EVODEX.2-P909,EVODEX.2-P968",53688279120827829111125291229919759964215145628309285198980306040401584718731
EVODEX.2-Bm112,([#6:1]-[#8:63].[#8:4]-[#1])>>([#6:1]-[#8].[#8:4]-[#6]).[#8:63]-[#1],"EVODEX.2-P1169,EVODEX.2-P1201,EVODEX.2-P1245,EVODEX.2-P1307,EVODEX.2-P1584,EVODEX.2-P1825,EVODEX.2-P199,EVODEX.2-P2044,EVODEX.2-P2201,EVODEX.2-P2862,EVODEX.2-P3346,EVODEX.2-P3428,EVODEX.2-P3661,EVODEX.2-P3785,EVODEX.2-P3841,EVODEX.2-P3843,EVODEX.2-P4198,EVODEX.2-P4203,EVODEX.2-P432,EVODEX.2-P896",31311142261065795552011050825674552767719360047291423164173195418595644664879
EVODEX.2-Bm123,[#16]-[#6:30]>>[#6:30]-[#8],"EVODEX.2-P1006,EVODEX.2-P1104,EVODEX.2-P1650,EVODEX.2-P1657,EVODEX.2-P1795,EVODEX.2-P1927,EVODEX.2-P221,EVODEX.2-P2343,EVODEX.2-P242,EVODEX.2-P246,EVODEX.2-P2895,EVODEX.2-P3563,EVODEX.2-P3597,EVODEX.2-P3699,EVODEX.2-P3864,EVODEX.2-P3903,EVODEX.2-P4272,EVODEX.2-P598,EVODEX.2-P601,EVODEX.2-P624",87735106707491724320060910278260105237184350274038579465325813547776740954358
EVODEX.2-Bm128,[#6:17]1=[#6:22]-[#7:21]-[#6:20]=[#6:19]-[#6:18]-1-[#1].[#6:1]=[#8].[#7:2]-[#1]>>[#7:2]-[#6:1]-[#1].[#6:17]1:[#6:18]:[#6:19]:[#6:20]:[#7&+:21]:[#6:22]:1,"EVODEX.2-P1028,EVODEX.2-P1531,EVODEX.2-P1549,EVODEX.2-P1588,EVODEX.2-P2100,EVODEX.2-P2136,EVODEX.2-P2178,EVODEX.2-P235,EVODEX.2-P2593,EVODEX.2-P2608,EVODEX.2-P2912,EVODEX.2-P3415,EVODEX.2-P3613,EVODEX.2-P3739,EVODEX.2-P3831,EVODEX.2-P3838,EVODEX.2-P3880,EVODEX.2-P3887,EVODEX.2-P570,EVODEX.2-P979",32942318384444982772565680223474678296695734705296234395795659516911821942475
EVODEX.2-Bm157,[#16]-[#6:30].[#7:31]-[#1]>>[#6:30]-[#7:31],"EVODEX.2-P1291,EVODEX.2-P1334,EVODEX.2-P1526,EVODEX.2-P2051,EVODEX.2-P2236,EVODEX.2-P2451,EVODEX.2-P2452,EVODEX.2-P2775,EVODEX.2-P3185,EVODEX.2-P322,EVODEX.2-P3226,EVODEX.2-P343,EVODEX.2-P3630,EVODEX.2-P4263,EVODEX.2-P4280,EVODEX.2-P553,EVODEX.2-P569,EVODEX.2-P760,EVODEX.2-P849,EVODEX.2-P910",111888300758890429220995780424892021996780855184235059780533656553953439606130
EVODEX.2-Bm175,[#6:1]-[#8]>>[#16]-[#6:1],"EVODEX.2-P1015,EVODEX.2-P1444,EVODEX.2-P1475,EVODEX.2-P1561,EVODEX.2-P1629,EVODEX.2-P1756,EVODEX.2-P2006,EVODEX.2-P2185,EVODEX.2-P2429,EVODEX.2-P2600,EVODEX.2-P2933,EVODEX.2-P3012,EVODEX.2-P3078,EVODEX.2-P3487,EVODEX.2-P3644,EVODEX.2-P3745,EVODEX.2-P3764,EVODEX.2-P4214,EVODEX.2-P437,EVODEX.2-P595",56200150341805170088900911775021827719961325112891931265968104574106231290514
EVODEX.2-Bm179,[#6:45](-[#7:51])-[#1].[#6:1]1:[#6:6]:[#6:5]:[#6:4]:[#7&+:3]:[#6:2]:1.[#8:46](-[#1])-[#1]>>[#6:1]1=[#6:2]-[#7:3]-[#6:4]=[#6:5]-[#6:6]-1-[#1].[#6:45]=[#8:46].[#7:51]-[#1],"EVODEX.2-P1042,EVODEX.2-P1238,EVODEX.2-P1296,EVODEX.2-P1498,EVODEX.2-P1681,EVODEX.2-P1688,EVODEX.2-P1943,EVODEX.2-P2267,EVODEX.2-P2318,EVODEX.2-P2728,EVODEX.2-P3322,EVODEX.2-P3392,EVODEX.2-P3493,EVODEX.2-P3686,EVODEX.2-P3725,EVODEX.2-P3794,EVODEX.2-P4175,EVODEX.2-P4191,EVODEX.2-P4268,EVODEX.2-P456",56444382419584433190616211790892006576601509679460347237700383028113230838192
EVODEX.2-Bm199,[#6:1]-[#7:44]>>[#16]-[#6:1].[#7:44]-[#1],"EVODEX.2-P1266,EVODEX.2-P1461,EVODEX.2-P1575,EVODEX.2-P1978,EVODEX.2-P2012,EVODEX.2-P2287,EVODEX.2-P2407,EVODEX.2-P2509,EVODEX.2-P2553,EVODEX.2-P2654,EVODEX.2-P2673,EVODEX.2-P3112,EVODEX.2-P3643,EVODEX.2-P3753,EVODEX.2-P559,EVODEX.2-P628,EVODEX.2-P853,EVODEX.2-P943,EVODEX.2-P956,EVODEX.2-P970",57282973601712430226342451459076808401689691717762975984489661326050353853203
EVODEX.2-Bm88,[#8:5]-[#1].[#15:6]-[#8:1]>>[#8:1]-[#1].[#15:6]-[#8:5],"EVODEX.2-P134,EVODEX.2-P1624,EVODEX.2-P2215,EVODEX.2-P2461,EVODEX.2-P2691,EVODEX.2-P2738,EVODEX.2-P2945,EVODEX.2-P3003,EVODEX.2-P3409,EVODEX.2-P3446,EVODEX.2-P386,EVODEX.2-P3978,EVODEX.2-P4122,EVODEX.2-P4157,EVODEX.2-P4165,EVODEX.2-P4237,EVODEX.2-P618,EVODEX.2-P666",37141470190427326423367471009004971988206686681938683624626776693623145863038
EVODEX.2-Bm107,[#15]-[#8:17]>>[#8:17]-[#1],"EVODEX.2-P1141,EVODEX.2-P1515,EVODEX.2-P185,EVODEX.2-P1917,EVODEX.2-P1922,EVODEX.2-P1980,EVODEX.2-P2127,EVODEX.2-P2538,EVODEX.2-P302,EVODEX.2-P3800,EVODEX.2-P3829,EVODEX.2-P4042,EVODEX.2-P540,EVODEX.2-P754,EVODEX.2-P816,EVODEX.2-P948",29204625217999108806325072481471820780780391943239782829615983903456378811262
EVODEX.2-Bm113,[#8:1]-[#15:31]>>[#8:1]-[#1].[#8]-[#15:31],"EVODEX.2-P1062,EVODEX.2-P1340,EVODEX.2-P1437,EVODEX.2-P1543,EVODEX.2-P1836,EVODEX.2-P1981,EVODEX.2-P200,EVODEX.2-P2144,EVODEX.2-P2450,EVODEX.2-P2462,EVODEX.2-P2539,EVODEX.2-P2979,EVODEX.2-P3032,EVODEX.2-P3494,EVODEX.2-P4070,EVODEX.2-P4225",34198348511061322994042745816805195449028376995243190634540405040633166033386
EVODEX.2-Bm4,[#6:45](-[#7])-[#1].[#6:1]1:[#6:6]:[#6:5]:[#6:4]:[#7&+:3]:[#6:2]:1>>[#6:1]1=[#6:2]-[#7:3]-[#6:4]=[#6:5]-[#6:6]-1-[#1].[#6:45]=[#8],"EVODEX.2-P1207,EVODEX.2-P1239,EVODEX.2-P177,EVODEX.2-P1990,EVODEX.2-P2025,EVODEX.2-P2168,EVODEX.2-P2804,EVODEX.2-P2816,EVODEX.2-P3394,EVODEX.2-P360,EVODEX.2-P3688,EVODEX.2-P4,EVODEX.2-P412,EVODEX.2-P4178,EVODEX.2-P851",7307446095321240604337123616691604668707543971767745730793610095117350958344
EVODEX.2-Bm20,[#7:15]-[#6:1]-[#1].[#8:2](-[#1])-[#1].[#8:16]=[#8:17]>>[#6:1]=[#8:2].[#7:15]-[#1].[#8:16](-[#8:17]-[#1])-[#1],"EVODEX.2-P1370,EVODEX.2-P1469,EVODEX.2-P1636,EVODEX.2-P1728,EVODEX.2-P1947,EVODEX.2-P21,EVODEX.2-P2463,EVODEX.2-P2724,EVODEX.2-P2726,EVODEX.2-P2800,EVODEX.2-P3401,EVODEX.2-P3708,EVODEX.2-P3853,EVODEX.2-P871,EVODEX.2-P958",100300846209598409253640995725049666186245482355285467001930128426221652017835
EVODEX.2-Bm38,[#6:11]1=[#6:16]-[#7:15]-[#6:14]=[#6:13]-[#6:12]-1-[#1].[#6:1]=[#8:55]>>[#7]-[#6:1]-[#1].[#6:11]1:[#6:12]:[#6:13]:[#6:14]:[#7&+:15]:[#6:16]:1.[#8:55](-[#1])-[#1],"EVODEX.2-P1067,EVODEX.2-P1389,EVODEX.2-P1589,EVODEX.2-P2594,EVODEX.2-P2656,EVODEX.2-P279,EVODEX.2-P2860,EVODEX.2-P2913,EVODEX.2-P2999,EVODEX.2-P3651,EVODEX.2-P3714,EVODEX.2-P3720,EVODEX.2-P39,EVODEX.2-P3934,EVODEX.2-P571",51431680239037312097741240782014900379489876312359651480319744236985299529930
EVODEX.2-Bm39,[#6:11]1=[#6:16]-[#7:15]-[#6:14]=[#6:13]-[#6:12]-1-[#1].[#6:1]=[#8]>>[#7]-[#6:1]-[#1].[#6:11]1:[#6:12]:[#6:13]:[#6:14]:[#7&+:15]:[#6:16]:1,"EVODEX.2-P1068,EVODEX.2-P1323,EVODEX.2-P1390,EVODEX.2-P1532,EVODEX.2-P2270,EVODEX.2-P238,EVODEX.2-P2595,EVODEX.2-P274,EVODEX.2-P3237,EVODEX.2-P3306,EVODEX.2-P3308,EVODEX.2-P3479,EVODEX.2-P40,EVODEX.2-P4289,EVODEX.2-P737",14805041307853737245133121930606503968181921527015366150174208214787472199238
EVODEX.2-Bm50,[#6:1](-[#8:2]-[#1])-[#1].[#8:35]=[#8:36]>>[#8:2]=[#6:1].[#8:35](-[#8:36]-[#1])-[#1],"EVODEX.2-P118,EVODEX.2-P1458,EVODEX.2-P1495,EVODEX.2-P1818,EVODEX.2-P1880,EVODEX.2-P198,EVODEX.2-P2073,EVODEX.2-P2186,EVODEX.2-P2853,EVODEX.2-P2918,EVODEX.2-P303,EVODEX.2-P3270,EVODEX.2-P3387,EVODEX.2-P3895,EVODEX.2-P52",72141083289336535260561581497232047985345280831256536696847981222315761537110
EVODEX.2-Bm57,[#6:1]=[#8].[#7:2]-[#1].[#8:14](-[#8:15]-[#1])-[#1]>>[#6:1](-[#7:2])-[#1].[#8:14]=[#8:15],"EVODEX.2-P1535,EVODEX.2-P1873,EVODEX.2-P2246,EVODEX.2-P2665,EVODEX.2-P3246,EVODEX.2-P3359,EVODEX.2-P3567,EVODEX.2-P3653,EVODEX.2-P3823,EVODEX.2-P3953,EVODEX.2-P4219,EVODEX.2-P4243,EVODEX.2-P509,EVODEX.2-P63,EVODEX.2-P839",71241137177352270793282122213303193178600818469012350471838031267504359356412
EVODEX.2-Bm63,[#8:1]-[#6:2].[#8:3]-[#1]>>([#8:1]-[#1].[#6:2]-[#8:3]),"EVODEX.2-P1338,EVODEX.2-P1394,EVODEX.2-P1407,EVODEX.2-P171,EVODEX.2-P2456,EVODEX.2-P2842,EVODEX.2-P2889,EVODEX.2-P3217,EVODEX.2-P323,EVODEX.2-P3311,EVODEX.2-P379,EVODEX.2-P3929,EVODEX.2-P687,EVODEX.2-P74,EVODEX.2-P75",3564169289053430649585045644111616882601561166245159689974513057584003867959
EVODEX.2-Bm64,[#8:1]-[#6:2]>>([#8:1]-[#1].[#6:2]-[#8]),"EVODEX.2-P1116,EVODEX.2-P1432,EVODEX.2-P1525,EVODEX.2-P1936,EVODEX.2-P2457,EVODEX.2-P2482,EVODEX.2-P2890,EVODEX.2-P3149,EVODEX.2-P3218,EVODEX.2-P3312,EVODEX.2-P3421,EVODEX.2-P3602,EVODEX.2-P380,EVODEX.2-P4132,EVODEX.2-P76",32483815335019499351125171639761969571269678559970616016274620349086015605571
EVODEX.2-Bm73,[#7:6]-[#6:1]-[#1].[#8:19]=[#8:20]>>[#6:1]=[#8].[#7:6]-[#1].[#8:19](-[#8:20]-[#1])-[#1],"EVODEX.2-P1122,EVODEX.2-P1637,EVODEX.2-P1645,EVODEX.2-P1663,EVODEX.2-P1729,EVODEX.2-P2464,EVODEX.2-P2953,EVODEX.2-P3433,EVODEX.2-P3572,EVODEX.2-P3709,EVODEX.2-P3973,EVODEX.2-P3990,EVODEX.2-P4044,EVODEX.2-P585,EVODEX.2-P96",61631813984608290555357031230463671419163534115968610840612319303297155506919
EVODEX.2-Bm101,[#16]-[#6:49].[#15]-[#8:50]>>[#6:49]-[#8:50],"EVODEX.2-P1005,EVODEX.2-P1583,EVODEX.2-P166,EVODEX.2-P1706,EVODEX.2-P2010,EVODEX.2-P229,EVODEX.2-P2406,EVODEX.2-P245,EVODEX.2-P3208,EVODEX.2-P3340,EVODEX.2-P3557,EVODEX.2-P4001,EVODEX.2-P4021,EVODEX.2-P658,EVODEX.2-P722",82509563864582201409680829468617800579561076277398852011923790464308310684983
EVODEX.2-Bm117,[#6:49](-[#7])-[#1].[#6:1]1:[#6:6]:[#6:5]:[#6:4]:[#7&+:3]:[#6:2]:1.[#8:50](-[#1])-[#1]>>[#6:1]1=[#6:2]-[#7:3]-[#6:4]=[#6:5]-[#6:6]-1-[#1].[#6:49]=[#8:50],"EVODEX.2-P1133,EVODEX.2-P1190,EVODEX.2-P1499,EVODEX.2-P1689,EVODEX.2-P209,EVODEX.2-P2319,EVODEX.2-P2496,EVODEX.2-P3393,EVODEX.2-P3442,EVODEX.2-P359,EVODEX.2-P3687,EVODEX.2-P3728,EVODEX.2-P4152,EVODEX.2-P4176,EVODEX.2-P974",105698125681612772042173765838559656386155256326170604089813887370241441808920
EVODEX.2-Bm130,[#16]-[#6:30].[#15:39]-[#8:31]>>[#6:30]-[#8:31].[#8]-[#15:39],"EVODEX.2-P1829,EVODEX.2-P1881,EVODEX.2-P2009,EVODEX.2-P2394,EVODEX.2-P244,EVODEX.2-P2498,EVODEX.2-P2963,EVODEX.2-P3207,EVODEX.2-P321,EVODEX.2-P3779,EVODEX.2-P393,EVODEX.2-P4000,EVODEX.2-P4020,EVODEX.2-P623,EVODEX.2-P721",5787206316527616681291096128656430961864169282761596394793778567693063761657
EVODEX.2-Bm133,[#6:1]-[#1].[#6:50]1=[#6:55]-[#7:54]-[#6:53]=[#6:52]-[#6:51]-1-[#1]>>[#6:1]-[#8].[#6:50]1:[#6:51]:[#6:52]:[#6:53]:[#7&+:54]:[#6:55]:1,"EVODEX.2-P1711,EVODEX.2-P250,EVODEX.2-P2743,EVODEX.2-P2917,EVODEX.2-P2998,EVODEX.2-P3201,EVODEX.2-P3239,EVODEX.2-P3353,EVODEX.2-P3455,EVODEX.2-P3789,EVODEX.2-P401,EVODEX.2-P4212,EVODEX.2-P582,EVODEX.2-P759,EVODEX.2-P810",89638890308319155499252382833920801392259772837816137475027802310939432580301
EVODEX.2-Bm139,[#16:2]-[#1].[#7]-[#6:1]>>[#16:2]-[#6:1],"EVODEX.2-P1234,EVODEX.2-P1262,EVODEX.2-P1277,EVODEX.2-P1539,EVODEX.2-P1996,EVODEX.2-P2029,EVODEX.2-P2231,EVODEX.2-P260,EVODEX.2-P2793,EVODEX.2-P3134,EVODEX.2-P3383,EVODEX.2-P3384,EVODEX.2-P3453,EVODEX.2-P3879,EVODEX.2-P609",21180814115507840501895342593838415013911335422425468980698121886714138526353
EVODEX.2-Bm144,[#6:1]-[#8].[#6:26]1=[#6:31]-[#7:30]-[#6:29]=[#6:28]-[#6:27]-1-[#1]>>[#6:1]-[#1].[#6:26]1:[#6:27]:[#6:28]:[#6:29]:[#7&+:30]:[#6:31]:1,"EVODEX.2-P1144,EVODEX.2-P1246,EVODEX.2-P1247,EVODEX.2-P1414,EVODEX.2-P1653,EVODEX.2-P2501,EVODEX.2-P2770,EVODEX.2-P280,EVODEX.2-P2841,EVODEX.2-P2881,EVODEX.2-P334,EVODEX.2-P3675,EVODEX.2-P3724,EVODEX.2-P4032,EVODEX.2-P4173",21925676101420962909686845979760012096940618929350516785666533028121334043496
EVODEX.2-Bm155,[#16:1]-[#6:30]>>[#16:1]-[#1].[#7]-[#6:30],"EVODEX.2-P1269,EVODEX.2-P1271,EVODEX.2-P1319,EVODEX.2-P1572,EVODEX.2-P1822,EVODEX.2-P1856,EVODEX.2-P2237,EVODEX.2-P308,EVODEX.2-P3319,EVODEX.2-P344,EVODEX.2-P3512,EVODEX.2-P4096,EVODEX.2-P4106,EVODEX.2-P425,EVODEX.2-P703",39481847593464116948552891741454256055045939043491057688115624700032110311442
EVODEX.2-Bm159,[#6:1]=[#8:14].[#7:2]-[#1].[#8:15](-[#8:16]-[#1])-[#1]>>[#6:1](-[#7:2])-[#1].[#8:14](-[#1])-[#1].[#8:15]=[#8:16],"EVODEX.2-P1002,EVODEX.2-P1326,EVODEX.2-P1534,EVODEX.2-P1611,EVODEX.2-P1892,EVODEX.2-P2556,EVODEX.2-P2732,EVODEX.2-P2976,EVODEX.2-P3244,EVODEX.2-P352,EVODEX.2-P3822,EVODEX.2-P3952,EVODEX.2-P403,EVODEX.2-P4218,EVODEX.2-P613",68498264637164602881442129238871701107952325145043584928452043241349905504337
EVODEX.2-Bm172,[#6:1]-[#8:61]>>[#16]-[#6:1].[#15]-[#8:61],"EVODEX.2-P1381,EVODEX.2-P1388,EVODEX.2-P1690,EVODEX.2-P2017,EVODEX.2-P2234,EVODEX.2-P2395,EVODEX.2-P2479,EVODEX.2-P2796,EVODEX.2-P3122,EVODEX.2-P3664,EVODEX.2-P3665,EVODEX.2-P4081,EVODEX.2-P410,EVODEX.2-P505,EVODEX.2-P683",59431962180255100859831005729680406047329526322027440337332098222739688541034
EVODEX.2-Bm178,[#6:49]-[#16:1].[#7:50]-[#1]>>[#16:1]-[#1].[#6:49]-[#7:50],"EVODEX.2-P1267,EVODEX.2-P1290,EVODEX.2-P1311,EVODEX.2-P1644,EVODEX.2-P1810,EVODEX.2-P2048,EVODEX.2-P2560,EVODEX.2-P2756,EVODEX.2-P2774,EVODEX.2-P2876,EVODEX.2-P3179,EVODEX.2-P3828,EVODEX.2-P3971,EVODEX.2-P454,EVODEX.2-P588",3466131862577912442527100162140485930016934362667039216494009649511155679046
EVODEX.2-Bm192,[#6:1]-[#8].[#15]-[#8:34]>>[#16]-[#6:1].[#8:34]-[#1],"EVODEX.2-P1014,EVODEX.2-P1131,EVODEX.2-P1347,EVODEX.2-P1387,EVODEX.2-P1438,EVODEX.2-P1471,EVODEX.2-P1807,EVODEX.2-P2140,EVODEX.2-P2748,EVODEX.2-P3116,EVODEX.2-P3120,EVODEX.2-P4037,EVODEX.2-P4080,EVODEX.2-P504,EVODEX.2-P773",39302233932493638811396734336301629066341692937894414554164547256569773889129
EVODEX.2-Bm202,[#6:49]-[#16:1]>>[#16:1]-[#1].[#8]-[#6:49],"EVODEX.2-P1102,EVODEX.2-P1205,EVODEX.2-P1416,EVODEX.2-P1567,EVODEX.2-P1651,EVODEX.2-P1928,EVODEX.2-P2019,EVODEX.2-P2072,EVODEX.2-P2284,EVODEX.2-P2542,EVODEX.2-P3156,EVODEX.2-P3632,EVODEX.2-P599,EVODEX.2-P656,EVODEX.2-P933",3985254742219572232850982650605214049763413594563797276445832980427043179751
EVODEX.2-Bm212,[#16:2]-[#1].[#7:52]-[#6:1]>>[#6:1]-[#16:2].[#7:52]-[#1],"EVODEX.2-P1573,EVODEX.2-P1715,EVODEX.2-P1833,EVODEX.2-P1835,EVODEX.2-P1897,EVODEX.2-P2258,EVODEX.2-P3214,EVODEX.2-P3273,EVODEX.2-P3280,EVODEX.2-P3296,EVODEX.2-P3452,EVODEX.2-P3642,EVODEX.2-P3650,EVODEX.2-P684,EVODEX.2-P969",87810998988053071536188544683748189772359361806893241191503077914154143102182
EVODEX.2-Bm251,[#16:2]-[#1].[#6:1]-[#8]>>[#16:2]-[#6:1],"EVODEX.2-P1545,EVODEX.2-P1752,EVODEX.2-P1755,EVODEX.2-P2005,EVODEX.2-P2418,EVODEX.2-P2696,EVODEX.2-P2746,EVODEX.2-P2968,EVODEX.2-P3090,EVODEX.2-P3193,EVODEX.2-P3417,EVODEX.2-P3577,EVODEX.2-P3744,EVODEX.2-P3917,EVODEX.2-P4293",103898039359027655054110011194873617738575394667529900718084668681250573457160
EVODEX.2-Bm114,[#6:45](-[#6:46]-[#1])-[#1]>>[#6:45]=[#6:46],"EVODEX.2-P2008,EVODEX.2-P202,EVODEX.2-P2128,EVODEX.2-P2537,EVODEX.2-P254,EVODEX.2-P2901,EVODEX.2-P3017,EVODEX.2-P3085,EVODEX.2-P491,EVODEX.2-P551,EVODEX.2-P608,EVODEX.2-P639,EVODEX.2-P715,EVODEX.2-P854",2992974461668753568028126448890055184574558166912964623682276738451705729790
EVODEX.2-Bm164,[#6:1]-[#8:24].[#8:39]-[#1]>>[#6:1]-[#8].[#8:24]-[#1].[#8:39]-[#15],"EVODEX.2-P1302,EVODEX.2-P2007,EVODEX.2-P2138,EVODEX.2-P2324,EVODEX.2-P2371,EVODEX.2-P2442,EVODEX.2-P3067,EVODEX.2-P3411,EVODEX.2-P3511,EVODEX.2-P3679,EVODEX.2-P383,EVODEX.2-P952",112341640699454977441798567900853626808929864602908419430858799014092430609715
EVODEX.2-Bm165,[#16]-[#6:30].[#8:40]-[#1]>>[#6:30]-[#8].[#8:40]-[#15],"EVODEX.2-P1295,EVODEX.2-P1555,EVODEX.2-P1568,EVODEX.2-P2143,EVODEX.2-P2499,EVODEX.2-P2507,EVODEX.2-P2893,EVODEX.2-P2937,EVODEX.2-P3780,EVODEX.2-P3824,EVODEX.2-P384,EVODEX.2-P3896",11290582400129538920778512215685728087284976376240798514423352461944648121639
EVODEX.2-Bm2,[#6:22]1=[#6:27]-[#7:26]-[#6:25]=[#6:24]-[#6:23]-1-[#1].[#6:1]=[#6:2]>>[#6:1](-[#6:2]-[#1])-[#1].[#6:22]1:[#6:23]:[#6:24]:[#6:25]:[#7&+:26]:[#6:27]:1,"EVODEX.2-P1070,EVODEX.2-P1576,EVODEX.2-P1632,EVODEX.2-P183,EVODEX.2-P2,EVODEX.2-P201,EVODEX.2-P2111,EVODEX.2-P315,EVODEX.2-P471,EVODEX.2-P476,EVODEX.2-P660",5972488264466940638621695341917061920095784510043049125987518756094644256361
EVODEX.2-Bm184,[#6:1]-[#8:45].[#15:46]-[#8]>>[#16]-[#6:1].[#15:46]-[#8:45],"EVODEX.2-P1468,EVODEX.2-P1723,EVODEX.2-P1950,EVODEX.2-P2337,EVODEX.2-P2749,EVODEX.2-P2777,EVODEX.2-P3279,EVODEX.2-P3315,EVODEX.2-P3760,EVODEX.2-P3949,EVODEX.2-P466",88442116652402695626713887590242285289875471397788492761845295256530362000166
EVODEX.2-Bm6,[#6:49]-[#16:1].[#6:50]-[#6]>>[#16:1]-[#1].[#6:49]-[#6:50],"EVODEX.2-P1115,EVODEX.2-P12,EVODEX.2-P1693,EVODEX.2-P2274,EVODEX.2-P2445,EVODEX.2-P3223,EVODEX.2-P448,EVODEX.2-P562,EVODEX.2-P6,EVODEX.2-P919",59487434297853315257816365723138937202286591471071643376389282015359034770723
EVODEX.2-Bm10,[#6:1]-[#6]>>[#6:1]-[#16],"EVODEX.2-P10,EVODEX.2-P1094,EVODEX.2-P1276,EVODEX.2-P1279,EVODEX.2-P222,EVODEX.2-P2765,EVODEX.2-P2879,EVODEX.2-P3006,EVODEX.2-P679,EVODEX.2-P80",1429665858532052585359361955779326731697539941318712208997473080198393556781
EVODEX.2-Bm18,[#6:49]-[#16:1].[#15]-[#8:50]>>[#16:1]-[#1].[#6:49]-[#8:50],"EVODEX.2-P1554,EVODEX.2-P165,EVODEX.2-P19,EVODEX.2-P2405,EVODEX.2-P3131,EVODEX.2-P3206,EVODEX.2-P3254,EVODEX.2-P3698,EVODEX.2-P4019,EVODEX.2-P518",34069605480592906000847348929743779766398792701442976282059799555064214930061
EVODEX.2-Bm23,[#15:21]-[#8:2]>>[#6]-[#8:2].[#15:21]-[#8],"EVODEX.2-P1233,EVODEX.2-P1405,EVODEX.2-P1472,EVODEX.2-P1673,EVODEX.2-P1805,EVODEX.2-P2194,EVODEX.2-P24,EVODEX.2-P2720,EVODEX.2-P477,EVODEX.2-P832",40711064206559448392162932096230536848921218485754686064319097670499877564907
EVODEX.2-Bm27,[#6:1]-[#8:68]-[#1].[#6:24]1:[#6:29]:[#6:28]:[#6:27]:[#7&+:26]:[#6:25]:1.[#8:69](-[#1])-[#1]>>[#6:1]-[#1].[#6:24]1=[#6:25]-[#7:26]-[#6:27]=[#6:28]-[#6:29]-1-[#1].[#8:68]=[#8:69],"EVODEX.2-P1411,EVODEX.2-P226,EVODEX.2-P262,EVODEX.2-P28,EVODEX.2-P2880,EVODEX.2-P2900,EVODEX.2-P333,EVODEX.2-P3674,EVODEX.2-P4145,EVODEX.2-P53",58102260239377025772083515357568233182463969412904284213010179202143918731016
EVODEX.2-Bm28,[#6:1]-[#8:68]-[#1].[#6:24]1:[#6:29]:[#6:28]:[#6:27]:[#7&+:26]:[#6:25]:1>>[#6:1]-[#1].[#6:24]1=[#6:25]-[#7:26]-[#6:27]=[#6:28]-[#6:29]-1-[#1].[#8:68]=[#8],"EVODEX.2-P1652,EVODEX.2-P1662,EVODEX.2-P227,EVODEX.2-P2569,EVODEX.2-P265,EVODEX.2-P29,EVODEX.2-P3477,EVODEX.2-P3723,EVODEX.2-P4031,EVODEX.2-P4146",73181418606036257439019358386739088887737402440934223952428754151041242004892
EVODEX.2-Bm31,[#6:52](-[#8:53]-[#1])-[#6]>>[#6:52]=[#8:53],"EVODEX.2-P1001,EVODEX.2-P1607,EVODEX.2-P1785,EVODEX.2-P1890,EVODEX.2-P2472,EVODEX.2-P2988,EVODEX.2-P3095,EVODEX.2-P318,EVODEX.2-P32,EVODEX.2-P474",37048798619214417916365312886586279161990303200530979095074567085525700955874
EVODEX.2-Bm41,[#6:1](-[#6:2]=[#6:3])-[#1].[#8:4]=[#8:5]>>[#6:1]=[#6:2]-[#6:3]-[#8:4]-[#8:5]-[#1],"EVODEX.2-P1208,EVODEX.2-P146,EVODEX.2-P2125,EVODEX.2-P230,EVODEX.2-P2962,EVODEX.2-P3405,EVODEX.2-P3663,EVODEX.2-P3718,EVODEX.2-P42,EVODEX.2-P844",113907209509790722808236120323889475182645987337133719737425656650426310822009
EVODEX.2-Bm47,[#7]-[#6:1]-[#7:5].[#8:2](-[#1])-[#1]>>[#8:2]=[#6:1].[#7:5]-[#1],"EVODEX.2-P1125,EVODEX.2-P1142,EVODEX.2-P1815,EVODEX.2-P1862,EVODEX.2-P2980,EVODEX.2-P2981,EVODEX.2-P3582,EVODEX.2-P4200,EVODEX.2-P48,EVODEX.2-P704",22490171640882927176308839507963586159399263766771395915161698716193899319554
EVODEX.2-Bm48,[#7]-[#6:1]-[#7:5]>>[#8]=[#6:1].[#7:5]-[#1],"EVODEX.2-P1860,EVODEX.2-P1861,EVODEX.2-P2294,EVODEX.2-P2326,EVODEX.2-P2973,EVODEX.2-P3360,EVODEX.2-P3362,EVODEX.2-P3583,EVODEX.2-P49,EVODEX.2-P603",30993394519288119215893246265452054818510757711186416401079744417930620699761
EVODEX.2-Bm66,[#6:49]-[#1].[#6:50]-[#16:1]>>[#16:1]-[#1].[#6:50]-[#6:49],"EVODEX.2-P1155,EVODEX.2-P1358,EVODEX.2-P147,EVODEX.2-P2030,EVODEX.2-P2217,EVODEX.2-P295,EVODEX.2-P3188,EVODEX.2-P3286,EVODEX.2-P3556,EVODEX.2-P78",27848841754609899274712886319634589236255623577317079391208153625391066125276
EVODEX.2-Bm67,[#16:53]-[#1].[#6:52]-[#6]>>[#6:52]-[#16:53],"EVODEX.2-P1724,EVODEX.2-P1730,EVODEX.2-P2075,EVODEX.2-P2113,EVODEX.2-P2835,EVODEX.2-P299,EVODEX.2-P3251,EVODEX.2-P678,EVODEX.2-P79,EVODEX.2-P881",110831870947704326043082227817531194032174167342003144350162532907070147423013
EVODEX.2-Bm81,[#16:2]-[#1].[#6:1]-[#6:80]>>[#6:1]-[#16:2].[#6:80]-[#6],"EVODEX.2-P1093,EVODEX.2-P114,EVODEX.2-P1838,EVODEX.2-P2064,EVODEX.2-P2592,EVODEX.2-P2596,EVODEX.2-P2836,EVODEX.2-P3164,EVODEX.2-P463,EVODEX.2-P670",51310939125274800813045974339515889133732026368307958765052037169654454502176
EVODEX.2-Bm82,[#6:1]-[#8].[#6:60]-[#8]>>[#6:1]-[#1].[#6:60]-[#6],"EVODEX.2-P115,EVODEX.2-P1749,EVODEX.2-P2643,EVODEX.2-P2721,EVODEX.2-P2869,EVODEX.2-P3176,EVODEX.2-P3654,EVODEX.2-P3704,EVODEX.2-P3783,EVODEX.2-P619",40857216739917313060114102624878182398548248284489049488920180978167553552687
EVODEX.2-Bm83,[#6:49]-[#16]>>[#6:49]-[#6],"EVODEX.2-P1057,EVODEX.2-P1157,EVODEX.2-P1188,EVODEX.2-P123,EVODEX.2-P2897,EVODEX.2-P3569,EVODEX.2-P3570,EVODEX.2-P4275,EVODEX.2-P493,EVODEX.2-P829",92788826086653004781322233690084861215920501102103989964347647199165669984213
EVODEX.2-Bm85,[#6:1]-[#1].[#6:63]-[#6]>>[#6:1]-[#8].[#6:63]-[#8],"EVODEX.2-P127,EVODEX.2-P1703,EVODEX.2-P1841,EVODEX.2-P2251,EVODEX.2-P2426,EVODEX.2-P3250,EVODEX.2-P3483,EVODEX.2-P3601,EVODEX.2-P647,EVODEX.2-P997",34627110960407390425110856020696238643403093121245889130183428932969049018802
EVODEX.2-Bm99,[#6:1]=[#8:11].[#8:12](-[#8:13]-[#1])-[#1]>>[#6:1](-[#7])-[#1].[#8:11](-[#1])-[#1].[#8:12]=[#8:13],"EVODEX.2-P159,EVODEX.2-P1612,EVODEX.2-P1896,EVODEX.2-P1908,EVODEX.2-P2163,EVODEX.2-P2677,EVODEX.2-P3157,EVODEX.2-P3245,EVODEX.2-P3513,EVODEX.2-P4103",100251056041985796897222265510667644250444235025157138272035214376640109022571
EVODEX.2-Bm103,[#6:1]-[#8].[#7:2]-[#1].[#15]-[#8:23]>>[#6:1]-[#7:2].[#8:23]-[#1],"EVODEX.2-P1355,EVODEX.2-P1428,EVODEX.2-P1579,EVODEX.2-P172,EVODEX.2-P2011,EVODEX.2-P3216,EVODEX.2-P3834,EVODEX.2-P3967,EVODEX.2-P826,EVODEX.2-P857",113793708122173895955969629435757835567766040915914102850516368406285740238416
EVODEX.2-Bm104,[#6:1]-[#8:32].[#7:2]-[#1]>>[#6:1]-[#7:2].[#15]-[#8:32],"EVODEX.2-P1528,EVODEX.2-P173,EVODEX.2-P1999,EVODEX.2-P3213,EVODEX.2-P3564,EVODEX.2-P3945,EVODEX.2-P3972,EVODEX.2-P646,EVODEX.2-P785,EVODEX.2-P898",92863481557462980099585261679827942444980603243057360140832117815528836416243
EVODEX.2-Bm120,[#16:1]-[#1].[#16:2]-[#1].[#8:41]-[#8:64]>>[#16:1]-[#16:2].[#8:41]-[#1].[#8:64]-[#1],"EVODEX.2-P1281,EVODEX.2-P2020,EVODEX.2-P2021,EVODEX.2-P217,EVODEX.2-P2670,EVODEX.2-P2671,EVODEX.2-P3561,EVODEX.2-P3791,EVODEX.2-P3792,EVODEX.2-P483",20291235290248025792184407235982332597244750333736514705790144630675089253855
EVODEX.2-Bm127,[#6:49]-[#16]>>[#7]-[#6:49],"EVODEX.2-P1268,EVODEX.2-P1270,EVODEX.2-P1571,EVODEX.2-P234,EVODEX.2-P2664,EVODEX.2-P2923,EVODEX.2-P3000,EVODEX.2-P3148,EVODEX.2-P3210,EVODEX.2-P472",27875943254853826618611588750425079723663680867894508023336453712940524972731
EVODEX.2-Bm131,[#6:1]-[#1].[#6:50]1=[#6:55]-[#7:54]-[#6:53]=[#6:52]-[#6:51]-1-[#1].[#8:2]=[#8:98]>>[#6:1]-[#8:2]-[#1].[#6:50]1:[#6:51]:[#6:52]:[#6:53]:[#7&+:54]:[#6:55]:1.[#8:98](-[#1])-[#1],"EVODEX.2-P1058,EVODEX.2-P1992,EVODEX.2-P2242,EVODEX.2-P248,EVODEX.2-P3352,EVODEX.2-P3589,EVODEX.2-P3746,EVODEX.2-P4160,EVODEX.2-P4295,EVODEX.2-P579",75576708300562348097114605001254976966765620403338566262042315271693830943801
EVODEX.2-Bm132,[#6:1]-[#1].[#6:50]1=[#6:55]-[#7:54]-[#6:53]=[#6:52]-[#6:51]-1-[#1].[#8:2]=[#8]>>[#6:1]-[#8:2]-[#1].[#6:50]1:[#6:51]:[#6:52]:[#6:53]:[#7&+:54]:[#6:55]:1,"EVODEX.2-P1059,EVODEX.2-P1178,EVODEX.2-P249,EVODEX.2-P3325,EVODEX.2-P3590,EVODEX.2-P3787,EVODEX.2-P3942,EVODEX.2-P4161,EVODEX.2-P4209,EVODEX.2-P580",89787609621984048049733276552515078363928678958252646248145570015107356185007
EVODEX.2-Bm137,[#6:50]=[#8:49]>>[#6]-[#6:50]-[#8:49]-[#1],"EVODEX.2-P1253,EVODEX.2-P1328,EVODEX.2-P258,EVODEX.2-P2776,EVODEX.2-P2967,EVODEX.2-P3466,EVODEX.2-P3554,EVODEX.2-P3770,EVODEX.2-P3886,EVODEX.2-P3931",42517396228585537560084577563966001524901685922909597564942251082493793185919
EVODEX.2-Bm142,[#7]-[#6:1]-[#1].[#8:2](-[#1])-[#1].[#8:13]=[#8:14]>>[#6:1]=[#8:2].[#8:13](-[#8:14]-[#1])-[#1],"EVODEX.2-P1007,EVODEX.2-P1223,EVODEX.2-P1364,EVODEX.2-P1577,EVODEX.2-P1725,EVODEX.2-P2549,EVODEX.2-P276,EVODEX.2-P2808,EVODEX.2-P2934,EVODEX.2-P4045",49651747391001322927172911828027868024888147686008352603904778726457952951074
EVODEX.2-Bm148,[#6:1]=[#8].[#8:9](-[#8:10]-[#1])-[#1]>>[#6:1](-[#7])-[#1].[#8:9]=[#8:10],"EVODEX.2-P1174,EVODEX.2-P1536,EVODEX.2-P1569,EVODEX.2-P1613,EVODEX.2-P1911,EVODEX.2-P286,EVODEX.2-P325,EVODEX.2-P3514,EVODEX.2-P404,EVODEX.2-P510",88968779385674985656601168537469276838365815373834530227157331291263957710220
EVODEX.2-Bm150,[#6:50]-[#16:1]>>[#16:1]-[#1].[#6:50]-[#6],"EVODEX.2-P1875,EVODEX.2-P2027,EVODEX.2-P2716,EVODEX.2-P2723,EVODEX.2-P296,EVODEX.2-P3290,EVODEX.2-P3365,EVODEX.2-P3616,EVODEX.2-P4239,EVODEX.2-P542",69093919941017971292961109982311769081832995618852348499339458771225552576527
EVODEX.2-Bm152,[#16:2]-[#1].[#6:1]-[#6:64].[#8:66]=[#6:65]>>[#6:1]-[#16:2].[#6:64]-[#6:65]-[#8:66]-[#1],"EVODEX.2-P1092,EVODEX.2-P1787,EVODEX.2-P1913,EVODEX.2-P2063,EVODEX.2-P2591,EVODEX.2-P298,EVODEX.2-P3940,EVODEX.2-P4046,EVODEX.2-P462,EVODEX.2-P886",2245513536433286178956642204178395030014730630051868831418313083365907238779
EVODEX.2-Bm153,[#7:11]-[#6:1].[#15:23]-[#8:2]>>[#6:1]-[#8:2].[#7:11]-[#1].[#8]-[#15:23],"EVODEX.2-P1089,EVODEX.2-P1842,EVODEX.2-P2291,EVODEX.2-P2469,EVODEX.2-P301,EVODEX.2-P3532,EVODEX.2-P3640,EVODEX.2-P3819,EVODEX.2-P3961,EVODEX.2-P4267",17414338783432782828556612258375498687924790361239808773200146320970546636949
EVODEX.2-Bm154,[#6:1]-[#7:20].[#15]-[#8:2]>>[#6:1]-[#8:2].[#7:20]-[#1],"EVODEX.2-P1342,EVODEX.2-P1823,EVODEX.2-P1888,EVODEX.2-P2639,EVODEX.2-P2949,EVODEX.2-P305,EVODEX.2-P3318,EVODEX.2-P3966,EVODEX.2-P565,EVODEX.2-P662",2738704891459957986314126293680259268100532541226155554123236953269443326735
EVODEX.2-Bm162,[#16:1]-[#16:9].[#8:17]-[#1].[#8:18]-[#1]>>[#16:1]-[#1].[#16:9]-[#1].[#8:17]-[#8:18],"EVODEX.2-P2780,EVODEX.2-P2781,EVODEX.2-P2914,EVODEX.2-P2915,EVODEX.2-P3695,EVODEX.2-P370,EVODEX.2-P371,EVODEX.2-P390,EVODEX.2-P774,EVODEX.2-P932",21797162686986661433012730788581265304426942995781036140653784027861110880962
EVODEX.2-Bm170,[#6]-[#8:13].[#15:14]-[#8]>>[#8:13]-[#15:14],"EVODEX.2-P1204,EVODEX.2-P1299,EVODEX.2-P1832,EVODEX.2-P3143,EVODEX.2-P3368,EVODEX.2-P3835,EVODEX.2-P3982,EVODEX.2-P406,EVODEX.2-P4097,EVODEX.2-P4255",25705627387529025615724355947584129797254022600199309717625668531524004224741
EVODEX.2-Bm171,[#16:2]-[#1].[#6:1]-[#8].[#15]-[#8:56]>>[#16:2]-[#6:1].[#8:56]-[#1],"EVODEX.2-P1129,EVODEX.2-P1386,EVODEX.2-P2192,EVODEX.2-P2505,EVODEX.2-P4077,EVODEX.2-P409,EVODEX.2-P4288,EVODEX.2-P464,EVODEX.2-P503,EVODEX.2-P771",14870386801586189239799515581824874182383982618991947716051939125769936821716
EVODEX.2-Bm173,[#6:1]-[#1].[#6:53]-[#6].[#8:2]=[#8:54]>>[#6:1]-[#8:2]-[#1].[#6:53]-[#8:54]-[#1],"EVODEX.2-P1634,EVODEX.2-P1699,EVODEX.2-P2103,EVODEX.2-P2249,EVODEX.2-P2611,EVODEX.2-P2983,EVODEX.2-P3256,EVODEX.2-P3317,EVODEX.2-P414,EVODEX.2-P770",108199108151953554386448499456071294667288438516513288735260889776807929353340
EVODEX.2-Bm185,[#7:49]-[#6:1].[#7:2]-[#1]>>[#6:1]-[#7:2].[#7:49]-[#1],"EVODEX.2-P1022,EVODEX.2-P1259,EVODEX.2-P1767,EVODEX.2-P2176,EVODEX.2-P2850,EVODEX.2-P3336,EVODEX.2-P3729,EVODEX.2-P3936,EVODEX.2-P4128,EVODEX.2-P473",56496680006049927294478965944648164313689727195602694022842410972955810045865
EVODEX.2-Bm194,[#8]=[#6:2].[#7:3]-[#1]>>[#7]-[#6:2]-[#7:3],"EVODEX.2-P2059,EVODEX.2-P2060,EVODEX.2-P2679,EVODEX.2-P2680,EVODEX.2-P2849,EVODEX.2-P3332,EVODEX.2-P4110,EVODEX.2-P4111,EVODEX.2-P527,EVODEX.2-P528",91015021128038990297729757280481126212589767629621510550144655487354791509668
EVODEX.2-Bm197,[#8:13]=[#6:2].[#7:3]-[#1]>>[#7]-[#6:2]-[#7:3].[#8:13](-[#1])-[#1],"EVODEX.2-P1348,EVODEX.2-P2057,EVODEX.2-P2058,EVODEX.2-P2211,EVODEX.2-P3027,EVODEX.2-P3578,EVODEX.2-P3579,EVODEX.2-P4107,EVODEX.2-P4108,EVODEX.2-P543",25462563068945781340032712981155261405866024666222001762069200616793676381489
EVODEX.2-Bm198,[#7]-[#6:1]>>[#16]-[#6:1],"EVODEX.2-P1117,EVODEX.2-P1235,EVODEX.2-P1537,EVODEX.2-P2087,EVODEX.2-P2232,EVODEX.2-P2393,EVODEX.2-P3454,EVODEX.2-P4270,EVODEX.2-P552,EVODEX.2-P610",28509797895844524703574210085225728061066680316011937217821719673415766901403
EVODEX.2-Bm204,[#16:1]-[#6:49].[#15:66]-[#8:50]>>[#16:1]-[#1].[#6:49]-[#8:50].[#8]-[#15:66],"EVODEX.2-P1294,EVODEX.2-P1553,EVODEX.2-P1566,EVODEX.2-P2223,EVODEX.2-P2263,EVODEX.2-P2404,EVODEX.2-P4018,EVODEX.2-P4130,EVODEX.2-P622,EVODEX.2-P992",50013778408406313585887987210183425446484244015927200002309393986897757814376
EVODEX.2-Bm207,[#6:1](-[#7])-[#1].[#8:9]=[#8:10]>>[#6:1]=[#8].[#8:9](-[#8:10]-[#1])-[#1],"EVODEX.2-P2370,EVODEX.2-P2465,EVODEX.2-P2534,EVODEX.2-P2725,EVODEX.2-P2947,EVODEX.2-P2955,EVODEX.2-P3129,EVODEX.2-P3468,EVODEX.2-P3993,EVODEX.2-P637",31242304187264473887914802460078456407599100686470799420045876636027541948866
EVODEX.2-Bm216,[#16:2]-[#6:52]>>[#6]-[#16:2].[#6:52]-[#8],"EVODEX.2-P1023,EVODEX.2-P1337,EVODEX.2-P1464,EVODEX.2-P1814,EVODEX.2-P1844,EVODEX.2-P2039,EVODEX.2-P2050,EVODEX.2-P2240,EVODEX.2-P3043,EVODEX.2-P718",67179167608099194745828419051813456095105012091607520440899686710705942408429
EVODEX.2-Bm220,[#16:2]-[#6].[#6:1]-[#8]>>[#16:2]-[#6:1],"EVODEX.2-P1385,EVODEX.2-P1735,EVODEX.2-P1887,EVODEX.2-P1968,EVODEX.2-P2038,EVODEX.2-P3413,EVODEX.2-P3536,EVODEX.2-P3717,EVODEX.2-P3894,EVODEX.2-P766",18189319854844752633995095624644467279707108196933863545490792589113859775859
EVODEX.2-Bm221,[#16:2]-[#1].[#6:1]-[#8:58]>>[#6:1]-[#16:2].[#15]-[#8:58],"EVODEX.2-P1346,EVODEX.2-P1580,EVODEX.2-P2233,EVODEX.2-P2747,EVODEX.2-P3023,EVODEX.2-P3195,EVODEX.2-P3715,EVODEX.2-P4079,EVODEX.2-P4205,EVODEX.2-P772",40330026736441907469032467287022328415833771250357231266317532896672058228192
EVODEX.2-Bm225,[#6:1]-[#8:74]-[#1].[#6:64]-[#8:75]-[#1]>>[#6:1]-[#1].[#6:64]-[#6].[#8:74]=[#8:75],"EVODEX.2-P1055,EVODEX.2-P2124,EVODEX.2-P2604,EVODEX.2-P2642,EVODEX.2-P2845,EVODEX.2-P2957,EVODEX.2-P3344,EVODEX.2-P3810,EVODEX.2-P3959,EVODEX.2-P804",33785685624952457792859954628994678092262315076245834674700990606414405225526
EVODEX.2-Bm234,[#6:49]-[#16:1].[#6:50]-[#6:72]-[#8:73]-[#1]>>[#16:1]-[#1].[#6:49]-[#6:50].[#8:73]=[#6:72],"EVODEX.2-P1114,EVODEX.2-P1150,EVODEX.2-P1306,EVODEX.2-P2155,EVODEX.2-P2444,EVODEX.2-P3222,EVODEX.2-P3366,EVODEX.2-P3568,EVODEX.2-P3804,EVODEX.2-P918",106086651181599824755368079496312679785413003975886260279114593517600566457
EVODEX.2-Bm241,[#6:1]-[#6]>>[#6:1]-[#1],"EVODEX.2-P1079,EVODEX.2-P1113,EVODEX.2-P1153,EVODEX.2-P1721,EVODEX.2-P2369,EVODEX.2-P2582,EVODEX.2-P2799,EVODEX.2-P3133,EVODEX.2-P3272,EVODEX.2-P3445",56779816773437534122958432028546570581902332663452312167369795419944314667706
EVODEX.2-Bm265,[#6:1]-[#1]>>[#6:1]-[#6],"EVODEX.2-P2095,EVODEX.2-P2131,EVODEX.2-P2389,EVODEX.2-P2590,EVODEX.2-P2828,EVODEX.2-P2975,EVODEX.2-P3063,EVODEX.2-P3274,EVODEX.2-P4075,EVODEX.2-P4158",18664202483522984161287313510481399082578365546108754035562762256885992061475
EVODEX.2-Bm121,[#8:41]-[#8:64]>>[#8:41]-[#1].[#8:64]-[#1],"EVODEX.2-P1282,EVODEX.2-P1904,EVODEX.2-P2022,EVODEX.2-P218,EVODEX.2-P219,EVODEX.2-P3793,EVODEX.2-P4100,EVODEX.2-P482,EVODEX.2-P484",8835374420083140240017618887238574907029936619098992142165112533283219064353
EVODEX.2-Bm124,[#6:1]-[#8:58].[#15:59]-[#8:49]>>[#16]-[#6:1].[#8:49]-[#1].[#15:59]-[#8:58],"EVODEX.2-P1091,EVODEX.2-P1691,EVODEX.2-P1806,EVODEX.2-P2115,EVODEX.2-P223,EVODEX.2-P2332,EVODEX.2-P2792,EVODEX.2-P4078,EVODEX.2-P465",38244746978674979615621581505164253696040481815368496194816541138398448547848
EVODEX.2-Bm79,[#7:14]-[#6:1].[#8:21]-[#1]>>[#6:1]-[#8].[#7:14]-[#1].[#8:21]-[#15],"EVODEX.2-P111,EVODEX.2-P1343,EVODEX.2-P2206,EVODEX.2-P2292,EVODEX.2-P2824,EVODEX.2-P3641,EVODEX.2-P429,EVODEX.2-P986",2452841257224811764036228638950751306494136221150761750437568291389524313845
EVODEX.2-Bm116,[#6:49]-[#16].[#8:67]-[#1].[#15:68]-[#8:50]>>[#6:49]-[#8:50].[#8:67]-[#15:68],"EVODEX.2-P1036,EVODEX.2-P1103,EVODEX.2-P1582,EVODEX.2-P208,EVODEX.2-P2264,EVODEX.2-P228,EVODEX.2-P392,EVODEX.2-P813",96930420241518451384703041481530975458425233119317526795294231028572565051298
EVODEX.2-Bm211,[#16:2]-[#1].[#6:1]-[#8:57].[#15:58]-[#8]>>[#6:1]-[#16:2].[#15:58]-[#8:57],"EVODEX.2-P1130,EVODEX.2-P1185,EVODEX.2-P1722,EVODEX.2-P2016,EVODEX.2-P2741,EVODEX.2-P3314,EVODEX.2-P4204,EVODEX.2-P682",25207238464847710899933513411917619464166526227420105478404489486394561244239
EVODEX.2-Bm55,[#7:11]-[#6].[#8:18]-[#1].[#15:19]-[#8]>>[#7:11]-[#1].[#8:18]-[#15:19],"EVODEX.2-P1105,EVODEX.2-P2638,EVODEX.2-P3830,EVODEX.2-P3984,EVODEX.2-P4197,EVODEX.2-P446,EVODEX.2-P60",69275252684430405139812585001681944971430446555217625756223131979857115263036
EVODEX.2-Bm96,[#6:49]-[#16:1].[#8:68]-[#1]>>[#16:1]-[#1].[#6:49]-[#8].[#8:68]-[#15],"EVODEX.2-P1037,EVODEX.2-P145,EVODEX.2-P2142,EVODEX.2-P2822,EVODEX.2-P2892,EVODEX.2-P4131,EVODEX.2-P657",81959408794665893266968915304621538705945164196449793636100496493369397594937
EVODEX.2-Bm203,[#6:1]-[#8:28].[#7:2]-[#1].[#15:29]-[#8]>>[#7:2]-[#6:1].[#15:29]-[#8:28],"EVODEX.2-P1971,EVODEX.2-P2203,EVODEX.2-P2757,EVODEX.2-P2920,EVODEX.2-P3212,EVODEX.2-P3441,EVODEX.2-P621",106420630799916508558794207552465388462280600077483982659109646751402310903414
EVODEX.2-Bm119,[#6:1]=[#6:2].[#8:60](-[#8:61]-[#1])-[#1]>>[#6:1](-[#6:2]-[#1])-[#1].[#8:60]=[#8:61],"EVODEX.2-P1564,EVODEX.2-P214,EVODEX.2-P2166,EVODEX.2-P2958,EVODEX.2-P407,EVODEX.2-P714",10743769375722014685350535473997719624190360947287952774737916529937850283687
EVODEX.2-Bm7,[#6:1](-[#6:2]-[#8])-[#1]>>[#6:1]=[#6:2],"EVODEX.2-P1435,EVODEX.2-P1668,EVODEX.2-P2578,EVODEX.2-P7,EVODEX.2-P89",91535658025142208378320488900364007705844841179481418659861927590799211477967
EVODEX.2-Bm8,[#7:49]-[#1].[#8:50]=[#8:60]>>[#7:49]-[#8:50]-[#1].[#8:60](-[#1])-[#1],"EVODEX.2-P215,EVODEX.2-P3259,EVODEX.2-P775,EVODEX.2-P777,EVODEX.2-P8",78311589404521851891623565993959526300189116896507199382027786516482616035887
EVODEX.2-Bm12,[#6:49]-[#16].[#6:50]-[#6]>>[#6:49]-[#6:50],"EVODEX.2-P13,EVODEX.2-P1606,EVODEX.2-P3422,EVODEX.2-P494,EVODEX.2-P98",113496632305397206709037535238550281040630080324092027698377457582609862573907
EVODEX.2-Bm30,[#16:3]-[#1].[#6:52](-[#8:53]-[#1])-[#6:1]-[#6:2]-[#8]>>[#6:1](-[#6:2]-[#16:3])-[#1].[#6:52]=[#8:53],"EVODEX.2-P3093,EVODEX.2-P31,EVODEX.2-P317,EVODEX.2-P3574,EVODEX.2-P4118",77769777651527301308155977979803231511142988164971539212007869870791379009269
EVODEX.2-Bm32,[#16:3]-[#1].[#6:52](-[#8:53]-[#1])-[#6:1]-[#6:2]-[#8:63]>>[#6:1](-[#6:2]-[#16:3])-[#1].[#6:52]=[#8:53].[#8:63]-[#1],"EVODEX.2-P3096,EVODEX.2-P319,EVODEX.2-P33,EVODEX.2-P3575,EVODEX.2-P4058",58704122582934874367231897317630006671032542995008885813098121864303222358977
EVODEX.2-Bm35,[#7:2]-[#1].[#15:20]-[#8:14]>>[#6]-[#7:2].[#8:14]-[#1].[#15:20]-[#8],"EVODEX.2-P1356,EVODEX.2-P1640,EVODEX.2-P2069,EVODEX.2-P36,EVODEX.2-P3944",61410905503045237687544103667724388226304213387215373431990443621810621208701
EVODEX.2-Bm42,[#6:1](-[#6:2]=[#6:3])-[#1]>>[#6:1]=[#6:2]-[#6:3]-[#8],"EVODEX.2-P3437,EVODEX.2-P3692,EVODEX.2-P3908,EVODEX.2-P4167,EVODEX.2-P43",4015245471519051466540983531587459458307410662054953292127886978810716490329
EVODEX.2-Bm49,[#7:4]-[#6]-[#7:5]>>[#7:4]-[#1].[#7:5]-[#1],"EVODEX.2-P1124,EVODEX.2-P2974,EVODEX.2-P3361,EVODEX.2-P4199,EVODEX.2-P50",90324841957269346402856994094638209078678638405188581067137125425375852844941
EVODEX.2-Bm52,[#6:1]-[#6:3].[#6:20]1=[#6:25]-[#7:24]-[#6:23]=[#6:22]-[#6:21]-1-[#1].[#8:68]=[#8:2]>>[#6:1]-[#8:2]-[#6:3].[#6:20]1:[#6:21]:[#6:22]:[#6:23]:[#7&+:24]:[#6:25]:1.[#8:68](-[#1])-[#1],"EVODEX.2-P1540,EVODEX.2-P2397,EVODEX.2-P2644,EVODEX.2-P56,EVODEX.2-P863",81153677190846744682275116934446101959681794814513856625648225738141665795972
EVODEX.2-Bm53,[#6:1]-[#6:3].[#6:20]1=[#6:25]-[#7:24]-[#6:23]=[#6:22]-[#6:21]-1-[#1].[#8]=[#8:2]>>[#6:1]-[#8:2]-[#6:3].[#6:20]1:[#6:21]:[#6:22]:[#6:23]:[#7&+:24]:[#6:25]:1,"EVODEX.2-P1445,EVODEX.2-P2148,EVODEX.2-P57,EVODEX.2-P824,EVODEX.2-P864",54331502084914312799100746741165263810894571817768820380162436015916182884190
EVODEX.2-Bm54,[#6:1]-[#6:3].[#8]=[#8:2]>>[#6:1]-[#8:2]-[#6:3],"EVODEX.2-P1541,EVODEX.2-P2488,EVODEX.2-P58,EVODEX.2-P825,EVODEX.2-P865",41092931420809463654072642223030640636166465613998578851685627214761970608147
EVODEX.2-Bm62,[#6:3]=[#6:2]-[#6:1]-[#8]>>[#6:3](-[#6:2]=[#6:1])-[#1],"EVODEX.2-P1224,EVODEX.2-P1820,EVODEX.2-P3077,EVODEX.2-P419,EVODEX.2-P73",7820688132332360477016660468799639438812392382939832739094941685839946932780
EVODEX.2-Bm75,[#7:1]-[#1].[#7:3]-[#1]>>[#7:1]-[#6]-[#7:3],"EVODEX.2-P102,EVODEX.2-P1349,EVODEX.2-P2681,EVODEX.2-P3580,EVODEX.2-P838",14200538894501402792793886213948095564216161442285086801270827993223354470645
EVODEX.2-Bm78,[#6]-[#7:55]-[#6]>>[#7:55](-[#1])-[#1],"EVODEX.2-P109,EVODEX.2-P2297,EVODEX.2-P3539,EVODEX.2-P4246,EVODEX.2-P4250",49562442906278138329388380743355475505488194733437036962899240225277388403091
EVODEX.2-Bm86,[#6:1]-[#1].[#6:12]1:[#6:17]:[#6:16]:[#6:15]:[#7&+:14]:[#6:13]:1.[#8:2]-[#1]>>[#6:1]-[#8:2].[#6:12]1=[#6:13]-[#7:14]-[#6:15]=[#6:16]-[#6:17]-1-[#1],"EVODEX.2-P129,EVODEX.2-P1816,EVODEX.2-P2614,EVODEX.2-P3258,EVODEX.2-P3349",14204164667017921100837693478652670105647249948759991759017088820516107000452
EVODEX.2-Bm90,[#16:2]-[#1].[#6:1]-[#1]>>[#6:1]-[#16:2],"EVODEX.2-P1163,EVODEX.2-P136,EVODEX.2-P1778,EVODEX.2-P2577,EVODEX.2-P3977",5048372809961916264221121732097936599577070264081952266901616963141299460944
EVODEX.2-Bm91,[#6:1]-[#8:56]-[#6:2].[#6:7]1:[#6:12]:[#6:11]:[#6:10]:[#7&+:9]:[#6:8]:1.[#8:55](-[#1])-[#1]>>[#6:1]-[#6:2].[#6:7]1=[#6:8]-[#7:9]-[#6:10]=[#6:11]-[#6:12]-1-[#1].[#8:55]=[#8:56],"EVODEX.2-P139,EVODEX.2-P2157,EVODEX.2-P2459,EVODEX.2-P3347,EVODEX.2-P368",42815606419271998892644928438495203003265369653061623203229619444374766433483
EVODEX.2-Bm92,[#6:1]-[#8]-[#6:2]>>[#6:1]-[#6:2],"EVODEX.2-P140,EVODEX.2-P155,EVODEX.2-P2158,EVODEX.2-P2460,EVODEX.2-P2994",85824266409169843671971371065354464452501141242853032010928561578045808036662
EVODEX.2-Bm93,[#6:1]-[#8:56]-[#6:2].[#8:55](-[#1])-[#1]>>[#6:1]-[#6:2].[#8:55]=[#8:56],"EVODEX.2-P1132,EVODEX.2-P141,EVODEX.2-P156,EVODEX.2-P2034,EVODEX.2-P2627",87047653692074043550496386259538846032672427682699121277392802131846425538487
EVODEX.2-Bm94,[#6:1]-[#8:56]-[#6:2]>>[#6:1]-[#6:2].[#8]=[#8:56],"EVODEX.2-P142,EVODEX.2-P2035,EVODEX.2-P2159,EVODEX.2-P2628,EVODEX.2-P3711",8112202222133943785517546825247780196113476028713711383090528509311304261493
EVODEX.2-Bm95,[#6:1]-[#8:56]-[#6:2].[#6:7]1:[#6:12]:[#6:11]:[#6:10]:[#7&+:9]:[#6:8]:1>>[#6:1]-[#6:2].[#6:7]1=[#6:8]-[#7:9]-[#6:10]=[#6:11]-[#6:12]-1-[#1].[#8]=[#8:56],"EVODEX.2-P143,EVODEX.2-P157,EVODEX.2-P2036,EVODEX.2-P2629,EVODEX.2-P2995",51994157306028840433707403687090877422152616136142672991954042438861058260162
EVODEX.2-Bm98,[#6:1]-[#8]-[#6:2].[#6:9]1:[#6:14]:[#6:13]:[#6:12]:[#7&+:11]:[#6:10]:1>>[#6:1]-[#6:2].[#6:9]1=[#6:10]-[#7:11]-[#6:12]=[#6:13]-[#6:14]-1-[#1],"EVODEX.2-P158,EVODEX.2-P2037,EVODEX.2-P2160,EVODEX.2-P2630,EVODEX.2-P3348",43649222488900884297419821244743664239267447405349882095090105968095476435016
EVODEX.2-Bm106,[#16:2].[#16:29].[#7:55](-[#6:1])-[#6:28]>>[#6:1]-[#16&+:2].[#6:28]-[#16&+:29].[#7:55](-[#1])-[#1],"EVODEX.2-P1082,EVODEX.2-P179,EVODEX.2-P2265,EVODEX.2-P4244,EVODEX.2-P4249",98717761127209662146177416500719167449539874676745783735110650824426342399026
EVODEX.2-Bm108,[#15:2]-[#8:17]>>[#7]-[#15:2].[#8:17]-[#1],"EVODEX.2-P186,EVODEX.2-P2633,EVODEX.2-P3019,EVODEX.2-P3128,EVODEX.2-P3327",99798162923615180843031627383120902371809866879180984090562640160827791606301
EVODEX.2-Bm109,[#6:1]-[#1].[#15]-[#8:2]>>[#6:1]-[#8:2],"EVODEX.2-P1878,EVODEX.2-P188,EVODEX.2-P2344,EVODEX.2-P2356,EVODEX.2-P399",55642870786044730477513396469986167550771027033049265396492890762313395077366
EVODEX.2-Bm110,[#6:1]-[#1].[#15:56]-[#8:2]>>[#6:1]-[#8:2].[#8]-[#15:56],"EVODEX.2-P189,EVODEX.2-P2153,EVODEX.2-P2345,EVODEX.2-P2358,EVODEX.2-P875",58445701629241010102019974199564086589736446873813277854646694453616624938378
EVODEX.2-Bm115,[#6:49]-[#1].[#16]-[#6:50]>>[#6:49]-[#6:50],"EVODEX.2-P1685,EVODEX.2-P2031,EVODEX.2-P207,EVODEX.2-P2218,EVODEX.2-P2514",18435458152036664254243047930696543745065568914574208964649867891236109858484
EVODEX.2-Bm118,[#16:1]-[#1].[#16:2]-[#1]>>[#16:1]-[#16:2],"EVODEX.2-P1111,EVODEX.2-P1643,EVODEX.2-P210,EVODEX.2-P2420,EVODEX.2-P440",7792565844283174266686610060674207240409360778459780385772683466801949536529
EVODEX.2-Bm122,([#8:2]-[#1].[#8:1]-[#15:3])>>([#8:2]-[#15:3].[#8:1]-[#1]),"EVODEX.2-P220,EVODEX.2-P2481,EVODEX.2-P3555,EVODEX.2-P3827,EVODEX.2-P413",29072434755459073384951084043430921567573492251651958483236362799566994397810
EVODEX.2-Bm125,[#16:50]-[#1].[#6:49]-[#16:1]>>[#16:1]-[#1].[#16:50]-[#6:49],"EVODEX.2-P1226,EVODEX.2-P1964,EVODEX.2-P232,EVODEX.2-P3081,EVODEX.2-P3919",84418462603855680387228714183075333497175399161872815463880741553045560721585
EVODEX.2-Bm126,[#16:50]-[#1].[#6:49]-[#16]>>[#16:50]-[#6:49],"EVODEX.2-P2061,EVODEX.2-P233,EVODEX.2-P2448,EVODEX.2-P3002,EVODEX.2-P681",111116365386131465815440126778501022173090342390474247385677278241798930918009
EVODEX.2-Bm134,[#6:51](-[#6:52]-[#16:1])-[#1].[#6:50]=[#8:49]>>[#16:1]-[#1].[#6:52](-[#8])-[#6:51]-[#6:50]-[#8:49]-[#1],"EVODEX.2-P1250,EVODEX.2-P255,EVODEX.2-P2794,EVODEX.2-P3608,EVODEX.2-P3769",9625314625585963507605747347193584312142860074921427693600094015107604542262
EVODEX.2-Bm135,[#6:51](-[#6:52]-[#16:1])-[#1].[#6:50]=[#8:49].[#8:53]-[#1]>>[#16:1]-[#1].[#6:52](-[#8:53])-[#6:51]-[#6:50]-[#8:49]-[#1],"EVODEX.2-P1251,EVODEX.2-P1903,EVODEX.2-P256,EVODEX.2-P2683,EVODEX.2-P2966",59799371500709066279919693116825059436312883780475019022839926041818242268655
EVODEX.2-Bm136,[#6:51](-[#6:52]-[#16])-[#1].[#6:50]=[#8:49]>>[#6:52](-[#8])-[#6:51]-[#6:50]-[#8:49]-[#1],"EVODEX.2-P1252,EVODEX.2-P1915,EVODEX.2-P257,EVODEX.2-P2795,EVODEX.2-P3609",1666670565828512394124457961394194615068183673806092379772442317620597021939
EVODEX.2-Bm138,[#6:51](-[#6:52]-[#16])-[#1].[#6:50]=[#8:49].[#8:53]-[#1]>>[#6:52](-[#8:53])-[#6:51]-[#6:50]-[#8:49]-[#1],"EVODEX.2-P2213,EVODEX.2-P259,EVODEX.2-P2684,EVODEX.2-P3610,EVODEX.2-P3771",21543368177888731298440851661112069251484033939863629785530529653767450713641
EVODEX.2-Bm140,[#6:1]-[#7].[#7:2]-[#1]>>[#6:1]-[#7:2],"EVODEX.2-P267,EVODEX.2-P3811,EVODEX.2-P524,EVODEX.2-P546,EVODEX.2-P930",37065751203911441765658411020537133055791697540137045237495265954858245414534
EVODEX.2-Bm145,[#6:1](-[#6])-[#7:2]-[#8]>>[#6:1]=[#7:2],"EVODEX.2-P1308,EVODEX.2-P282,EVODEX.2-P3499,EVODEX.2-P3546,EVODEX.2-P444",102587902885017447455008853828223265877344230488329707254365334723636914935428
EVODEX.2-Bm146,[#6:1](-[#6:12]-[#8:13]-[#1])-[#7:2]-[#8:15]>>[#6:1]=[#7:2].[#8:13]=[#6:12].[#8:15]-[#1],"EVODEX.2-P1183,EVODEX.2-P1309,EVODEX.2-P1331,EVODEX.2-P283,EVODEX.2-P3500",50361159445509994876145003698048132996315653064634586752652081963703404191704
EVODEX.2-Bm147,[#6:1](-[#6:12]-[#8:13]-[#1])-[#7:2]-[#8]>>[#6:1]=[#7:2].[#8:13]=[#6:12],"EVODEX.2-P1332,EVODEX.2-P284,EVODEX.2-P3547,EVODEX.2-P395,EVODEX.2-P445",60367248016579932251017003840247367286301987733287247544260643799967238076862
EVODEX.2-Bm149,[#16:41]-[#1].[#16:42]-[#1].[#16:1]-[#16:21]>>[#16:1]-[#1].[#16:21]-[#1].[#16:41]-[#16:42],"EVODEX.2-P1379,EVODEX.2-P2244,EVODEX.2-P2779,EVODEX.2-P290,EVODEX.2-P3566",37785743936435223282121786363527578798779769430000925139385491583429989145044
EVODEX.2-Bm151,[#6:53]-[#16&+].[#6:55]-[#16&+].[#7:54](-[#1])-[#1]>>[#7:54](-[#6:53])-[#6:55],"EVODEX.2-P1563,EVODEX.2-P2857,EVODEX.2-P297,EVODEX.2-P4015,EVODEX.2-P4144",13916465724914456592845004275939472314856539349652361815107451160359060598208
EVODEX.2-Bm156,[#6:2](-[#8:62])-[#6:1]-[#6:52]-[#8:53]-[#1]>>[#6:1](-[#6:2]-[#16])-[#1].[#6:52]=[#8:53].[#8:62]-[#1],"EVODEX.2-P1159,EVODEX.2-P2473,EVODEX.2-P3097,EVODEX.2-P320,EVODEX.2-P3778",68985007886519020272278978980978500839773914284263931624434941014218901342152
EVODEX.2-Bm158,[#6:1]=[#6:2]>>[#6:1](-[#6:2]-[#8])-[#1],"EVODEX.2-P1373,EVODEX.2-P2129,EVODEX.2-P2580,EVODEX.2-P330,EVODEX.2-P726",66941863077176758523076993703477283754652075819230444061994202224142115580853
EVODEX.2-Bm160,[#6:56]-[#16].[#6]-[#8:57]>>[#6:56]-[#8:57],"EVODEX.2-P1463,EVODEX.2-P1813,EVODEX.2-P3197,EVODEX.2-P355,EVODEX.2-P725",39212220196056440876183657156146493817061113902393654163697368444791017138310
EVODEX.2-Bm161,[#6:1]-[#8:58].[#6:10]1=[#6:15]-[#7:14]-[#6:13]=[#6:12]-[#6:11]-1-[#1]>>[#6:1]-[#1].[#6:10]1:[#6:11]:[#6:12]:[#6:13]:[#7&+:14]:[#6:15]:1.[#8:58]-[#1],"EVODEX.2-P1237,EVODEX.2-P2354,EVODEX.2-P356,EVODEX.2-P3676,EVODEX.2-P3743",58331678532774511473080752284737287650234561030376317904798574854519682863189
EVODEX.2-Bm163,[#6:1]-[#6:3]-[#6:2]-[#6:4]>>[#6:1]-[#6:2]-[#6:3]-[#6:4],"EVODEX.2-P1664,EVODEX.2-P1930,EVODEX.2-P376,EVODEX.2-P4265,EVODEX.2-P587",27453832816883626612754115216150927768547457312395410020186963502804650244277
EVODEX.2-Bm167,[#6:1](-[#6])-[#7:2]-[#8:13]>>[#6:1]=[#7:2].[#8:13]-[#1],"EVODEX.2-P3498,EVODEX.2-P3545,EVODEX.2-P394,EVODEX.2-P4271,EVODEX.2-P443",32466047838895044336725707409856111270913692637423628475095696924343708889218
EVODEX.2-Bm168,[#6:1]-[#1].[#6:8]1:[#6:13]:[#6:12]:[#6:11]:[#7&+:10]:[#6:9]:1.[#15:57]-[#8:2]>>[#6:1]-[#8:2].[#6:8]1=[#6:9]-[#7:10]-[#6:11]=[#6:12]-[#6:13]-1-[#1].[#8]-[#15:57],"EVODEX.2-P1312,EVODEX.2-P1448,EVODEX.2-P2355,EVODEX.2-P3334,EVODEX.2-P398",1053765178941628418344344138767632908508552646723017033772943219881751478217
EVODEX.2-Bm169,[#6:1]-[#1].[#6:8]1:[#6:13]:[#6:12]:[#6:11]:[#7&+:10]:[#6:9]:1.[#15]-[#8:2]>>[#6:1]-[#8:2].[#6:8]1=[#6:9]-[#7:10]-[#6:11]=[#6:12]-[#6:13]-1-[#1],"EVODEX.2-P1450,EVODEX.2-P1530,EVODEX.2-P2359,EVODEX.2-P402,EVODEX.2-P4278",37076875631903968383072390942773642798424182973700474370202354205168658135445
EVODEX.2-Bm176,[#6:49]-[#16].[#6:50]-[#6:89]-[#8:90]-[#1]>>[#6:50]-[#6:49].[#8:90]=[#6:89],"EVODEX.2-P2275,EVODEX.2-P3946,EVODEX.2-P450,EVODEX.2-P515,EVODEX.2-P830",98813188528295875793850923435412995986190180614580811300023473066137371722243
EVODEX.2-Bm180,([#8:1]-[#15:13].[#8:12]-[#1])>>[#8:1]-[#1].[#8:12]-[#15:13],"EVODEX.2-P1845,EVODEX.2-P2422,EVODEX.2-P3621,EVODEX.2-P457,EVODEX.2-P957",28267010734447181533114275787233255055652999927311417758403326617213946311343
EVODEX.2-Bm181,[#7:4]=[#6:3].[#8:1]=[#6:2]>>[#6:2](-[#8:1]-[#1])-[#6:3]-[#7:4]-[#8],"EVODEX.2-P2106,EVODEX.2-P2700,EVODEX.2-P3756,EVODEX.2-P4063,EVODEX.2-P459",63257218292454356746003479141546669716071286671826939129478929005522281083067
EVODEX.2-Bm182,[#7:4]=[#6:3]>>[#6]-[#6:3]-[#7:4]-[#8],"EVODEX.2-P3757,EVODEX.2-P4065,EVODEX.2-P4179,EVODEX.2-P460,EVODEX.2-P594",85073328766003107941039257388591910564478307525321918089599581965946203581057
EVODEX.2-Bm183,[#7:4]=[#6:3].[#8:1]=[#6:2].[#8:5]-[#1]>>[#6:2](-[#8:1]-[#1])-[#6:3]-[#7:4]-[#8:5],"EVODEX.2-P1759,EVODEX.2-P2108,EVODEX.2-P2702,EVODEX.2-P4066,EVODEX.2-P461",83169328600616094820337488733960532138235226278956923803534737479225254286344
EVODEX.2-Bm186,[#6:1]-[#8].[#6:11]1=[#6:16]-[#7:15]-[#6:14]=[#6:13]-[#6:12]-1-[#1].[#15]-[#8:59]>>[#6:1]-[#1].[#6:11]1:[#6:12]:[#6:13]:[#6:14]:[#7&+:15]:[#6:16]:1.[#8:59]-[#1],"EVODEX.2-P2573,EVODEX.2-P3462,EVODEX.2-P485,EVODEX.2-P890,EVODEX.2-P922",47894196144103728206326381799412670093771129673431010189527221851916990658253
EVODEX.2-Bm187,[#6:1]-[#8:68]>>[#6:1]-[#1].[#15]-[#8:68],"EVODEX.2-P2575,EVODEX.2-P4140,EVODEX.2-P4301,EVODEX.2-P486,EVODEX.2-P923",20331042310108927450821403538819820562917139337107180721915570560492328939138
EVODEX.2-Bm188,[#6:1]-[#8:68].[#6:11]1=[#6:16]-[#7:15]-[#6:14]=[#6:13]-[#6:12]-1-[#1].[#15:69]-[#8:59]>>[#6:1]-[#1].[#6:11]1:[#6:12]:[#6:13]:[#6:14]:[#7&+:15]:[#6:16]:1.[#8:59]-[#1].[#15:69]-[#8:68],"EVODEX.2-P2576,EVODEX.2-P4302,EVODEX.2-P487,EVODEX.2-P892,EVODEX.2-P916",66237816038058694645320440088327830363961763027945683073027739238970238083790
EVODEX.2-Bm190,[#7:54](-[#1])-[#1]>>[#7:54](-[#6])-[#6],"EVODEX.2-P1025,EVODEX.2-P2858,EVODEX.2-P4016,EVODEX.2-P4183,EVODEX.2-P497",98288512112428569094571215743012652327346276853861980348938202164612351205198
EVODEX.2-Bm191,[#6]-[#7:51].[#6:1]1:[#6:6]:[#6:5]:[#6:4]:[#7&+:3]:[#6:2]:1>>[#6:1]1=[#6:2]-[#7:3]-[#6:4]=[#6:5]-[#6:6]-1-[#1].[#7:51]-[#1],"EVODEX.2-P1422,EVODEX.2-P1945,EVODEX.2-P2729,EVODEX.2-P4195,EVODEX.2-P499",96639847011688279103140838762621479448064846458149027889063381004147887948824
EVODEX.2-Bm193,[#7:2]=[#6:1]>>[#7:2](-[#6:1]-[#1])-[#1],"EVODEX.2-P1034,EVODEX.2-P1433,EVODEX.2-P1618,EVODEX.2-P2625,EVODEX.2-P523",94495942903103159003280726915072331710010574230311033325842378395782128651294
EVODEX.2-Bm195,[#8:2]-[#1].[#15:42]-[#8:32]>>[#6]-[#8:2].[#8:32]-[#1].[#15:42]-[#8],"EVODEX.2-P2052,EVODEX.2-P2942,EVODEX.2-P4125,EVODEX.2-P4229,EVODEX.2-P535",89418145932460609062834686033027631824138512662924840193752661335848679146742
EVODEX.2-Bm196,[#8:2]-[#1].[#15]-[#8:32]>>[#6]-[#8:2].[#8:32]-[#1],"EVODEX.2-P1958,EVODEX.2-P2745,EVODEX.2-P2875,EVODEX.2-P4230,EVODEX.2-P537",64826255102089582727374536935563692889853129668489624146326841654197420249536
EVODEX.2-Bm200,[#7:7]=[#6:8]-[#7:1].[#8:9](-[#1])-[#1]>>[#7:1]-[#1].[#7:7](-[#6:8]=[#8:9])-[#1],"EVODEX.2-P1453,EVODEX.2-P2225,EVODEX.2-P2952,EVODEX.2-P2978,EVODEX.2-P586",429586173758693266091390832060140905052655555984542702080928812954039264285
EVODEX.2-Bm201,[#6:3]=[#7:4].[#8:5]-[#1]>>[#6:3](-[#6])-[#7:4]-[#8:5],"EVODEX.2-P1283,EVODEX.2-P2107,EVODEX.2-P2701,EVODEX.2-P4064,EVODEX.2-P593",41301390956977588757483893183383096051202740059091239177306256724637905360597
EVODEX.2-Bm206,[#6:16]1=[#6:21]-[#7:20]-[#6:19]=[#6:18]-[#6:17]-1-[#1].[#7:2]-[#1]>>[#6]-[#7:2].[#6:16]1:[#6:17]:[#6:18]:[#6:19]:[#7&+:20]:[#6:21]:1,"EVODEX.2-P3020,EVODEX.2-P3181,EVODEX.2-P3750,EVODEX.2-P3814,EVODEX.2-P634",91288722977715963146280589000144327971591025964949212232435332274768848440482
EVODEX.2-Bm208,[#7:1]-[#6:4]=[#7:3]>>[#7:1]-[#1].[#7:3](-[#6:4]=[#8])-[#1],"EVODEX.2-P1415,EVODEX.2-P1454,EVODEX.2-P2646,EVODEX.2-P3849,EVODEX.2-P643",101583775837875046220953270941958219282065082406233979411729148154133181031846
EVODEX.2-Bm209,[#6:52]-[#6:1]>>[#6:1]-[#1].[#6:52]-[#16],"EVODEX.2-P1359,EVODEX.2-P1591,EVODEX.2-P3872,EVODEX.2-P672,EVODEX.2-P729",56718284768438842734214867021453244052427771632130174563119024599293944819366
EVODEX.2-Bm213,[#6:2]#[#7:1]>>[#6:2](-[#7:1](-[#1])-[#1])=[#8],"EVODEX.2-P1760,EVODEX.2-P1949,EVODEX.2-P2782,EVODEX.2-P3825,EVODEX.2-P691",91486185536416725525291292569855673669376945889013427633741364912866980833227
EVODEX.2-Bm214,[#6:1]-[#1].[#6:11]1:[#6:16]:[#6:15]:[#6:14]:[#7&+:13]:[#6:12]:1.[#8:59]-[#1].[#15:60]-[#8:2]>>[#6:1]-[#8:2].[#6:11]1=[#6:12]-[#7:13]-[#6:14]=[#6:15]-[#6:16]-1-[#1].[#8:59]-[#15:60],"EVODEX.2-P1313,EVODEX.2-P1451,EVODEX.2-P4279,EVODEX.2-P702,EVODEX.2-P876",46438078453156871991507562132324996942399309748723096344749709508555199047551
EVODEX.2-Bm217,[#16:2]-[#6:56].[#6:1]-[#8:57]>>[#16:2]-[#6:1].[#6:56]-[#8:57],"EVODEX.2-P1026,EVODEX.2-P3121,EVODEX.2-P3817,EVODEX.2-P3854,EVODEX.2-P724",31994384888707996290160663408683361601531262110696718088169042104665695970691
EVODEX.2-Bm218,[#7:2]-[#1].[#15]-[#8:20]>>[#6]-[#7:2].[#8:20]-[#1],"EVODEX.2-P1937,EVODEX.2-P3700,EVODEX.2-P734,EVODEX.2-P786,EVODEX.2-P873",106739143895453716582469999045427679881168350380864145778317855823749128200852
EVODEX.2-Bm222,[#6:1]-[#6:3].[#8:61]=[#8:2]>>[#6:1]-[#8:2]-[#6:3].[#8:61](-[#1])-[#1],"EVODEX.2-P2399,EVODEX.2-P2489,EVODEX.2-P2645,EVODEX.2-P4155,EVODEX.2-P792",104437398441651215190318844410892670836898652163901838951522712067246312595963
EVODEX.2-Bm223,[#6:1]-[#6:3].[#6:13]1=[#6:18]-[#7:17]-[#6:16]=[#6:15]-[#6:14]-1-[#1]>>[#6:1]-[#8]-[#6:3].[#6:13]1:[#6:14]:[#6:15]:[#6:16]:[#7&+:17]:[#6:18]:1,"EVODEX.2-P1542,EVODEX.2-P2150,EVODEX.2-P2490,EVODEX.2-P4156,EVODEX.2-P793",92226489443727225522503989488360377340991352942377226280216084715305919094408
EVODEX.2-Bm224,[#6:10]1=[#6:15]-[#7:14]-[#6:13]=[#6:12]-[#6:11]-1-[#1].[#6:1]=[#7:2]>>[#6:1](-[#7:2]-[#1])-[#1].[#6:10]1:[#6:11]:[#6:12]:[#6:13]:[#7&+:14]:[#6:15]:1,"EVODEX.2-P1293,EVODEX.2-P1465,EVODEX.2-P2887,EVODEX.2-P799,EVODEX.2-P878",60599506104697411449936584844671728476454871974347768668537714556671076497044
EVODEX.2-Bm227,[#6:1]-[#6:3]>>[#6:1]-[#8]-[#6:3],"EVODEX.2-P1446,EVODEX.2-P1769,EVODEX.2-P2149,EVODEX.2-P2398,EVODEX.2-P866",8707863366091992969910126173087619142827875966578721026621782107955791629232
EVODEX.2-Bm229,[#6:1]-[#8:58]>>[#16]-[#6:1].[#6]-[#8:58],"EVODEX.2-P1736,EVODEX.2-P2377,EVODEX.2-P3988,EVODEX.2-P4102,EVODEX.2-P882",2441163932696494509946346016796219421732437694458128709350970840190197978285
EVODEX.2-Bm230,[#6:1]-[#8:72].[#6:15]1=[#6:20]-[#7:19]-[#6:18]=[#6:17]-[#6:16]-1-[#1]>>[#6:1]-[#1].[#6:15]1:[#6:16]:[#6:17]:[#6:18]:[#7&+:19]:[#6:20]:1.[#15]-[#8:72],"EVODEX.2-P2571,EVODEX.2-P3867,EVODEX.2-P4137,EVODEX.2-P4226,EVODEX.2-P889",109657856621947813755428608293640985888313637332784968286642492563955755878879
EVODEX.2-Bm231,[#6:1]-[#8:72].[#15:73]-[#8]>>[#6:1]-[#1].[#15:73]-[#8:72],"EVODEX.2-P2500,EVODEX.2-P3463,EVODEX.2-P3851,EVODEX.2-P4139,EVODEX.2-P891",60597661800391607461811446003734355167662635307211445354709452279846576526065
EVODEX.2-Bm235,[#6]-[#8:24].[#8:32]-[#1].[#15:33]-[#8]>>[#8:24]-[#1].[#8:32]-[#15:33],"EVODEX.2-P2198,EVODEX.2-P2687,EVODEX.2-P3051,EVODEX.2-P3073,EVODEX.2-P950",49391928111808920677119791863362982453977058672747575464705297289299453978093
EVODEX.2-Bm237,[#7:1]-[#1].[#7:3](-[#6:2]=[#8])-[#1]>>[#7:3]=[#6:2]-[#7:1],"EVODEX.2-P1603,EVODEX.2-P1638,EVODEX.2-P1792,EVODEX.2-P2476,EVODEX.2-P993",32997486072852488281208589254251605013011746079486500233454645639666037531442
EVODEX.2-Bm239,[#6:53]-[#16&+:1].[#6:55]-[#16&+:27].[#7:54](-[#1])-[#1]>>[#16:1].[#16:27].[#7:54](-[#6:53])-[#6:55],"EVODEX.2-P1024,EVODEX.2-P1562,EVODEX.2-P1871,EVODEX.2-P3620,EVODEX.2-P4143",44299603169650497491142832035801606856770165332261238858861827565734681597055
EVODEX.2-Bm244,[#6]-[#8:24].[#8:31]-[#1]>>[#8:24]-[#1].[#8:31]-[#15],"EVODEX.2-P1222,EVODEX.2-P1512,EVODEX.2-P3267,EVODEX.2-P3742,EVODEX.2-P4309",104708387696862230012678931791068498576537115890812840372790183783527074000687
EVODEX.2-Bm245,[#8:2]-[#1].[#8:1]-[#15:3]>>([#8:2]-[#15:3].[#8:1]-[#1]),"EVODEX.2-P1248,EVODEX.2-P1592,EVODEX.2-P3264,EVODEX.2-P3612,EVODEX.2-P4061",22477559235917223345556156701878751765330685757254956866113003586839321927574
EVODEX.2-Bm246,[#6:50]=[#8:49].[#8:53]-[#1]>>[#6:50](-[#8:49]-[#1])-[#6]-[#6]-[#8:53],"EVODEX.2-P1254,EVODEX.2-P1329,EVODEX.2-P2214,EVODEX.2-P2685,EVODEX.2-P3772",115296956375194709025151289085185361011383138810083141003518618997813433281219
EVODEX.2-Bm247,[#6:55]-[#6:1].[#8:57]=[#6:56]>>[#6:1]-[#16].[#6:55]-[#6:56]-[#8:57]-[#1],"EVODEX.2-P1278,EVODEX.2-P2597,EVODEX.2-P2878,EVODEX.2-P3005,EVODEX.2-P3670",101693707991393837893377604083304007218575800834954566754415957629685990609398
EVODEX.2-Bm248,[#7:13]-[#6:1]>>[#6:1]-[#7].[#7:13]-[#1],"EVODEX.2-P1486,EVODEX.2-P1762,EVODEX.2-P1766,EVODEX.2-P1898,EVODEX.2-P1975",42416751369578638961399741508875700749576909183551816285527068181017609547304
EVODEX.2-Bm249,[#6]-[#8:34]>>[#8:34]-[#15],"EVODEX.2-P1505,EVODEX.2-P1708,EVODEX.2-P2119,EVODEX.2-P3369,EVODEX.2-P4256",53808502259470007799798761133913082708914376466788829716041648877331730690820
EVODEX.2-Bm250,[#6:1]-[#1].[#6:6]1:[#6:11]:[#6:10]:[#6:9]:[#7&+:8]:[#6:7]:1.[#8:54]-[#1]>>[#6:1]-[#8].[#6:6]1=[#6:7]-[#7:8]-[#6:9]=[#6:10]-[#6:11]-1-[#1].[#8:54]-[#15],"EVODEX.2-P1529,EVODEX.2-P1879,EVODEX.2-P2152,EVODEX.2-P2357,EVODEX.2-P3335",44009668292191892654508523503169755797254938336846984935423538078933620542100
EVODEX.2-Bm252,[#6:1]-[#7].[#15]-[#8:2]>>[#6:1]-[#8:2],"EVODEX.2-P1585,EVODEX.2-P2408,EVODEX.2-P3519,EVODEX.2-P3818,EVODEX.2-P3862",102878987671074103892486135797271464773758763695642459273808186212181134543147
EVODEX.2-Bm255,[#6:1]=[#6:2]-[#8:3]-[#15:8].[#8:7]-[#1]>>[#6:1](-[#6:2]=[#8:3])-[#1].[#8:7]-[#15:8],"EVODEX.2-P1594,EVODEX.2-P1674,EVODEX.2-P1821,EVODEX.2-P2755,EVODEX.2-P3025",28564479999639932127814879809610291168782430929515937714187292800984239486213
EVODEX.2-Bm256,[#7:1]-[#1].[#7:3](-[#6:2]=[#8:11])-[#1]>>[#7:3]=[#6:2]-[#7:1].[#8:11](-[#1])-[#1],"EVODEX.2-P1602,EVODEX.2-P1791,EVODEX.2-P2959,EVODEX.2-P2970,EVODEX.2-P4172",17177008766197141547999354349852981163182389461711046523036024521106767987955
EVODEX.2-Bm257,[#7:1]-[#1].[#15:2]-[#8:17]>>[#7:1]-[#15:2].[#8:17]-[#1],"EVODEX.2-P1625,EVODEX.2-P2632,EVODEX.2-P2992,EVODEX.2-P3018,EVODEX.2-P3326",86327683262345519977197792565341955389195632516626870823106058787793126286223
EVODEX.2-Bm258,[#7:55](-[#6])-[#6:28]>>[#6:28]-[#16&+].[#7:55](-[#1])-[#1],"EVODEX.2-P1720,EVODEX.2-P1876,EVODEX.2-P2266,EVODEX.2-P3538,EVODEX.2-P4245",103824153690242252961302302290625840977391703098762879876321843671190371929754
EVODEX.2-Bm260,[#16:1]-[#6:23]>>[#16:1]-[#1].[#16]-[#6:23],"EVODEX.2-P1802,EVODEX.2-P2093,EVODEX.2-P2094,EVODEX.2-P3407,EVODEX.2-P3920",56294327073641279745703118326247023842988022039510849350726062560208348601840
EVODEX.2-Bm262,[#6:52](-[#8:53]-[#1])-[#6]-[#6]-[#8:61]>>[#6:52]=[#8:53].[#8:61]-[#1],"EVODEX.2-P1889,EVODEX.2-P2785,EVODEX.2-P3094,EVODEX.2-P3777,EVODEX.2-P4057",62332722942735952324404281997283220858492949369986010200524872305493259069655
EVODEX.2-Bm263,[#6:52](-[#8:53]-[#1])-[#6:1]-[#6:2]-[#8]>>[#6:1](-[#6:2]-[#16])-[#1].[#6:52]=[#8:53],"EVODEX.2-P1891,EVODEX.2-P2786,EVODEX.2-P3576,EVODEX.2-P4059,EVODEX.2-P4119",57014825972013979362716663981306868931761329255805166981393625599565703298239
EVODEX.2-Bm266,[#8:2]-[#15]>>[#6]-[#8:2],"EVODEX.2-P2193,EVODEX.2-P2235,EVODEX.2-P2864,EVODEX.2-P2972,EVODEX.2-P4087",40703785565103424485454413858949039836676643831260664104996084211786526485013
EVODEX.2-Bm268,[#6:1]-[#8:62].[#6:5]1=[#6:10]-[#7:9]-[#6:8]=[#6:7]-[#6:6]-1-[#1].[#15:63]-[#8]>>[#6:1]-[#1].[#6:5]1:[#6:6]:[#6:7]:[#6:8]:[#7&+:9]:[#6:10]:1.[#15:63]-[#8:62],"EVODEX.2-P2572,EVODEX.2-P3461,EVODEX.2-P3868,EVODEX.2-P4138,EVODEX.2-P4299",23577994012644853025572004084682424265278269649854017524812324772764125054780
EVODEX.2-Bm269,[#6:1]-[#6:52]>>[#6:1]-[#16].[#6:52]-[#6],"EVODEX.2-P2598,EVODEX.2-P3252,EVODEX.2-P3618,EVODEX.2-P3619,EVODEX.2-P3941",16324220291964593708937368526990804916589721295646233033132588987725976372002
EVODEX.2-Bm97,[#8:11]-[#15:4]-[#8:3]-[#1]>>[#6]-[#8:3]-[#15:4]-[#8].[#8:11]-[#1],"EVODEX.2-P1182,EVODEX.2-P148,EVODEX.2-P2511,EVODEX.2-P782",66317530302656774442335303474077566295223107635212377054332358450908968900624
EVODEX.2-Bm166,[#6:98](-[#8:97]-[#1])(-[#1])-[#1].[#6:49]1:[#6:54]:[#6:53]:[#6:52]:[#7&+:51]:[#6:50]:1>>[#6:49]1=[#6:50]-[#7:51]-[#6:52]=[#6:53]-[#6:54]-1-[#1].[#6:98](=[#8:97])-[#16],"EVODEX.2-P2617,EVODEX.2-P385,EVODEX.2-P4043,EVODEX.2-P984",31969546683609690904968239531146017298051362375634635591675059031268158645794
EVODEX.2-Bm174,[#7:2](-[#6:1]=[#8])(-[#1])-[#1]>>[#7:2]#[#6:1],"EVODEX.2-P1083,EVODEX.2-P2439,EVODEX.2-P4025,EVODEX.2-P418",80568888239799891627206619099434543181025911646828431636638313125335295782306
EVODEX.2-Bm189,[#6:49](=[#8:50])-[#16]>>[#6:49](-[#8:50]-[#1])(-[#1])-[#1],"EVODEX.2-P1146,EVODEX.2-P4104,EVODEX.2-P492,EVODEX.2-P675",67239189273283164141180845267701881349066054301114876606520660595675350094761
EVODEX.2-Bm228,[#6:1](-[#6:2]=[#8:5])-[#1].[#8:11]-[#15:4]-[#8:3]-[#1]>>[#6:1]=[#6:2]-[#8:3]-[#15:4]-[#8:5]-[#1].[#8:11]-[#1],"EVODEX.2-P1181,EVODEX.2-P2372,EVODEX.2-P3939,EVODEX.2-P870",103369146825055142840056764509229636763446363958253458793425483602240522225651
EVODEX.2-Bm233,[#6:1]-[#8:50].[#15:51]-[#8:45]>>[#6:1]-[#7].[#8:45]-[#1].[#15:51]-[#8:50],"EVODEX.2-P1243,EVODEX.2-P3215,EVODEX.2-P3440,EVODEX.2-P915",59121115124225603536368016083781737053396804118543180137843614896324509311598
EVODEX.2-Bm253,[#6:1]-[#7].[#8:55]-[#1].[#15:56]-[#8:2]>>[#6:1]-[#8:2].[#8:55]-[#15:56],"EVODEX.2-P1586,EVODEX.2-P2410,EVODEX.2-P3520,EVODEX.2-P3863",74874620436577205198788189148793078757113081577504488033829237455629893262923
EVODEX.2-Bm264,[#6:98](-[#8:97]-[#1])(-[#1])-[#1]>>[#6:98](=[#8:97])-[#16],"EVODEX.2-P2055,EVODEX.2-P2433,EVODEX.2-P3372,EVODEX.2-P3909",84487557160050164217706769232169521061336165634775013137864024890362712073955
EVODEX.2-Bm26,[#16:2]-[#1].[#6:1]-[#1].[#6:66]1:[#6:71]:[#6:70]:[#6:69]:[#7&+:68]:[#6:67]:1>>[#6:1]-[#16:2].[#6:66]1=[#6:67]-[#7:68]-[#6:69]=[#6:70]-[#6:71]-1-[#1],"EVODEX.2-P2161,EVODEX.2-P2436,EVODEX.2-P27",30347257470267993681994637053047742149382701765286361592483294009614977470181
EVODEX.2-Bm56,[#7:11]-[#6].[#8:18]-[#1]>>[#7:11]-[#1].[#8:18]-[#15],"EVODEX.2-P447,EVODEX.2-P558,EVODEX.2-P62",94398254781180531953449159564841328373908737529042599980209768055160052724322
EVODEX.2-Bm205,[#6:49]-[#16:1].[#8:80]-[#1].[#15:81]-[#8:50]>>[#16:1]-[#1].[#6:49]-[#8:50].[#8:80]-[#15:81],"EVODEX.2-P1315,EVODEX.2-P1581,EVODEX.2-P633",66556805636868879362505521014632153700512410015551279401580546747805137011526
EVODEX.2-Bm210,[#6:124]1=[#6:129]-[#7:128]-[#6:127]=[#6:126]-[#6:125]-1-[#1].[#6:49](=[#8:50])-[#16:1]>>[#16:1]-[#1].[#6:49](-[#8:50]-[#1])(-[#1])-[#1].[#6:124]1:[#6:125]:[#6:126]:[#6:127]:[#7&+:128]:[#6:129]:1,"EVODEX.2-P1145,EVODEX.2-P2092,EVODEX.2-P674",79522841633500240696825770245506457225878511520670340939124295284416637837597
EVODEX.2-Bm215,[#6:49]-[#16].[#6:53]1=[#6:58]-[#7:57]-[#6:56]=[#6:55]-[#6:54]-1-[#1]>>[#6:49]-[#1].[#6:53]1:[#6:54]:[#6:55]:[#6:56]:[#7&+:57]:[#6:58]:1,"EVODEX.2-P1631,EVODEX.2-P3976,EVODEX.2-P713",2532876772321091684519738132174341051054410662274707122852004796229296565602
EVODEX.2-Bm232,[#6:1]-[#8:53].[#7:2]-[#1].[#15:54]-[#8:44]>>[#6:1]-[#7:2].[#8:44]-[#1].[#15:54]-[#8:53],"EVODEX.2-P1427,EVODEX.2-P2987,EVODEX.2-P899",32755935805076851349566145825411312170232246579518699697874807533664001589217
EVODEX.2-Bm242,[#16:99]-[#1].[#6:98](-[#8:97]-[#1])(-[#1])-[#1]>>[#16:99]-[#6:98]=[#8:97],"EVODEX.2-P1080,EVODEX.2-P2618,EVODEX.2-P3373",49466800786807323632473964650276489851529871608426788085606495454939328335144
EVODEX.2-Bm273,([#8:3]-[#1].[#8:1]-[#6:2])>>([#8:1]-[#1].[#8:3]-[#6:2]),"EVODEX.2-P3386,EVODEX.2-P3581,EVODEX.2-P3624",100325397024846378507899447603109404122953250711870773045499226796188473499307
EVODEX.2-Bm226,[#6:49](=[#8:50])-[#16:1]>>[#16:1]-[#1].[#6:49](-[#8:50]-[#1])(-[#1])-[#1],"EVODEX.2-P2778,EVODEX.2-P850",59369940982469838734575821426465037434830432152093790219055833774577724221892
EVODEX.2-Bm236,[#6:114]1=[#6:119]-[#7:118]-[#6:117]=[#6:116]-[#6:115]-1-[#1].[#6:49](=[#8:50])-[#16]>>[#6:49](-[#8:50]-[#1])(-[#1])-[#1].[#6:114]1:[#6:115]:[#6:116]:[#6:117]:[#7&+:118]:[#6:119]:1,"EVODEX.2-P2754,EVODEX.2-P954",74858610651026392815042250519628090161262525127178670409787462975091494900244
EVODEX.2-Bm238,[#6:2]=[#8:1].[#8:3]-[#1]>>[#6:2](-[#8:1]-[#1])-[#8:3],"EVODEX.2-P1020,EVODEX.2-P3737",50512085741767849371019085913494498435275467218159022015931425706869629082016
EVODEX.2-Bm240,([#8:2]-[#1].[#8:1]-[#6:3](-[#8:4]-[#1])-[#1])>>([#8:4]=[#6:3]-[#8:2].[#8:1]-[#1]),"EVODEX.2-P1063,EVODEX.2-P2856",1535002289074178757345674235661892753745184432606657776306737714376643297867
EVODEX.2-Bm254,[#16:2]-[#1].[#6:1]-[#8:79].[#15:80]-[#8:70]>>[#6:1]-[#16:2].[#8:70]-[#1].[#15:80]-[#8:79],"EVODEX.2-P1590,EVODEX.2-P1991",82626222412609917610802329480482935338895710323068338876211291395576539666236
EVODEX.2-Bm259,[#16:99]-[#1].[#6:98](-[#8:97]-[#1])(-[#1])-[#1].[#6:49]1:[#6:54]:[#6:53]:[#6:52]:[#7&+:51]:[#6:50]:1>>[#6:49]1=[#6:50]-[#7:51]-[#6:52]=[#6:53]-[#6:54]-1-[#1].[#6:98](=[#8:97])-[#16:99],"EVODEX.2-P1743,EVODEX.2-P2616",92298764990428649289184639988029085649043895976647128676802346228241027347078
EVODEX.2-Bm261,[#16:1]-[#6:30].[#6:40]1=[#6:45]-[#7:44]-[#6:43]=[#6:42]-[#6:41]-1-[#1]>>[#16:1]-[#1].[#6:30]-[#1].[#6:40]1:[#6:41]:[#6:42]:[#6:43]:[#7&+:44]:[#6:45]:1,"EVODEX.2-P1804,EVODEX.2-P3205",44281915211698050592313925831404878691522590086873238815113412623082925194642
EVODEX.2-Bm267,[#7:11]-[#6:1].[#8:18]-[#1].[#15:19]-[#8:2]>>[#6:1]-[#8:2].[#7:11]-[#1].[#8:18]-[#15:19],"EVODEX.2-P2204,EVODEX.2-P2637",23929060342628239236012813688182254552162627850012882832766880709975008602544
EVODEX.2-Bm76,[#6:1]-[#1].[#6:55]1:[#6:60]:[#6:59]:[#6:58]:[#7&+:57]:[#6:56]:1>>[#6:1]-[#16].[#6:55]1=[#6:56]-[#7:57]-[#6:58]=[#6:59]-[#6:60]-1-[#1],EVODEX.2-P103,64373848499773106911514072315590934703521988021355829554463202437129108010118
EVODEX.2-Bm243,[#6:49]-[#16]>>[#6:49]-[#1],EVODEX.2-P1162,56329724608943460296276366628263686120497031629734790402593067634516425052790
EVODEX.2-Bm270,[#8:41]-[#1].[#8:42]-[#1]>>[#8:41]-[#8:42],EVODEX.2-P2916,76995951207216867003334807539740831405850181634689002641700399061140552866632
EVODEX.2-Bm271,[#6:1]-[#1]>>[#6:1]-[#16],EVODEX.2-P3302,44897318453444509907636007489585441798785317163620569167778490301701646601169
EVODEX.2-Bm272,[#6:1]-[#8:68].[#15:69]-[#8]>>[#6:1]-[#7].[#15:69]-[#8:68],EVODEX.2-P3331,24436923824379086041296844432747357527349137892233221319845055121788926730133
EVODEX.2-Bm274,[#6:1]-[#7].[#8:31]-[#1]>>[#6:1]-[#8].[#8:31]-[#15],EVODEX.2-P3521,103904031882093365387355066461766455437852495901150783084193607398845281518040
